-- phpMyAdmin SQL Dump
-- version 5.2.0
-- https://www.phpmyadmin.net/
--
-- Host: localhost
-- Generation Time: Dec 27, 2022 at 08:52 AM
-- Server version: 10.4.25-MariaDB
-- PHP Version: 7.4.30

SET SQL_MODE = "NO_AUTO_VALUE_ON_ZERO";
START TRANSACTION;
SET time_zone = "+00:00";


/*!40101 SET @OLD_CHARACTER_SET_CLIENT=@@CHARACTER_SET_CLIENT */;
/*!40101 SET @OLD_CHARACTER_SET_RESULTS=@@CHARACTER_SET_RESULTS */;
/*!40101 SET @OLD_COLLATION_CONNECTION=@@COLLATION_CONNECTION */;
/*!40101 SET NAMES utf8mb4 */;

--
-- Database: `course_batches`
--

-- --------------------------------------------------------

--
-- Table structure for table `advertisements`
--

CREATE TABLE `advertisements` (
  `id` bigint(20) UNSIGNED NOT NULL,
  `title` varchar(255) COLLATE utf8_unicode_ci NOT NULL,
  `thumbnail` varchar(255) COLLATE utf8_unicode_ci DEFAULT NULL,
  `file_id` int(11) DEFAULT NULL,
  `type` varchar(255) COLLATE utf8_unicode_ci NOT NULL COMMENT 'general,e_course,i_course,job',
  `description` text COLLATE utf8_unicode_ci DEFAULT NULL,
  `start_date` datetime NOT NULL,
  `end_date` datetime NOT NULL,
  `add_for` varchar(255) COLLATE utf8_unicode_ci DEFAULT NULL,
  `table_id` int(11) DEFAULT NULL,
  `link` text COLLATE utf8_unicode_ci NOT NULL,
  `age_start` int(11) DEFAULT NULL,
  `age_end` int(11) DEFAULT NULL,
  `owner_id` int(11) DEFAULT NULL,
  `user_id` int(11) DEFAULT NULL,
  `status` tinyint(4) NOT NULL DEFAULT 0,
  `created_at` timestamp NULL DEFAULT NULL,
  `updated_at` timestamp NULL DEFAULT NULL
) ENGINE=InnoDB DEFAULT CHARSET=utf8 COLLATE=utf8_unicode_ci;

--
-- Dumping data for table `advertisements`
--

INSERT INTO `advertisements` (`id`, `title`, `thumbnail`, `file_id`, `type`, `description`, `start_date`, `end_date`, `add_for`, `table_id`, `link`, `age_start`, `age_end`, `owner_id`, `user_id`, `status`, `created_at`, `updated_at`) VALUES
(34, 'cricket', NULL, NULL, 'general', '23', '2022-11-02 12:23:06', '2022-11-04 12:23:06', NULL, NULL, 'http://myaccount.localhost:3000/dashboard', NULL, NULL, NULL, 2, 0, '2022-06-21 04:35:48', '2022-06-21 04:35:48'),
(35, 'football', NULL, NULL, 'general', '23', '2022-11-03 12:24:29', '2022-11-08 12:24:29', NULL, NULL, 'http://myaccount.localhost:3000/dashboard', NULL, NULL, NULL, 2, 0, '2022-06-21 04:36:17', '2022-06-21 04:36:17'),
(36, 'chess', NULL, NULL, 'general', '23', '2022-11-10 12:24:52', '2022-11-12 12:24:52', NULL, NULL, 'http://myaccount.localhost:3000/dashboard', NULL, NULL, NULL, 2, 0, '2022-06-21 06:02:22', '2022-06-21 06:02:22'),
(37, 'carrom', NULL, NULL, 'general', '23', '2022-11-08 12:25:15', '2022-11-10 12:25:15', NULL, NULL, 'http://myaccount.localhost:3000/dashboard', NULL, NULL, NULL, 2, 0, '2022-06-21 06:02:47', '2022-06-21 06:02:47'),
(38, 'soccer', NULL, NULL, 'general', '23', '2022-11-10 12:25:54', '2022-11-13 12:25:54', NULL, NULL, 'http://myaccount.localhost:3000/dashboard', NULL, NULL, NULL, 2, 0, '2022-06-21 06:03:17', '2022-06-21 06:03:17'),
(39, 'badminton', NULL, NULL, 'general', '23', '2022-11-02 12:26:23', '2022-11-10 12:26:23', NULL, NULL, 'http://myaccount.localhost:3000/dashboard', NULL, NULL, NULL, 2, 0, '2022-06-21 06:05:29', '2022-06-21 06:05:29'),
(40, 'hadudu', NULL, NULL, 'general', '23', '2022-11-10 12:27:57', '2022-11-15 12:27:57', NULL, NULL, 'http://myaccount.localhost:3000/dashboard', NULL, NULL, NULL, 2, 0, '2022-06-21 06:05:54', '2022-06-21 06:05:54'),
(41, 'Billiards', NULL, NULL, '', NULL, '2022-12-14 10:07:44', '2022-12-14 10:07:44', NULL, NULL, '', NULL, NULL, NULL, NULL, 0, NULL, NULL),
(42, 'carom', NULL, NULL, '', NULL, '2022-12-14 10:07:44', '2022-12-14 10:07:44', NULL, NULL, '', NULL, NULL, NULL, NULL, 0, NULL, NULL),
(43, 'backgammon', NULL, NULL, '', NULL, '2022-12-14 10:28:14', '2022-12-14 10:28:14', NULL, NULL, '', NULL, NULL, NULL, NULL, 0, NULL, NULL),
(44, 'checkers', NULL, NULL, '', NULL, '2022-12-14 10:28:14', '2022-12-14 10:28:14', NULL, NULL, '', NULL, NULL, NULL, NULL, 0, NULL, NULL),
(45, 'chess', NULL, NULL, '', NULL, '2022-12-14 10:28:14', '2022-12-14 10:28:14', NULL, NULL, '', NULL, NULL, NULL, NULL, 0, NULL, NULL),
(46, 'Monopoly', NULL, NULL, '', NULL, '2022-12-14 10:28:14', '2022-12-14 10:28:14', NULL, NULL, '', NULL, NULL, NULL, NULL, 0, NULL, NULL),
(47, 'blackjack', NULL, NULL, '', NULL, '2022-12-14 10:28:14', '2022-12-14 10:28:14', NULL, NULL, '', NULL, NULL, NULL, NULL, 0, NULL, NULL),
(48, 'casino', NULL, NULL, '', NULL, '2022-12-14 10:28:14', '2022-12-14 10:28:14', NULL, NULL, '', NULL, NULL, NULL, NULL, 0, NULL, NULL),
(49, 'Ludo', NULL, NULL, '', NULL, '2022-12-14 10:28:14', '2022-12-14 10:28:14', NULL, NULL, '', NULL, NULL, NULL, NULL, 0, NULL, NULL),
(50, 'Assassin’s Creed', NULL, NULL, '', NULL, '2022-12-14 10:28:14', '2022-12-14 10:28:14', NULL, NULL, '', NULL, NULL, NULL, NULL, 0, NULL, NULL),
(51, 'Call of Duty', NULL, NULL, '', NULL, '2022-12-14 10:28:14', '2022-12-14 10:28:14', NULL, NULL, '', NULL, NULL, NULL, NULL, 0, NULL, NULL),
(52, 'Far Cry', NULL, NULL, '', NULL, '2022-12-14 10:28:14', '2022-12-14 10:28:14', NULL, NULL, '', NULL, NULL, NULL, NULL, 0, NULL, NULL),
(53, 'FIFA', NULL, NULL, '', NULL, '2022-12-14 10:28:14', '2022-12-14 10:28:14', NULL, NULL, '', NULL, NULL, NULL, NULL, 0, NULL, NULL),
(54, 'Grand Theft Auto', NULL, NULL, '', NULL, '2022-12-14 10:28:14', '2022-12-14 10:28:14', NULL, NULL, '', NULL, NULL, NULL, NULL, 0, NULL, NULL),
(55, 'Pac-Man', NULL, NULL, '', NULL, '2022-12-14 10:28:14', '2022-12-14 10:28:14', NULL, NULL, '', NULL, NULL, NULL, NULL, 0, NULL, NULL),
(56, 'PUBG', NULL, NULL, '', NULL, '2022-12-14 10:28:14', '2022-12-14 10:28:14', NULL, NULL, '', NULL, NULL, NULL, NULL, 0, NULL, NULL),
(57, 'SimCity', NULL, NULL, '', NULL, '2022-12-14 10:28:14', '2022-12-14 10:28:14', NULL, NULL, '', NULL, NULL, NULL, NULL, 0, NULL, NULL),
(58, 'Prince of Persia', NULL, NULL, '', NULL, '2022-12-14 10:28:14', '2022-12-14 10:28:14', NULL, NULL, '', NULL, NULL, NULL, NULL, 0, NULL, NULL),
(59, 'dominoes', NULL, NULL, '', NULL, '2022-12-14 10:28:14', '2022-12-14 10:28:14', NULL, NULL, '', NULL, NULL, NULL, NULL, 0, NULL, NULL),
(60, 'pinball', NULL, NULL, '', NULL, '2022-12-14 10:28:14', '2022-12-14 10:28:14', NULL, NULL, '', NULL, NULL, NULL, NULL, 0, NULL, NULL);

-- --------------------------------------------------------

--
-- Table structure for table `advertisement_categories`
--

CREATE TABLE `advertisement_categories` (
  `advertisement_id` int(11) NOT NULL,
  `advertisement_category_id` int(11) NOT NULL
) ENGINE=InnoDB DEFAULT CHARSET=utf8mb4;

--
-- Dumping data for table `advertisement_categories`
--

INSERT INTO `advertisement_categories` (`advertisement_id`, `advertisement_category_id`) VALUES
(35, 1),
(35, 2),
(35, 3),
(36, 2),
(36, 3),
(37, 1),
(37, 2),
(38, 1),
(38, 2),
(38, 3),
(39, 1),
(39, 3),
(40, 2),
(41, 2),
(41, 3),
(42, 1),
(42, 3),
(43, 1),
(43, 2),
(58, 1),
(58, 10),
(58, 14),
(57, 2),
(57, 4),
(57, 7),
(57, 11),
(56, 10),
(56, 11),
(56, 12),
(56, 13),
(55, 2),
(55, 5),
(55, 6),
(55, 8),
(54, 5),
(54, 8),
(54, 9),
(54, 11),
(54, 5),
(53, 2),
(53, 9),
(53, 6),
(53, 3),
(56, 8),
(56, 11),
(56, 12),
(56, 14),
(55, 2),
(55, 6),
(55, 7),
(55, 13),
(54, 3),
(53, 4),
(52, 4),
(52, 10),
(51, 11),
(51, 12),
(51, 13),
(51, 14),
(50, 1),
(50, 5),
(50, 6),
(50, 9),
(49, 5),
(49, 6),
(49, 10),
(49, 11),
(48, 1),
(47, 8),
(47, 11),
(46, 12),
(46, 13),
(46, 14),
(45, 1),
(45, 2),
(45, 4),
(45, 5),
(45, 7),
(45, 8),
(44, 11),
(44, 10),
(44, 9),
(44, 8),
(59, 3),
(60, 6),
(60, 7),
(60, 8),
(60, 9),
(60, 11);

-- --------------------------------------------------------

--
-- Table structure for table `ad_target_people_area`
--

CREATE TABLE `ad_target_people_area` (
  `advertisement_id` int(11) NOT NULL,
  `division_id` int(11) NOT NULL,
  `district_id` int(11) NOT NULL,
  `sub_district_id` int(11) NOT NULL
) ENGINE=InnoDB DEFAULT CHARSET=utf8mb4;

--
-- Dumping data for table `ad_target_people_area`
--

INSERT INTO `ad_target_people_area` (`advertisement_id`, `division_id`, `district_id`, `sub_district_id`) VALUES
(35, 7, 23, 1),
(36, 2, 10, 1),
(37, 5, 1, 1),
(37, 9, 22, 11),
(37, 3, 2, 23),
(37, 9, 22, 11),
(37, 3, 2, 23),
(37, 4, 11, 21),
(37, 7, 21, 13),
(37, 5, 21, 17),
(37, 1, 15, 10),
(37, 9, 14, 13);

-- --------------------------------------------------------

--
-- Table structure for table `ad_target_people_district`
--

CREATE TABLE `ad_target_people_district` (
  `advertisement_id` int(11) NOT NULL,
  `district_id` int(11) NOT NULL
) ENGINE=InnoDB DEFAULT CHARSET=utf8 COLLATE=utf8_unicode_ci;

--
-- Dumping data for table `ad_target_people_district`
--

INSERT INTO `ad_target_people_district` (`advertisement_id`, `district_id`) VALUES
(34, 1),
(34, 2),
(34, 5),
(34, 6),
(34, 7),
(34, 11),
(34, 12),
(35, 2),
(35, 7),
(35, 3),
(35, 4),
(35, 9),
(35, 18),
(35, 13),
(36, 7),
(36, 9),
(36, 11),
(36, 15),
(36, 17),
(36, 14),
(36, 24),
(36, 22),
(36, 20),
(36, 10),
(36, 14),
(37, 2),
(37, 6),
(37, 12),
(37, 19),
(37, 17),
(37, 14),
(37, 11),
(38, 2),
(38, 6),
(38, 7),
(38, 8),
(38, 19),
(38, 16),
(39, 1),
(39, 2),
(39, 5),
(39, 7),
(39, 8),
(39, 11),
(39, 21),
(39, 23),
(39, 24),
(39, 25),
(40, 25),
(40, 21),
(40, 20),
(40, 19),
(40, 18),
(41, 1),
(41, 5),
(41, 7),
(41, 8),
(41, 11),
(41, 21),
(42, 5),
(42, 7),
(42, 9),
(42, 10),
(42, 13),
(42, 23),
(43, 22),
(43, 13),
(43, 6),
(43, 9),
(43, 12),
(43, 17),
(44, 6),
(44, 8),
(44, 9),
(44, 10),
(44, 11),
(44, 15),
(44, 17),
(45, 8),
(45, 9),
(45, 10),
(45, 11),
(45, 25),
(45, 23),
(45, 6),
(46, 1),
(46, 3),
(46, 5),
(46, 11),
(46, 17),
(46, 18),
(47, 10),
(47, 11),
(47, 15),
(47, 18),
(47, 19),
(47, 21),
(47, 22),
(47, 23),
(47, 25),
(48, 4),
(48, 5),
(48, 7),
(48, 8),
(48, 9),
(48, 10),
(48, 11),
(48, 15),
(49, 1),
(49, 2),
(49, 3),
(49, 4),
(49, 5),
(49, 11),
(49, 12),
(49, 17),
(50, 18),
(50, 11),
(50, 2),
(50, 3),
(50, 5),
(50, 7),
(50, 10),
(50, 21),
(50, 22),
(50, 25),
(51, 12),
(51, 14),
(51, 15),
(51, 17),
(51, 18),
(51, 20),
(51, 22),
(51, 25),
(51, 21),
(51, 22),
(52, 11),
(52, 12),
(52, 15),
(52, 16),
(52, 17),
(52, 21),
(53, 23),
(53, 21),
(53, 11),
(53, 12),
(53, 6),
(53, 4),
(53, 3),
(53, 1),
(53, 16),
(54, 1),
(54, 5),
(54, 7),
(54, 8),
(54, 11),
(54, 13),
(54, 15),
(54, 25),
(55, 7),
(55, 8),
(55, 9),
(55, 11),
(55, 12),
(55, 14),
(55, 15),
(55, 22),
(56, 4),
(56, 6),
(56, 7),
(56, 8),
(56, 9),
(56, 10),
(56, 11),
(56, 12),
(56, 13),
(56, 14),
(56, 18),
(56, 21),
(56, 22),
(56, 25),
(57, 12),
(57, 13),
(57, 15),
(57, 18),
(57, 21),
(57, 22),
(57, 23),
(57, 24),
(57, 25),
(58, 1),
(58, 4),
(58, 5),
(58, 11),
(58, 17),
(58, 18),
(58, 21),
(58, 22),
(58, 23),
(58, 24),
(58, 25);

-- --------------------------------------------------------

--
-- Table structure for table `ad_target_people_division`
--

CREATE TABLE `ad_target_people_division` (
  `advertisement_id` int(11) NOT NULL,
  `division_id` int(11) NOT NULL
) ENGINE=InnoDB DEFAULT CHARSET=utf8 COLLATE=utf8_unicode_ci;

--
-- Dumping data for table `ad_target_people_division`
--

INSERT INTO `ad_target_people_division` (`advertisement_id`, `division_id`) VALUES
(34, 1),
(34, 3),
(35, 5),
(35, 6),
(35, 9),
(36, 1),
(36, 2),
(36, 4),
(37, 2),
(38, 2),
(38, 5),
(38, 6),
(39, 1),
(39, 2),
(39, 3),
(39, 5),
(40, 1),
(41, 6),
(41, 7),
(42, 9),
(42, 7),
(42, 3),
(43, 5),
(43, 6),
(43, 4),
(44, 9),
(44, 7),
(44, 6),
(44, 5),
(44, 4),
(45, 1),
(45, 3),
(45, 2),
(45, 3),
(46, 4),
(46, 7),
(46, 9),
(47, 9),
(48, 6),
(49, 5),
(49, 7),
(50, 4),
(51, 5),
(51, 6),
(52, 4),
(53, 9),
(53, 7),
(54, 6),
(55, 5),
(55, 4),
(55, 1),
(56, 3),
(56, 2),
(57, 3),
(57, 4),
(57, 7),
(57, 9),
(58, 9),
(58, 6),
(58, 5),
(58, 7),
(58, 4);

-- --------------------------------------------------------

--
-- Table structure for table `ad_target_people_profession`
--

CREATE TABLE `ad_target_people_profession` (
  `advertisement_id` int(11) NOT NULL,
  `ad_target_people_profession_id` int(11) NOT NULL
) ENGINE=InnoDB DEFAULT CHARSET=utf8mb4;

--
-- Dumping data for table `ad_target_people_profession`
--

INSERT INTO `ad_target_people_profession` (`advertisement_id`, `ad_target_people_profession_id`) VALUES
(35, 2),
(35, 3),
(40, 2),
(34, 2),
(34, 3),
(36, 2),
(36, 3),
(37, 2),
(37, 3),
(38, 7),
(38, 1),
(39, 1),
(39, 6),
(41, 1),
(41, 21),
(42, 4),
(42, 5),
(42, 11),
(42, 14),
(42, 15),
(43, 6),
(43, 8),
(43, 11),
(43, 18),
(43, 21),
(44, 1),
(45, 9),
(46, 2),
(46, 9),
(47, 10),
(47, 11),
(48, 11),
(48, 12),
(48, 13),
(48, 14),
(48, 15),
(49, 14),
(50, 11),
(50, 12),
(50, 15),
(50, 19),
(50, 21),
(51, 4),
(51, 5),
(51, 6),
(51, 9),
(51, 11),
(52, 12),
(52, 13),
(52, 14),
(52, 16),
(52, 21),
(53, 11),
(53, 12),
(53, 19),
(53, 20),
(53, 21),
(54, 11),
(55, 6),
(55, 8),
(55, 10),
(56, 11),
(56, 1),
(56, 2),
(56, 4),
(57, 9),
(58, 5),
(58, 16),
(58, 19),
(58, 21),
(59, 21),
(60, 11),
(60, 18),
(60, 19),
(60, 20),
(60, 21);

-- --------------------------------------------------------

--
-- Table structure for table `categories`
--

CREATE TABLE `categories` (
  `id` int(10) UNSIGNED NOT NULL,
  `title` varchar(191) COLLATE utf8mb4_unicode_ci NOT NULL,
  `bn_title` varchar(191) COLLATE utf8mb4_unicode_ci NOT NULL,
  `image` varchar(191) COLLATE utf8mb4_unicode_ci DEFAULT NULL,
  `status` tinyint(4) DEFAULT NULL,
  `favourite` tinyint(1) DEFAULT NULL,
  `order_number` int(11) DEFAULT NULL,
  `parent_id` int(10) UNSIGNED DEFAULT NULL,
  `created_by` int(10) UNSIGNED DEFAULT NULL,
  `updated_by` int(10) UNSIGNED DEFAULT NULL,
  `deleted_at` timestamp NULL DEFAULT NULL,
  `created_at` timestamp NULL DEFAULT NULL,
  `updated_at` timestamp NULL DEFAULT NULL
) ENGINE=InnoDB DEFAULT CHARSET=utf8mb4 COLLATE=utf8mb4_unicode_ci;

--
-- Dumping data for table `categories`
--

INSERT INTO `categories` (`id`, `title`, `bn_title`, `image`, `status`, `favourite`, `order_number`, `parent_id`, `created_by`, `updated_by`, `deleted_at`, `created_at`, `updated_at`) VALUES
(1, 'Education', 'শিক্ষা', '5d63851c6d0cd.png', 1, 1, 2, NULL, NULL, NULL, NULL, '2019-03-18 11:34:59', '2019-09-08 23:01:27'),
(2, 'Agriculture', 'কৃষি', '5d6385ef3015d.png', 1, 1, 2, NULL, NULL, NULL, NULL, '2019-03-18 12:37:31', '2019-08-26 23:10:39'),
(3, 'IT', 'তথ্যপ্রযুক্তি', '5d6385a9ef6b3.png', 1, 1, 1, NULL, NULL, NULL, NULL, '2019-03-18 12:39:48', '2019-09-08 23:00:49'),
(4, 'Skill Development', 'দক্ষতা উন্নয়ন', '5d638796926c5.png', 1, 1, 4, NULL, NULL, NULL, NULL, '2019-03-18 12:41:05', '2019-08-26 23:17:42'),
(5, 'Health', 'স্বাস্থ্য', '5d6386cb8a125.png', 0, 0, 5, NULL, NULL, NULL, NULL, '2019-04-24 06:43:33', '2019-08-26 23:14:19'),
(6, 'Freelancing', 'ফ্রিল্যান্সিং', '5d63875892659.png', 0, 0, 6, NULL, NULL, NULL, NULL, '2019-04-24 06:59:23', '2019-08-26 23:16:40'),
(7, 'Entrepreneurship', 'আত্মকর্মসংস্থান', '5d638c5d34d93.png', 1, 1, 7, NULL, NULL, NULL, NULL, '2019-04-24 07:05:14', '2019-08-26 23:38:05'),
(8, 'Math', 'গণিত', '5d6387e3a4074.png', 0, 0, 8, NULL, NULL, NULL, NULL, '2019-04-24 07:16:12', '2022-01-02 00:12:34'),
(9, 'Personal Development', 'ব্যক্তিগত উন্নয়ন', '5d638ddfb42e0.png', 1, 1, 9, NULL, NULL, NULL, NULL, '2019-04-24 08:48:38', '2019-08-26 23:44:31'),
(10, 'Training', 'প্রশিক্ষণ', '5da812bc2d51f.png', 1, NULL, 10, NULL, NULL, NULL, NULL, '2019-10-14 01:33:48', '2019-10-17 23:05:32'),
(11, 'Journalism', 'সাংবাদিকতা', '5ddcc29c3b174.png', 1, NULL, 11, NULL, NULL, NULL, NULL, '2019-11-26 23:13:48', '2019-11-26 23:13:48'),
(12, 'Overseas Employment', 'বৈদেশিক কর্মসংস্থান', '5e156373303d1.png', 1, NULL, 12, NULL, NULL, NULL, NULL, '2020-01-08 22:06:59', '2020-01-08 22:06:59'),
(14, 'science', 'বিজ্ঞান', 'dXNlci0xL2ltYWdlLTEtMTY0MzcwMTk0Ng==&png', 0, 1, 0, NULL, NULL, NULL, NULL, '2022-02-09 04:55:56', '2022-04-06 02:54:38');

-- --------------------------------------------------------

--
-- Table structure for table `course_tags`
--

CREATE TABLE `course_tags` (
  `id` int(10) UNSIGNED NOT NULL,
  `course_id` int(10) UNSIGNED NOT NULL,
  `tag_id` int(10) UNSIGNED NOT NULL,
  `created_at` timestamp NULL DEFAULT NULL,
  `updated_at` timestamp NULL DEFAULT NULL
) ENGINE=InnoDB DEFAULT CHARSET=utf8mb4 COLLATE=utf8mb4_unicode_ci;

-- --------------------------------------------------------

--
-- Table structure for table `customer_packages`
--

CREATE TABLE `customer_packages` (
  `id` bigint(20) UNSIGNED NOT NULL,
  `package_id` bigint(20) UNSIGNED DEFAULT NULL,
  `user_id` int(10) UNSIGNED NOT NULL,
  `owner_id` int(10) UNSIGNED NOT NULL,
  `created_at` timestamp NULL DEFAULT NULL,
  `updated_at` timestamp NULL DEFAULT NULL
) ENGINE=InnoDB DEFAULT CHARSET=utf8 COLLATE=utf8_unicode_ci;

--
-- Dumping data for table `customer_packages`
--

INSERT INTO `customer_packages` (`id`, `package_id`, `user_id`, `owner_id`, `created_at`, `updated_at`) VALUES
(1, 1, 2, 2, '2022-06-08 04:13:37', '2022-06-08 04:13:37'),
(2, 1, 2, 2, '2022-06-22 05:54:38', '2022-06-22 05:54:38');

-- --------------------------------------------------------

--
-- Table structure for table `degrees`
--

CREATE TABLE `degrees` (
  `id` int(10) UNSIGNED NOT NULL,
  `title` varchar(191) COLLATE utf8mb4_unicode_ci NOT NULL,
  `bn_title` varchar(255) COLLATE utf8mb4_unicode_ci DEFAULT NULL,
  `weight` tinyint(4) DEFAULT NULL,
  `order` tinyint(4) DEFAULT NULL,
  `status` tinyint(4) DEFAULT NULL,
  `education_level_id` int(10) UNSIGNED DEFAULT NULL,
  `created_by` int(10) UNSIGNED DEFAULT NULL,
  `updated_by` int(10) UNSIGNED DEFAULT NULL,
  `deleted_at` timestamp NULL DEFAULT NULL,
  `created_at` timestamp NULL DEFAULT NULL,
  `updated_at` timestamp NULL DEFAULT NULL
) ENGINE=InnoDB DEFAULT CHARSET=utf8mb4 COLLATE=utf8mb4_unicode_ci;

--
-- Dumping data for table `degrees`
--

INSERT INTO `degrees` (`id`, `title`, `bn_title`, `weight`, `order`, `status`, `education_level_id`, `created_by`, `updated_by`, `deleted_at`, `created_at`, `updated_at`) VALUES
(1, 'PSC', 'পিএসসি', NULL, NULL, NULL, 1, NULL, NULL, NULL, NULL, '2022-05-09 06:39:38'),
(2, 'Ebtedayee (Madrasah)', 'এবতেদায়ী (মাদ্রাসা)', NULL, NULL, NULL, 1, NULL, NULL, NULL, NULL, '2022-05-09 06:39:04'),
(3, '5 Pass', '৫ পাস', NULL, NULL, NULL, 1, NULL, NULL, NULL, NULL, '2022-05-09 06:38:37'),
(4, 'Other', NULL, NULL, NULL, NULL, 1, NULL, NULL, NULL, NULL, NULL),
(5, 'JSC', 'জেএসসি', NULL, NULL, NULL, 2, NULL, NULL, NULL, NULL, '2022-05-09 06:37:05'),
(6, 'JDC (Madrasah)', 'জেডিসি (মাদ্রাসা)', NULL, NULL, NULL, 2, NULL, NULL, NULL, NULL, '2022-05-09 06:22:20'),
(7, '8 Pass', '৮ পাস', NULL, NULL, NULL, 2, NULL, NULL, NULL, NULL, '2022-05-09 06:21:51'),
(8, 'Other', NULL, NULL, NULL, NULL, 2, NULL, NULL, NULL, NULL, NULL),
(9, 'SSC', 'এসএসসি', NULL, NULL, NULL, 3, NULL, NULL, NULL, NULL, '2022-05-09 06:21:15'),
(10, 'O Level', 'ও লেভেল', NULL, NULL, NULL, 3, NULL, NULL, NULL, NULL, '2022-05-09 06:20:58'),
(11, 'Dakhil (Madrasah)', 'দাখিল (মাদ্রাসা)', NULL, NULL, NULL, 3, NULL, NULL, NULL, NULL, '2022-05-09 06:20:36'),
(12, 'SSC (Vocational)', 'এসএসসি (ভোকেশনাল)', NULL, NULL, NULL, 3, NULL, NULL, NULL, NULL, '2022-05-09 06:19:50'),
(14, 'Other', NULL, NULL, NULL, NULL, 3, NULL, NULL, NULL, NULL, NULL),
(15, '	\r\nHSC ', '	এইসএসসি', NULL, NULL, NULL, 4, NULL, NULL, NULL, NULL, '2022-05-09 06:18:37'),
(16, 'A Level', 'এ লেভেল', NULL, NULL, NULL, 4, NULL, NULL, NULL, NULL, '2022-05-09 06:18:14'),
(17, 'Alim (Madrasah)', 'আলিম (মাদ্রাসা)', NULL, NULL, NULL, 4, NULL, NULL, NULL, NULL, '2022-05-09 06:17:40'),
(18, 'HSC (Vocational)', ' এইসএসসি (ভোকেশনাল)', NULL, NULL, NULL, 4, NULL, NULL, NULL, NULL, '2022-05-09 06:14:56'),
(20, 'Other', NULL, NULL, NULL, NULL, 4, NULL, NULL, NULL, NULL, NULL),
(21, 'Diploma in Engineering', 'ডিপ্লোমা ইন ইঞ্জিনিয়ারিং', NULL, NULL, NULL, 5, NULL, NULL, NULL, NULL, '2022-05-09 06:11:25'),
(22, 'Diploma in Medical Technology', 'ডিপ্লোমা ইন মেডিকেল টেকনোলজি', NULL, NULL, NULL, 5, NULL, NULL, NULL, NULL, '2022-05-09 06:10:35'),
(23, 'Diploma in Nursing', 'ডিপ্লোমা ইন নার্সিং', NULL, NULL, NULL, 5, NULL, NULL, NULL, NULL, '2022-05-09 06:10:06'),
(24, 'Diploma in Commerce', 'ডিপ্লোমা ইন কমার্স', NULL, NULL, NULL, 5, NULL, NULL, NULL, NULL, '2022-05-09 06:09:36'),
(27, 'Diploma in Business Studies', 'ডিপ্লোমা ইন বিসনেস স্টাডিস', NULL, NULL, NULL, 5, NULL, NULL, NULL, NULL, '2022-05-09 06:08:39'),
(28, 'Post Graduate Diploma (PGD)', 'পোস্ট গ্রাজুয়েট ডিপ্লোমা (পি জি ডি)', NULL, NULL, NULL, 5, NULL, NULL, NULL, NULL, '2022-05-09 06:08:15'),
(29, 'Diploma in Pathology', 'ডিপ্লোমা ইন প্যাথলজি', NULL, NULL, NULL, 5, NULL, NULL, NULL, NULL, '2022-05-09 06:07:39'),
(30, 'Diploma (Vocational)', 'ডিপ্লোমা (ভোকেশনাল)', NULL, NULL, NULL, 5, NULL, NULL, NULL, NULL, '2022-05-09 06:07:05'),
(31, 'Diploma in Hotel Management', 'ডিপ্লোমা ইন হোটেল ম্যানেজমেন্ট', NULL, NULL, NULL, 5, NULL, NULL, NULL, NULL, '2022-05-09 06:05:49'),
(32, 'Other', NULL, NULL, NULL, NULL, 5, NULL, NULL, NULL, NULL, NULL),
(33, 'Bachelor of Science (BSc)', 'ব্যাচেলর অফ সাইন্স (বি এস সি)', NULL, NULL, NULL, 6, NULL, NULL, NULL, NULL, '2022-05-09 06:05:22'),
(34, 'Bachelor of Arts (BA)', 'ব্যাচেলর অফ আর্টস (বিএ )', NULL, NULL, NULL, 6, NULL, NULL, NULL, NULL, '2022-05-08 10:26:10'),
(35, 'Bachelor of Commerce (BCom)', 'ব্যাচেলর অফ কমার্স (বি কম)', NULL, NULL, NULL, 6, NULL, NULL, NULL, NULL, '2022-05-08 10:23:41'),
(36, 'Bachelor of Commerce (Pass)', 'ব্যাচেলর অফ কমার্স (পাস)', NULL, NULL, NULL, 6, NULL, NULL, NULL, NULL, '2022-05-08 10:21:52'),
(37, 'Bachelor of Business Administration (BBA)', 'ব্যাচেলর অফ বিসনেস অ্যাডমিনিস্ট্রেশন (বি বি এ)', NULL, NULL, NULL, 6, NULL, NULL, NULL, NULL, '2022-05-08 10:21:16'),
(38, 'Bachelor of Medicine and Bachelor of Surgery(MBBS)', 'ব্যাচেলর অফ মেডিসিন এন্ড ব্যাচেলর অফ সার্জারি(এম বি বি এস)', NULL, NULL, NULL, 6, NULL, NULL, NULL, NULL, '2022-05-08 10:20:35'),
(39, 'Bachelor of Dental Surgery (BDS)', 'ব্যাচেলর অফ ডেন্টাল সার্জারি (বি ডি এস)', NULL, NULL, NULL, 6, NULL, NULL, NULL, NULL, '2022-05-08 10:18:06'),
(40, 'Bachelor of Architecture (B.Arch)', 'ব্যাচেলর অফ আর্কিটেকচার (বি.আর্চ)', NULL, NULL, NULL, 6, NULL, NULL, NULL, NULL, '2022-05-08 10:07:41'),
(41, 'Bachelor of Pharmacy (B.Pharm)', 'ব্যাচেলর অফ ফার্মেসী (বি.ফার্ম)', NULL, NULL, NULL, 6, NULL, NULL, NULL, NULL, '2022-05-08 10:07:05'),
(42, 'Bachelor of Education (B.Ed)', NULL, NULL, NULL, NULL, 6, NULL, NULL, NULL, NULL, NULL),
(43, 'Bachelor of Education (B.Ed)', 'ব্যাচেলর অফ এডুকেশন (বি.ইডি)', NULL, NULL, NULL, 6, NULL, NULL, NULL, NULL, '2022-05-08 10:05:57'),
(44, 'Bachelor of Physical Education (BPEd)', 'ব্যাচেলর অফ ফিজিক্যাল এডুকেশন (বি পি ই ডি)', NULL, NULL, NULL, 6, NULL, NULL, NULL, NULL, '2022-05-08 10:02:03'),
(45, 'Bachelor of Law (LLB)', 'ব্যাচেলর অফ ল (এল এল বি)', NULL, NULL, NULL, 6, NULL, NULL, NULL, NULL, '2022-05-08 09:47:31'),
(46, 'Doctor of Veterinary Medicine (DVM)', 'ডাক্তার অফ ভেটেরিনারি মেডিসিন (ডি ভি এম)', NULL, NULL, NULL, 6, NULL, NULL, NULL, NULL, '2022-05-08 09:43:08'),
(47, 'Bachelor of Social Science (BSS)', 'ব্যাচেলর অফ সোশ্যাল সাইন্স (বি এস এস)', NULL, NULL, NULL, 6, NULL, NULL, NULL, NULL, '2022-05-08 09:41:54'),
(48, 'Bachelor of Fine Arts (B.F.A)', 'ব্যাচেলর অফ ফাইন আর্টস (বি.এফ.এ)', NULL, NULL, NULL, 6, NULL, NULL, NULL, NULL, '2022-05-08 09:38:40'),
(49, 'Bachelor of Business Studies (BBS)', 'ব্যাচেলর অফ বিসনেস স্টাডিস (বি বি এস)', NULL, NULL, NULL, 6, NULL, NULL, NULL, NULL, '2022-05-08 09:37:41'),
(50, 'Bachelor of Computer Application (BCA)', 'ব্যাচেলর অফ কম্পিউটার এপ্লিকেশন (বি সি এ)', NULL, NULL, NULL, 6, NULL, NULL, NULL, NULL, '2022-05-08 09:34:52'),
(51, 'Fazil (Madrasah)', 'ফাজিল (মাদ্রাসা)', NULL, NULL, NULL, 6, NULL, NULL, NULL, NULL, '2022-05-08 09:27:41'),
(52, 'Bachelor in Engineering (BEngg)', 'ব্যাচেলর ইন ইঞ্জিনিয়ারিং (বি ইঞ্জ)', NULL, NULL, NULL, 6, NULL, NULL, NULL, NULL, '2022-05-08 09:06:16'),
(53, 'Other', NULL, NULL, NULL, NULL, 6, NULL, NULL, NULL, NULL, NULL),
(54, 'Master of Science (MSc)', 'মাস্টার অফ সাইন্স (এম এস সি)', NULL, NULL, NULL, 7, NULL, NULL, NULL, NULL, '2022-04-12 03:14:52'),
(55, 'Master of Arts (MA)', 'মাস্টার অফ আর্টস (এম এ)', NULL, NULL, NULL, 7, NULL, NULL, NULL, NULL, '2022-04-12 03:14:24'),
(56, 'Master of Commerce (MCom)', NULL, NULL, NULL, NULL, 7, NULL, NULL, NULL, NULL, NULL),
(57, 'Master of Business Administration (MBA)', 'মাস্টার অফ বিসনেস অ্যাডমিনিস্ট্রেশন (এম বি এ)', NULL, NULL, NULL, 7, NULL, NULL, NULL, NULL, '2022-04-12 03:13:48'),
(58, 'Master of Architecture (M.Arch)', 'মাস্টার অফ আর্কিটেকচার (এম আর্চ)', NULL, NULL, NULL, 7, NULL, NULL, NULL, NULL, '2022-04-12 03:13:17'),
(59, 'Master of Pharmacy (M.Pharm)', 'মাস্টার অফ ফার্মেসী (এম ফার্মা)', NULL, NULL, NULL, 7, NULL, NULL, NULL, NULL, '2022-04-12 03:12:24'),
(60, 'Master of Education (M.Ed)', 'মাস্টার অফ এডুকেশন (এম ইডি)', NULL, NULL, NULL, 7, NULL, NULL, NULL, NULL, '2022-04-12 03:11:30'),
(61, 'Master of Law (LLM)', 'মাস্টার অফ ল (এল এল বি)', NULL, NULL, NULL, 7, NULL, NULL, NULL, NULL, '2022-04-12 03:10:50'),
(63, 'Master of Fine Arts (M.F.A)', 'মাস্টার অফ ফাইন আর্টস (এম এফ এ)', NULL, NULL, NULL, 7, NULL, NULL, NULL, NULL, '2022-04-12 03:09:33'),
(64, 'Master of Philosophy (M.Phil)', 'মাস্টার অফ ফিলোসফি (এম ফিল)', NULL, NULL, NULL, 7, NULL, NULL, NULL, NULL, '2022-04-12 03:08:49'),
(65, 'Master of Business Management (MBM)', 'মাস্টার অফ বিসনেস ম্যানেজমেন্ট (এম বি এম)', NULL, NULL, NULL, 7, NULL, NULL, NULL, NULL, '2022-04-12 03:07:54'),
(66, 'Master of Development Studies (MDS)', 'মাস্টার অফ ডেভেলপমেন্ট স্টাডিস (এম ডি এস)', NULL, NULL, NULL, 7, NULL, NULL, NULL, NULL, '2022-04-12 03:07:07'),
(67, 'Master of Business Studies (MBS)', 'মাস্টার অফ বিসনেস স্টাডিস (এম বি এস)', NULL, NULL, NULL, 7, NULL, NULL, NULL, NULL, '2022-04-12 03:06:12'),
(68, 'Masters in Computer Application (MCA)', 'মাস্টার্স ইন কম্পিউটার এপ্লিকেশন (এম সি এ)', NULL, NULL, NULL, 7, NULL, NULL, NULL, NULL, '2022-04-12 03:05:19'),
(69, 'Executive Master of Business Administration (EMBA)', 'এক্সেকিউটিভে মাস্টার অফ বিসনেস অ্যাডমিনিস্ট্রেশন(ই এম বি এ)', NULL, NULL, NULL, 7, NULL, NULL, NULL, NULL, '2022-04-12 03:04:41'),
(70, 'Fellowship of the College of Physicians and Surgeons (FCPS)', 'ফেলোশিপ অফ টি কলেজ অফ ফিজিসিয়ান্স এন্ড সুর্জনস(এফ সি পি এস)', NULL, NULL, NULL, 7, NULL, NULL, NULL, NULL, '2022-04-12 03:02:50'),
(71, 'Kamil (Madrasah)', 'কামিল (মাদ্রাসা)', NULL, NULL, NULL, 7, NULL, NULL, NULL, NULL, '2022-04-12 02:59:24'),
(72, 'Masters in Engineering (MEng)', 'মাস্টার্স ইন ইঞ্জিনিয়ারিং(এম ইং)', NULL, NULL, NULL, 7, NULL, NULL, NULL, NULL, '2022-04-12 02:58:50'),
(73, 'Masters in Bank Management (MBM)', 'মাস্টার্স ইন ব্যাঙ্ক ম্যানেজমেন্ট(এম বি এম)', NULL, NULL, NULL, 7, NULL, NULL, NULL, NULL, '2022-04-12 02:57:50'),
(74, 'Masters in Information Systems Security (MISS)', 'মাস্টার্স ইন ইনফরমেশন সিস্টেমস সিকিউরিটি(এম আই এস এস)', NULL, NULL, NULL, 7, NULL, NULL, NULL, NULL, '2022-04-12 02:57:03'),
(75, 'Master of Information & Communication Technology (MICT)', 'মাস্টার অফ ইনফরমেশন & কমিউনিকেশন টেকনোলজি(এম আই সি টি)', NULL, NULL, NULL, 7, NULL, NULL, NULL, NULL, '2022-04-12 02:56:09'),
(76, 'Other', NULL, NULL, NULL, NULL, 7, NULL, NULL, NULL, NULL, NULL);

-- --------------------------------------------------------

--
-- Table structure for table `disability_types`
--

CREATE TABLE `disability_types` (
  `id` bigint(20) UNSIGNED NOT NULL,
  `name` varchar(255) COLLATE utf8_unicode_ci NOT NULL,
  `name_bn` varchar(255) COLLATE utf8_unicode_ci NOT NULL,
  `created_at` timestamp NULL DEFAULT NULL,
  `updated_at` timestamp NULL DEFAULT NULL
) ENGINE=InnoDB DEFAULT CHARSET=utf8 COLLATE=utf8_unicode_ci;

--
-- Dumping data for table `disability_types`
--

INSERT INTO `disability_types` (`id`, `name`, `name_bn`, `created_at`, `updated_at`) VALUES
(1, 'autism or autism spectrum disorders', 'অটিজম বা অটিজমস্পেকট্রাম ডিজঅর্ডারস', NULL, NULL),
(2, 'physical disability', 'শারীরিক প্রতিবন্ধী', NULL, NULL),
(3, 'mental illness leading to disability', 'মানসিক অসুস্থতাজনিত প্রতিবন্ধিতা', NULL, NULL),
(4, 'visual disability', 'দৃষ্টি প্রতিবন্ধিতা', NULL, NULL),
(5, 'speech disability', 'বাক প্রতিবন্ধিতা', NULL, NULL),
(6, 'intellectual disability', 'বুদ্ধি প্রতিবন্ধিতা ', NULL, NULL),
(7, 'hearing disability', 'শ্রবণ প্রতিবন্ধিতা ', NULL, NULL),
(8, 'deaf-blindness', 'শ্রবণ-দৃষ্টিপ্রতিবন্ধিতা', NULL, NULL),
(9, 'cerebral palsy', 'সেরিব্রাল পালসি', NULL, NULL),
(10, 'down syndrome', 'ডাউন সিনড্রোম', NULL, NULL),
(11, 'multiple disbility', 'বহুমাত্রিক প্রতিবন্ধিতা', NULL, NULL),
(12, 'other disability', 'অন্যান্য প্রতিবন্ধিতা', NULL, NULL);

-- --------------------------------------------------------

--
-- Table structure for table `districts`
--

CREATE TABLE `districts` (
  `id` int(10) UNSIGNED NOT NULL,
  `name_eng` varchar(191) COLLATE utf8mb4_unicode_ci NOT NULL,
  `name_bng` varchar(191) COLLATE utf8mb4_unicode_ci NOT NULL,
  `status` tinyint(4) DEFAULT NULL,
  `division_id` int(10) UNSIGNED DEFAULT NULL,
  `latitude` varchar(191) COLLATE utf8mb4_unicode_ci DEFAULT NULL,
  `longitude` varchar(191) COLLATE utf8mb4_unicode_ci DEFAULT NULL,
  `created_by` int(10) UNSIGNED DEFAULT NULL,
  `updated_by` int(10) UNSIGNED DEFAULT NULL,
  `deleted_at` timestamp NULL DEFAULT NULL,
  `created_at` timestamp NULL DEFAULT NULL,
  `updated_at` timestamp NULL DEFAULT NULL
) ENGINE=InnoDB DEFAULT CHARSET=utf8mb4 COLLATE=utf8mb4_unicode_ci;

--
-- Dumping data for table `districts`
--

INSERT INTO `districts` (`id`, `name_eng`, `name_bng`, `status`, `division_id`, `latitude`, `longitude`, `created_by`, `updated_by`, `deleted_at`, `created_at`, `updated_at`) VALUES
(1, 'BARGUNA', 'বরগুনা', NULL, 1, '23.7115253', '90.4111451', NULL, NULL, NULL, NULL, NULL),
(2, 'BARISAL', 'বরিশাল', NULL, 1, NULL, NULL, NULL, NULL, NULL, NULL, NULL),
(3, 'BHOLA', 'ভোলা', NULL, 1, NULL, NULL, NULL, NULL, NULL, NULL, NULL),
(4, 'JHALOKATI', 'ঝালকাঠি', NULL, 1, NULL, NULL, NULL, NULL, NULL, NULL, NULL),
(5, 'PATUAKHALI', 'পটুয়াখালী ', NULL, 1, NULL, NULL, NULL, NULL, NULL, NULL, NULL),
(6, 'PIROJPUR', 'পিরোজপুর ', NULL, 1, NULL, NULL, NULL, NULL, NULL, NULL, NULL),
(7, 'BANDARBAN', 'বান্দরবান', NULL, 2, NULL, NULL, NULL, NULL, NULL, NULL, NULL),
(8, 'BRAHMANBARIA', 'ব্রাহ্মণবাড়িয়া', NULL, 2, NULL, NULL, NULL, NULL, NULL, NULL, NULL),
(9, 'CHANDPUR', 'চাঁদপুর', NULL, 2, NULL, NULL, NULL, NULL, NULL, NULL, NULL),
(10, 'CHITTAGONG', 'চট্টগ্রাম', NULL, 2, NULL, NULL, NULL, NULL, NULL, NULL, NULL),
(11, 'COMILLA', 'কুমিল্লা', NULL, 2, NULL, NULL, NULL, NULL, NULL, NULL, NULL),
(12, 'COXS BAZAR', 'কক্সবাজার ', NULL, 2, NULL, NULL, NULL, NULL, NULL, NULL, NULL),
(13, 'FENI', 'ফেনী', NULL, 2, NULL, NULL, NULL, NULL, NULL, NULL, NULL),
(14, 'KHAGRACHHARI', 'খাগড়াছড়ি', NULL, 2, NULL, NULL, NULL, NULL, NULL, NULL, NULL),
(15, 'LAKSHMIPUR', 'লক্ষ্মীপুর', NULL, 2, NULL, NULL, NULL, NULL, NULL, NULL, NULL),
(16, 'NOAKHALI', 'নোয়াখালী', NULL, 2, NULL, NULL, NULL, NULL, NULL, NULL, NULL),
(17, 'RANGAMATI', 'রাঙ্গামাটি', NULL, 2, NULL, NULL, NULL, NULL, NULL, NULL, NULL),
(18, 'DHAKA', 'ঢাকা ', NULL, 3, '23.7115253', '90.4111451', NULL, NULL, NULL, NULL, NULL),
(19, 'FARIDPUR', 'ফরিদপুর ', NULL, 3, '23.6070822', '89.8429406', NULL, NULL, NULL, NULL, NULL),
(20, 'GAZIPUR', 'গাজীপুর ', NULL, 3, '24.0022858', '90.4264283', NULL, NULL, NULL, NULL, NULL),
(21, 'GOPALGANJ', 'গোপালগঞ্জ', NULL, 3, '23.0050857', '89.8266059', NULL, NULL, NULL, NULL, NULL),
(22, 'JAMALPUR', 'জামালপুর ', NULL, 9, '24.937533', '89.937775', NULL, NULL, NULL, NULL, NULL),
(23, 'KISHOREGONJ', 'কিশোরগঞ্জ ', NULL, 3, '24.444937', '90.776575', NULL, NULL, NULL, NULL, NULL),
(24, 'MADARIPUR', 'মাদারীপুর ', NULL, 3, '23.164102', '90.1896805', NULL, NULL, NULL, NULL, NULL),
(25, 'MANIKGANJ', 'মানিকগঞ্জ ', NULL, 3, NULL, NULL, NULL, NULL, NULL, NULL, NULL),
(26, 'MUNSHIGANJ', 'মুন্সিগঞ্জ ', NULL, 3, NULL, NULL, NULL, NULL, NULL, NULL, NULL),
(27, 'MYMENSINGH', 'ময়মনসিংহ ', NULL, 9, NULL, NULL, NULL, NULL, NULL, NULL, NULL),
(28, 'NARAYANGANJ', 'নারায়ণগঞ্জ ', NULL, 3, '23.63366', '90.496482', NULL, NULL, NULL, NULL, NULL),
(29, 'NARSINGDI', 'নরসিংদী ', NULL, 3, NULL, NULL, NULL, NULL, NULL, NULL, NULL),
(30, 'NETRAKONA', 'নেত্রকোণা ', NULL, 9, NULL, NULL, NULL, NULL, NULL, NULL, NULL),
(31, 'RAJBARI', 'রাজবাড়ী ', NULL, 3, NULL, NULL, NULL, NULL, NULL, NULL, NULL),
(32, 'SHARIATPUR', 'শরীয়তপুর  ', NULL, 3, NULL, NULL, NULL, NULL, NULL, NULL, NULL),
(33, 'SHERPUR', 'শেরপুর ', NULL, 9, NULL, NULL, NULL, NULL, NULL, NULL, NULL),
(34, 'TANGAIL', 'টাঙ্গাইল ', NULL, 3, NULL, NULL, NULL, NULL, NULL, NULL, NULL),
(35, 'BAGERHAT', 'বাগেরহাট', NULL, 4, NULL, NULL, NULL, NULL, NULL, NULL, NULL),
(36, 'CHUADANGA', 'চুয়াডাঙ্গা ', NULL, 4, NULL, NULL, NULL, NULL, NULL, NULL, NULL),
(37, 'JESSORE', 'যশোর ', NULL, 4, NULL, NULL, NULL, NULL, NULL, NULL, NULL),
(38, 'JHENAIDAH', 'ঝিনাইদহ ', NULL, 4, NULL, NULL, NULL, NULL, NULL, NULL, NULL),
(39, 'KHULNA', 'খুলনা ', NULL, 4, NULL, NULL, NULL, NULL, NULL, NULL, NULL),
(40, 'KUSHTIA', 'কুষ্টিয়া ', NULL, 4, NULL, NULL, NULL, NULL, NULL, NULL, NULL),
(41, 'MAGURA', 'মাগুরা', NULL, 4, NULL, NULL, NULL, NULL, NULL, NULL, NULL),
(42, 'MEHERPUR', 'মেহেরপুর ', NULL, 4, NULL, NULL, NULL, NULL, NULL, NULL, NULL),
(43, 'NARAIL', 'নড়াইল ', NULL, 4, NULL, NULL, NULL, NULL, NULL, NULL, NULL),
(44, 'SATKHIRA', 'সাতক্ষীরা ', NULL, 4, NULL, NULL, NULL, NULL, NULL, NULL, NULL),
(45, 'BOGRA', 'বগুড়া ', NULL, 5, NULL, NULL, NULL, NULL, NULL, NULL, NULL),
(46, 'JOYPURHAT', 'জয়পুরহাট', NULL, 5, NULL, NULL, NULL, NULL, NULL, NULL, NULL),
(47, 'NAOGAON', 'নওগাঁ ', NULL, 5, NULL, NULL, NULL, NULL, NULL, NULL, NULL),
(48, 'NATORE', 'নাটোর ', NULL, 5, NULL, NULL, NULL, NULL, NULL, NULL, NULL),
(49, 'CHAPAI NABABGANJ', 'চাঁপাই নাবাবগঞ্জ ', NULL, 5, NULL, NULL, NULL, NULL, NULL, NULL, NULL),
(50, 'PABNA', 'পাবনা', NULL, 5, NULL, NULL, NULL, NULL, NULL, NULL, NULL),
(51, 'RAJSHAHI', 'রাজশাহী ', NULL, 5, NULL, NULL, NULL, NULL, NULL, NULL, NULL),
(52, 'SIRAJGANJ', 'সিরাজগঞ্জ', NULL, 5, NULL, NULL, NULL, NULL, NULL, NULL, NULL),
(53, 'DINAJPUR', 'দিনাজপুর ', NULL, 6, NULL, NULL, NULL, NULL, NULL, NULL, NULL),
(54, 'GAIBANDHA', 'গাইবান্ধা ', NULL, 6, NULL, NULL, NULL, NULL, NULL, NULL, NULL),
(55, 'KURIGRAM', 'কুড়িগ্রাম ', NULL, 6, NULL, NULL, NULL, NULL, NULL, NULL, NULL),
(56, 'LALMONIRHAT', 'লালমনিরহাট ', NULL, 6, NULL, NULL, NULL, NULL, NULL, NULL, NULL),
(57, 'NILPHAMARI', 'নীলফামারী', NULL, 6, NULL, NULL, NULL, NULL, NULL, NULL, NULL),
(58, 'PANCHAGARH', 'পঞ্চগড় ', NULL, 6, NULL, NULL, NULL, NULL, NULL, NULL, NULL),
(59, 'RANGPUR', 'রংপুর ', NULL, 6, NULL, NULL, NULL, NULL, NULL, NULL, NULL),
(60, 'THAKURGAON', 'ঠাকুরগাঁও', NULL, 6, NULL, NULL, NULL, NULL, NULL, NULL, NULL),
(61, 'HABIGANJ', 'হবিগঞ্জ ', NULL, 7, NULL, NULL, NULL, NULL, NULL, NULL, NULL),
(62, 'MAULVIBAZAR', 'মৌলভীবাজার ', NULL, 7, NULL, NULL, NULL, NULL, NULL, NULL, NULL),
(63, 'SUNAMGANJ', 'সুনামগঞ্জ ', NULL, 7, NULL, NULL, NULL, NULL, NULL, NULL, NULL),
(64, 'SYLHET', 'সিলেট', NULL, 7, NULL, NULL, NULL, NULL, NULL, NULL, NULL);

-- --------------------------------------------------------

--
-- Table structure for table `divisions`
--

CREATE TABLE `divisions` (
  `id` int(10) UNSIGNED NOT NULL,
  `name_eng` varchar(191) COLLATE utf8mb4_unicode_ci NOT NULL,
  `name_bng` varchar(191) COLLATE utf8mb4_unicode_ci NOT NULL,
  `status` tinyint(4) DEFAULT NULL,
  `created_by` int(10) UNSIGNED DEFAULT NULL,
  `updated_by` int(10) UNSIGNED DEFAULT NULL,
  `deleted_at` timestamp NULL DEFAULT NULL,
  `created_at` timestamp NULL DEFAULT NULL,
  `updated_at` timestamp NULL DEFAULT NULL
) ENGINE=InnoDB DEFAULT CHARSET=utf8mb4 COLLATE=utf8mb4_unicode_ci;

--
-- Dumping data for table `divisions`
--

INSERT INTO `divisions` (`id`, `name_eng`, `name_bng`, `status`, `created_by`, `updated_by`, `deleted_at`, `created_at`, `updated_at`) VALUES
(1, 'Barisal', 'বরিশাল', NULL, NULL, NULL, NULL, NULL, NULL),
(2, 'Chittagong', 'চট্টগ্রাম', NULL, NULL, NULL, NULL, NULL, NULL),
(3, 'Dhaka', 'ঢাকা', NULL, NULL, NULL, NULL, NULL, NULL),
(4, 'Khulna', 'খুলনা', NULL, NULL, NULL, NULL, NULL, NULL),
(5, 'Rajshahi', 'রাজশাহী', NULL, NULL, NULL, NULL, NULL, NULL),
(6, 'Rangpur', 'রংপুর', NULL, NULL, NULL, NULL, NULL, NULL),
(7, 'Sylhet', 'সিলেট', NULL, NULL, NULL, NULL, NULL, NULL),
(9, 'Mymensingh', 'ময়মনসিংহ', NULL, NULL, NULL, NULL, NULL, NULL);

-- --------------------------------------------------------

--
-- Table structure for table `education_levels`
--

CREATE TABLE `education_levels` (
  `id` int(10) UNSIGNED NOT NULL,
  `title` varchar(191) COLLATE utf8mb4_unicode_ci NOT NULL,
  `bn_title` varchar(100) COLLATE utf8mb4_unicode_ci DEFAULT NULL,
  `weight` tinyint(4) DEFAULT NULL,
  `order` tinyint(4) DEFAULT NULL,
  `status` tinyint(4) DEFAULT NULL,
  `created_by` int(10) UNSIGNED DEFAULT NULL,
  `updated_by` int(10) UNSIGNED DEFAULT NULL,
  `deleted_at` timestamp NULL DEFAULT NULL,
  `created_at` timestamp NULL DEFAULT NULL,
  `updated_at` timestamp NULL DEFAULT NULL
) ENGINE=InnoDB DEFAULT CHARSET=utf8mb4 COLLATE=utf8mb4_unicode_ci;

--
-- Dumping data for table `education_levels`
--

INSERT INTO `education_levels` (`id`, `title`, `bn_title`, `weight`, `order`, `status`, `created_by`, `updated_by`, `deleted_at`, `created_at`, `updated_at`) VALUES
(1, 'PSC/5 pass', 'পিএসসি/ ফাইভ পাশ', 1, NULL, 1, 1, 1, NULL, '1993-03-22 21:02:31', '2004-01-29 03:01:10'),
(2, 'JSC/JDC/8 pass', 'জেএসসি/জেডিসি/এইট পাশ', 1, NULL, 1, 1, 1, NULL, '2008-05-25 01:09:26', '1988-10-02 09:51:14'),
(3, 'Secondary', 'মাধ্যমিক', 1, NULL, 1, 1, 1, NULL, '2016-11-23 06:31:23', '2006-10-27 20:39:25'),
(4, 'Higher Secondary', 'উচ্চ মাধ্যমিক', 1, NULL, 1, 1, 1, NULL, '2008-03-14 21:35:12', '1972-04-24 18:58:31'),
(5, 'Diploma', 'ডিপ্লোমা', 1, NULL, 1, 1, 1, NULL, '1993-06-28 20:52:51', '1978-04-22 06:24:24'),
(6, 'Bachelor/Honors', 'স্নাতক/ সমমান', NULL, NULL, NULL, NULL, NULL, NULL, NULL, NULL),
(7, 'Masters', 'স্নাতোকত্তর', NULL, NULL, NULL, NULL, NULL, NULL, NULL, NULL);

-- --------------------------------------------------------

--
-- Table structure for table `edu_sub_levels`
--

CREATE TABLE `edu_sub_levels` (
  `id` int(10) UNSIGNED NOT NULL,
  `title` varchar(255) COLLATE utf8_unicode_ci NOT NULL,
  `edu_level_id` int(10) UNSIGNED DEFAULT NULL,
  `created_by` int(11) DEFAULT NULL,
  `updated_by` int(11) DEFAULT NULL,
  `created_at` timestamp NULL DEFAULT NULL,
  `updated_at` timestamp NULL DEFAULT NULL
) ENGINE=InnoDB DEFAULT CHARSET=utf8 COLLATE=utf8_unicode_ci;

--
-- Dumping data for table `edu_sub_levels`
--

INSERT INTO `edu_sub_levels` (`id`, `title`, `edu_level_id`, `created_by`, `updated_by`, `created_at`, `updated_at`) VALUES
(1, 'class one1', 5, NULL, NULL, NULL, '2022-01-17 05:40:51'),
(4, 'demo', 2, 120, NULL, '2021-12-09 03:18:28', '2021-12-09 03:18:28');

-- --------------------------------------------------------

--
-- Table structure for table `geo_upazilas`
--

CREATE TABLE `geo_upazilas` (
  `id` int(11) NOT NULL,
  `geo_division_id` int(11) NOT NULL,
  `geo_district_id` int(11) NOT NULL,
  `division_bbs_code` char(4) DEFAULT NULL,
  `district_bbs_code` char(4) DEFAULT NULL,
  `upazila_name_eng` varchar(255) NOT NULL,
  `upazila_name_bng` varchar(255) NOT NULL,
  `bbs_code` char(4) DEFAULT NULL,
  `status` tinyint(1) NOT NULL,
  `created_by` int(11) NOT NULL,
  `modified_by` int(11) NOT NULL,
  `created` datetime NOT NULL,
  `modified` datetime NOT NULL
) ENGINE=InnoDB DEFAULT CHARSET=utf8;

--
-- Dumping data for table `geo_upazilas`
--

INSERT INTO `geo_upazilas` (`id`, `geo_division_id`, `geo_district_id`, `division_bbs_code`, `district_bbs_code`, `upazila_name_eng`, `upazila_name_bng`, `bbs_code`, `status`, `created_by`, `modified_by`, `created`, `modified`) VALUES
(1, 1, 1, '', '', 'AMTALI', 'আমতলী ', '09', 1, 1, 1, '0000-00-00 00:00:00', '0000-00-00 00:00:00'),
(2, 1, 1, '', '', 'BAMNA', 'বামনা ', '19', 1, 1, 1, '0000-00-00 00:00:00', '0000-00-00 00:00:00'),
(3, 1, 1, '', '', 'BARGUNA SADAR', 'বরগুনা সদর ', '28', 1, 1, 1, '0000-00-00 00:00:00', '0000-00-00 00:00:00'),
(4, 1, 1, '', '', 'BETAGI', 'বেতাগী ', '47', 1, 1, 1, '0000-00-00 00:00:00', '0000-00-00 00:00:00'),
(5, 1, 1, '', '', 'PATHARGHATA', 'পাথরঘাটা ', '85', 1, 1, 1, '0000-00-00 00:00:00', '0000-00-00 00:00:00'),
(6, 1, 1, '', '', 'TALTALI', 'তালতলি ', '90', 1, 1, 1, '0000-00-00 00:00:00', '0000-00-00 00:00:00'),
(7, 1, 2, '', '', 'AGAILJHARA', 'আগৈলঝাড়া', '2', 1, 1, 1, '0000-00-00 00:00:00', '0000-00-00 00:00:00'),
(8, 1, 2, '', '', 'BABUGANJ', 'বাবুগঞ্জ ', '3', 1, 1, 1, '0000-00-00 00:00:00', '0000-00-00 00:00:00'),
(9, 1, 2, '', '', 'BAKERGANJ', 'বাকেরগঞ্জ', '7', 1, 1, 1, '0000-00-00 00:00:00', '0000-00-00 00:00:00'),
(10, 1, 2, '', '', 'BANARI PARA', 'বানারীপাড়া ', '10', 1, 1, 1, '0000-00-00 00:00:00', '0000-00-00 00:00:00'),
(11, 1, 2, '', '', 'GAURNADI', 'গৌরনদী ', '32', 1, 1, 1, '0000-00-00 00:00:00', '0000-00-00 00:00:00'),
(12, 1, 2, '', '', 'HIZLA', 'হিজলা ', '36', 1, 1, 1, '0000-00-00 00:00:00', '0000-00-00 00:00:00'),
(13, 1, 2, '', '', 'BARISAL SADAR (KOTWALI)', 'বরিশাল সদর (কোতোয়ালী)', '51', 1, 1, 1, '0000-00-00 00:00:00', '0000-00-00 00:00:00'),
(14, 1, 2, '', '', 'MEHENDIGANJ', 'মেহেন্দিগঞ্জ ', '62', 1, 1, 1, '0000-00-00 00:00:00', '0000-00-00 00:00:00'),
(15, 1, 2, '', '', 'MULADI', 'মুলাদী  ', '69', 1, 1, 1, '0000-00-00 00:00:00', '0000-00-00 00:00:00'),
(16, 1, 2, '', '', 'WAZIRPUR', 'উজিরপুর  ', '94', 1, 1, 1, '0000-00-00 00:00:00', '0000-00-00 00:00:00'),
(17, 1, 3, '', '', 'BHOLA SADAR', 'ভোলা সদর', '18', 1, 1, 1, '0000-00-00 00:00:00', '0000-00-00 00:00:00'),
(18, 1, 3, '', '', 'BURHANUDDIN', 'বোরহানউদ্দিন ', '21', 1, 1, 1, '0000-00-00 00:00:00', '0000-00-00 00:00:00'),
(19, 1, 3, '', '', 'DAULAT KHAN', 'দৌলতখান', '29', 1, 1, 1, '0000-00-00 00:00:00', '0000-00-00 00:00:00'),
(20, 1, 3, '', '', 'LALMOHAN', 'লালমোহন ', '54', 1, 1, 1, '0000-00-00 00:00:00', '0000-00-00 00:00:00'),
(21, 1, 3, '', '', 'MANPURA', 'মনপুরা ', '65', 1, 1, 1, '0000-00-00 00:00:00', '0000-00-00 00:00:00'),
(22, 1, 3, '', '', 'TAZUMUDDIN', 'তজুমদ্দিন ', '91', 1, 1, 1, '0000-00-00 00:00:00', '0000-00-00 00:00:00'),
(23, 1, 4, '', '', 'JHALOKATI SADAR', 'ঝালকাঠি সদর', '40', 1, 1, 1, '0000-00-00 00:00:00', '0000-00-00 00:00:00'),
(24, 1, 4, '', '', 'NALCHITY', 'নলছিটি ', '73', 1, 1, 1, '0000-00-00 00:00:00', '0000-00-00 00:00:00'),
(25, 1, 4, '', '', 'KATHALIA', 'কাঠালিয়া', '43', 1, 1, 1, '0000-00-00 00:00:00', '0000-00-00 00:00:00'),
(26, 1, 5, '', '', 'BAUPHAL', 'বাউফল ', '38', 1, 1, 1, '0000-00-00 00:00:00', '0000-00-00 00:00:00'),
(27, 1, 5, '', '', 'DASHMINA', 'দশমিনা ', '52', 1, 1, 1, '0000-00-00 00:00:00', '0000-00-00 00:00:00'),
(28, 1, 5, '', '', 'DUMKI', 'দুমকি ', '55', 1, 1, 1, '0000-00-00 00:00:00', '0000-00-00 00:00:00'),
(29, 1, 5, '', '', 'KALAPARA', 'কলাপাড়া ', '66', 1, 1, 1, '0000-00-00 00:00:00', '0000-00-00 00:00:00'),
(30, 1, 5, '', '', 'MIRZAGANJ', 'মির্জাগঞ্জ', '76', 1, 1, 1, '0000-00-00 00:00:00', '0000-00-00 00:00:00'),
(31, 1, 5, '', '', 'PATUAKHALI SADAR', 'পটুয়াখালী সদর ', '95', 1, 1, 1, '0000-00-00 00:00:00', '0000-00-00 00:00:00'),
(32, 1, 5, '', '', 'RANGABALI', 'রাঙ্গাবালী ', '97', 1, 1, 1, '0000-00-00 00:00:00', '0000-00-00 00:00:00'),
(33, 1, 6, '', '', 'BHANDARIA', 'ভান্ডারিয়া ', '14', 1, 1, 1, '0000-00-00 00:00:00', '0000-00-00 00:00:00'),
(34, 1, 6, '', '', 'KAWKHALI', 'কাউখালী ', '47', 1, 1, 1, '0000-00-00 00:00:00', '0000-00-00 00:00:00'),
(35, 1, 6, '', '', 'MATHBARIA', 'মঠবাড়ীয়া ', '58', 1, 1, 1, '0000-00-00 00:00:00', '0000-00-00 00:00:00'),
(36, 1, 6, '', '', 'NAZIRPUR', 'নাজিরপুর ', '76', 1, 1, 1, '0000-00-00 00:00:00', '0000-00-00 00:00:00'),
(37, 1, 6, '', '', 'PIROJPUR SADAR', 'পিরোজপুর সদর ', '80', 1, 1, 1, '0000-00-00 00:00:00', '0000-00-00 00:00:00'),
(38, 1, 6, '', '', 'NESARABAD (SWARUPKATI)', 'নেছারাবা ( স্বরুপকাঠী) ', '87', 1, 1, 1, '0000-00-00 00:00:00', '0000-00-00 00:00:00'),
(39, 1, 6, '', '', 'ZIANAGAR', 'জিয়ানগর ', '90', 1, 1, 1, '0000-00-00 00:00:00', '0000-00-00 00:00:00'),
(40, 2, 7, '', '', 'ALIKADAM', 'আলীকদম ', '4', 1, 1, 1, '0000-00-00 00:00:00', '0000-00-00 00:00:00'),
(41, 2, 7, '', '', 'BANDARBAN SADAR', 'বান্দরবান সদর', '14', 1, 1, 1, '0000-00-00 00:00:00', '0000-00-00 00:00:00'),
(42, 2, 7, '', '', 'LAMA', 'লামা', '51', 1, 1, 1, '0000-00-00 00:00:00', '0000-00-00 00:00:00'),
(43, 2, 7, '', '', 'NAIKHONGCHHARI', 'নাইক্ষ্যংছড়ি', '73', 1, 1, 1, '0000-00-00 00:00:00', '0000-00-00 00:00:00'),
(44, 2, 7, '', '', 'ROWANGCHHARI', 'রোয়াংছড়ি', '89', 1, 1, 1, '0000-00-00 00:00:00', '0000-00-00 00:00:00'),
(45, 2, 7, '', '', 'RUMA', 'রুমা ', '91', 1, 1, 1, '0000-00-00 00:00:00', '0000-00-00 00:00:00'),
(46, 2, 7, '', '', 'THANCHI', 'থানচি', '95', 1, 1, 1, '0000-00-00 00:00:00', '0000-00-00 00:00:00'),
(47, 2, 8, '', '', 'AKHAURA', 'আখাউড়া', '2', 1, 1, 1, '0000-00-00 00:00:00', '0000-00-00 00:00:00'),
(48, 2, 8, '', '', 'BANCHHARAMPUR', 'বাঞ্ছারামপুর ', '4', 1, 1, 1, '0000-00-00 00:00:00', '0000-00-00 00:00:00'),
(49, 2, 8, '', '', 'BIJOYNAGAR', 'বিজয়নগর', '7', 1, 1, 1, '0000-00-00 00:00:00', '0000-00-00 00:00:00'),
(50, 2, 8, '', '', 'BRAHMANBARIA SADAR', 'ব্রাহ্মণবাড়িয়া সদর', '13', 1, 1, 1, '0000-00-00 00:00:00', '0000-00-00 00:00:00'),
(51, 2, 8, '', '', 'ASHUGANJ', 'আশুগঞ্জ', '33', 1, 1, 1, '0000-00-00 00:00:00', '0000-00-00 00:00:00'),
(52, 2, 8, '', '', 'KASBA', 'কসবা', '63', 1, 1, 1, '0000-00-00 00:00:00', '0000-00-00 00:00:00'),
(53, 2, 8, '', '', 'NABINAGAR', 'নবীনগর', '85', 1, 1, 1, '0000-00-00 00:00:00', '0000-00-00 00:00:00'),
(54, 2, 8, '', '', 'NASIRNAGAR', 'নাসিরনগর', '90', 1, 1, 1, '0000-00-00 00:00:00', '0000-00-00 00:00:00'),
(55, 2, 8, '', '', 'SARAIL', 'সরাইল', '94', 1, 1, 1, '0000-00-00 00:00:00', '0000-00-00 00:00:00'),
(56, 2, 9, '', '', 'CHANDPUR SADAR', 'চাঁদপুর সদর', '22', 1, 1, 1, '0000-00-00 00:00:00', '0000-00-00 00:00:00'),
(57, 2, 9, '', '', 'FARIDGANJ', 'ফরিদগঞ্জ', '45', 1, 1, 1, '0000-00-00 00:00:00', '0000-00-00 00:00:00'),
(58, 2, 9, '', '', 'HAIM CHAR', 'হাইমচর', '47', 1, 1, 1, '0000-00-00 00:00:00', '0000-00-00 00:00:00'),
(59, 2, 9, '', '', 'HAJIGANJ', 'হাজীগঞ্জ', '49', 1, 1, 1, '0000-00-00 00:00:00', '0000-00-00 00:00:00'),
(60, 2, 9, '', '', 'KACHUA', 'কচুয়া', '58', 1, 1, 1, '0000-00-00 00:00:00', '0000-00-00 00:00:00'),
(61, 2, 9, '', '', 'MATLAB DAKSHIN', 'মতলব দক্ষিণ', '76', 1, 1, 1, '0000-00-00 00:00:00', '0000-00-00 00:00:00'),
(62, 2, 9, '', '', 'MATLAB UTTAR', 'মতলব উত্তর', '79', 1, 1, 1, '0000-00-00 00:00:00', '0000-00-00 00:00:00'),
(63, 2, 9, '', '', 'SHAHRASTI', 'শাহরাস্তি', '95', 1, 1, 1, '0000-00-00 00:00:00', '0000-00-00 00:00:00'),
(64, 2, 10, '', '', 'ANOWARA', 'আনোয়ারা', '4', 1, 1, 1, '0000-00-00 00:00:00', '0000-00-00 00:00:00'),
(65, 2, 10, '', '', 'BANSHKHALI', 'বাঁশখালী', '8', 1, 1, 1, '0000-00-00 00:00:00', '0000-00-00 00:00:00'),
(66, 2, 10, '', '', 'BOALKHALI', 'বোয়ালখালী', '12', 1, 1, 1, '0000-00-00 00:00:00', '0000-00-00 00:00:00'),
(67, 2, 10, '', '', 'CHANDANAISH', 'চন্দনাইশ', '18', 1, 1, 1, '0000-00-00 00:00:00', '0000-00-00 00:00:00'),
(68, 2, 10, '', '', 'FATIKCHHARI', 'ফটিকছড়ি', '33', 1, 1, 1, '0000-00-00 00:00:00', '0000-00-00 00:00:00'),
(69, 2, 10, '', '', 'HATHAZARI', 'হাটহাজারী', '37', 1, 1, 1, '0000-00-00 00:00:00', '0000-00-00 00:00:00'),
(70, 2, 10, '', '', 'LOHAGARA', 'লোহাগাড়া', '47', 1, 1, 1, '0000-00-00 00:00:00', '0000-00-00 00:00:00'),
(71, 2, 10, '', '', 'MIRSHARAI', 'মীরসরাই', '53', 1, 1, 1, '0000-00-00 00:00:00', '0000-00-00 00:00:00'),
(72, 2, 10, '', '', 'PATIYA', 'পটিয়া', '61', 1, 1, 1, '0000-00-00 00:00:00', '0000-00-00 00:00:00'),
(73, 2, 10, '', '', 'RANGUNIA', 'রাঙ্গুনিয়া', '70', 1, 1, 1, '0000-00-00 00:00:00', '0000-00-00 00:00:00'),
(74, 2, 10, '', '', 'RAOZAN', 'রাউজান', '74', 1, 1, 1, '0000-00-00 00:00:00', '0000-00-00 00:00:00'),
(75, 2, 10, '', '', 'SANDWIP', 'সন্দ্বীপ', '78', 1, 1, 1, '0000-00-00 00:00:00', '0000-00-00 00:00:00'),
(76, 2, 10, '', '', 'SATKANIA', 'সাতকানিয়া', '82', 1, 1, 1, '0000-00-00 00:00:00', '0000-00-00 00:00:00'),
(77, 2, 10, '', '', 'SITAKUNDA', 'সীতাকুণ্ড', '86', 1, 1, 1, '0000-00-00 00:00:00', '0000-00-00 00:00:00'),
(78, 2, 11, '', '', 'BARURA', 'বরুড়া', '9', 1, 1, 1, '0000-00-00 00:00:00', '0000-00-00 00:00:00'),
(79, 2, 11, '', '', 'BRAHMAN PARA', 'ব্রাহ্মণপাড়া', '15', 1, 1, 1, '0000-00-00 00:00:00', '0000-00-00 00:00:00'),
(80, 2, 11, '', '', 'BURICHANG', 'বুড়িচং', '18', 1, 1, 1, '0000-00-00 00:00:00', '0000-00-00 00:00:00'),
(81, 2, 11, '', '', 'CHANDINA', 'চান্দিনা', '27', 1, 1, 1, '0000-00-00 00:00:00', '0000-00-00 00:00:00'),
(82, 2, 11, '', '', 'CHAUDDAGRAM', 'চৌদ্দগ্রাম', '31', 1, 1, 1, '0000-00-00 00:00:00', '0000-00-00 00:00:00'),
(83, 2, 11, '', '', 'COMILLA SADAR DAKSHIN', 'কুমিল্লা সদর দক্ষিণ', '33', 1, 1, 1, '0000-00-00 00:00:00', '0000-00-00 00:00:00'),
(84, 2, 11, '', '', 'DAUDKANDI', 'দাউদকান্দি', '36', 1, 1, 1, '0000-00-00 00:00:00', '0000-00-00 00:00:00'),
(85, 2, 11, '', '', 'DEBIDWAR', 'দেবিদ্বার', '40', 1, 1, 1, '0000-00-00 00:00:00', '0000-00-00 00:00:00'),
(86, 2, 11, '', '', 'HOMNA', 'হোমনা ', '54', 1, 1, 1, '0000-00-00 00:00:00', '0000-00-00 00:00:00'),
(87, 2, 11, '', '', 'COMILLA ADARSHA SADAR', 'কুমিল্লা সদর', '67', 1, 1, 1, '0000-00-00 00:00:00', '0000-00-00 00:00:00'),
(88, 2, 11, '', '', 'LAKSAM', 'লাকসাম', '72', 1, 1, 1, '0000-00-00 00:00:00', '0000-00-00 00:00:00'),
(89, 2, 11, '', '', 'MANOHARGANJ', 'মনোহরগঞ্জ', '74', 1, 1, 1, '0000-00-00 00:00:00', '0000-00-00 00:00:00'),
(90, 2, 11, '', '', 'MEGHNA', 'মেঘনা', '75', 1, 1, 1, '0000-00-00 00:00:00', '0000-00-00 00:00:00'),
(91, 2, 11, '', '', 'MURADNAGAR', 'মুরাদনগর', '81', 1, 1, 1, '0000-00-00 00:00:00', '0000-00-00 00:00:00'),
(92, 2, 11, '', '', 'NANGALKOT', 'নাঙ্গলকোট', '87', 1, 1, 1, '0000-00-00 00:00:00', '0000-00-00 00:00:00'),
(93, 2, 11, '', '', 'TITAS', 'তিতাস', '94', 1, 1, 1, '0000-00-00 00:00:00', '0000-00-00 00:00:00'),
(94, 2, 12, '', '', 'CHAKARIA', 'চকরিয়া', '16', 1, 1, 1, '0000-00-00 00:00:00', '0000-00-00 00:00:00'),
(95, 2, 12, '', '', 'COX\'S BAZAR SADAR', 'কক্সবাজার সদর', '24', 1, 1, 1, '0000-00-00 00:00:00', '0000-00-00 00:00:00'),
(96, 2, 12, '', '', 'KUTUBDIA', 'কুতুবদিয়া', '45', 1, 1, 1, '0000-00-00 00:00:00', '0000-00-00 00:00:00'),
(97, 2, 12, '', '', 'MAHESHKHALI', 'মহেশখালী', '49', 1, 1, 1, '0000-00-00 00:00:00', '0000-00-00 00:00:00'),
(98, 2, 12, '', '', 'PEKUA', 'পেকুয়া', '56', 1, 1, 1, '0000-00-00 00:00:00', '0000-00-00 00:00:00'),
(99, 2, 12, '', '', 'RAMU', 'রামু', '66', 1, 1, 1, '0000-00-00 00:00:00', '0000-00-00 00:00:00'),
(100, 2, 12, '', '', 'TEKNAF', 'টেকনাফ', '90', 1, 1, 1, '0000-00-00 00:00:00', '0000-00-00 00:00:00'),
(101, 2, 12, '', '', 'UKHIA', 'উখিয়া', '94', 1, 1, 1, '0000-00-00 00:00:00', '0000-00-00 00:00:00'),
(102, 2, 13, '', '', 'CHHAGALNAIYA', 'ছাগলনাইয়া', '14', 1, 1, 1, '0000-00-00 00:00:00', '0000-00-00 00:00:00'),
(103, 2, 13, '', '', 'DAGANBHUIYAN', 'দাগনভূঞা', '25', 1, 1, 1, '0000-00-00 00:00:00', '0000-00-00 00:00:00'),
(104, 2, 13, '', '', 'FENI SADAR', 'ফেনী সদর', '29', 1, 1, 1, '0000-00-00 00:00:00', '0000-00-00 00:00:00'),
(105, 2, 13, '', '', 'FULGAZI', 'ফুলগাজী', '41', 1, 1, 1, '0000-00-00 00:00:00', '0000-00-00 00:00:00'),
(106, 2, 13, '', '', 'PARSHURAM', 'পরশুরাম', '51', 1, 1, 1, '0000-00-00 00:00:00', '0000-00-00 00:00:00'),
(107, 2, 13, '', '', 'SONAGAZI', 'সোনাগাজী', '94', 1, 1, 1, '0000-00-00 00:00:00', '0000-00-00 00:00:00'),
(108, 2, 14, '', '', 'DIGHINALA', 'দিঘীনালা', '43', 1, 1, 1, '0000-00-00 00:00:00', '0000-00-00 00:00:00'),
(109, 2, 14, '', '', 'MANIKCHHARI', 'মানিকছড়ি', '67', 1, 1, 1, '0000-00-00 00:00:00', '0000-00-00 00:00:00'),
(110, 2, 14, '', '', 'KHAGRACHHARI SADAR', 'খাগড়াছড়ি সদর', '49', 1, 1, 1, '0000-00-00 00:00:00', '0000-00-00 00:00:00'),
(111, 2, 14, '', '', 'LAKSHMICHHARI', 'লক্ষীছড়ি', '61', 1, 1, 1, '0000-00-00 00:00:00', '0000-00-00 00:00:00'),
(112, 2, 14, '', '', 'MAHALCHHARI', 'মহালছড়ি', '65', 1, 1, 1, '0000-00-00 00:00:00', '0000-00-00 00:00:00'),
(113, 2, 14, '', '', 'MATIRANGA', 'মাটিরাঙ্গা', '70', 1, 1, 1, '0000-00-00 00:00:00', '0000-00-00 00:00:00'),
(114, 2, 14, '', '', 'PANCHHARI', 'পানছড়ি', '77', 1, 1, 1, '0000-00-00 00:00:00', '0000-00-00 00:00:00'),
(115, 2, 14, '', '', 'RAMGARH', 'রামগড়', '80', 1, 1, 1, '0000-00-00 00:00:00', '0000-00-00 00:00:00'),
(116, 2, 15, '', '', 'KAMALNAGAR', 'কমলনগর', '33', 1, 1, 1, '0000-00-00 00:00:00', '0000-00-00 00:00:00'),
(117, 2, 15, '', '', 'LAKSHMIPUR SADAR', 'লক্ষ্মীপুর সদর', '43', 1, 1, 1, '0000-00-00 00:00:00', '0000-00-00 00:00:00'),
(118, 2, 15, '', '', 'ROYPUR', 'রায়পুর', '58', 1, 1, 1, '0000-00-00 00:00:00', '0000-00-00 00:00:00'),
(119, 2, 15, '', '', 'RAMGANJ', 'রামগঞ্জ', '65', 1, 1, 1, '0000-00-00 00:00:00', '0000-00-00 00:00:00'),
(120, 2, 15, '', '', 'RAMGATI', 'রামগতি ', '73', 1, 1, 1, '0000-00-00 00:00:00', '0000-00-00 00:00:00'),
(121, 2, 16, '', '', 'BEGUMGANJ', 'বেগমগঞ্জ', '7', 1, 1, 1, '0000-00-00 00:00:00', '0000-00-00 00:00:00'),
(122, 2, 16, '', '', 'CHATKHIL', 'চাটখিল', '10', 1, 1, 1, '0000-00-00 00:00:00', '0000-00-00 00:00:00'),
(123, 2, 16, '', '', 'COMPANIGANJ', 'কোম্পানীগঞ্জ', '21', 1, 1, 1, '0000-00-00 00:00:00', '0000-00-00 00:00:00'),
(124, 2, 16, '', '', 'HATIYA', 'হাতিয়া', '36', 1, 1, 1, '0000-00-00 00:00:00', '0000-00-00 00:00:00'),
(125, 2, 16, '', '', 'SENBAGH', 'সেনবাগ', '80', 1, 1, 1, '0000-00-00 00:00:00', '0000-00-00 00:00:00'),
(126, 2, 16, '', '', 'SONAIMURI', 'সোনাইমুড়ী', '83', 1, 1, 1, '0000-00-00 00:00:00', '0000-00-00 00:00:00'),
(127, 2, 16, '', '', 'SUBARNACHAR', 'সুবর্ণচর', '85', 1, 1, 1, '0000-00-00 00:00:00', '0000-00-00 00:00:00'),
(128, 2, 16, '', '', 'NOAKHALI ', 'নোয়াখালী ', '87', 1, 1, 1, '0000-00-00 00:00:00', '0000-00-00 00:00:00'),
(129, 2, 17, '', '', 'BAGHAICHHARI', 'বাঘাইছড়ি', '7', 1, 1, 1, '0000-00-00 00:00:00', '0000-00-00 00:00:00'),
(130, 2, 17, '', '', 'BARKAL ', 'বরকল', '21', 1, 1, 1, '0000-00-00 00:00:00', '0000-00-00 00:00:00'),
(131, 2, 17, '', '', 'KAWKHALI (BETBUNIA)', 'কাউখালী', '25', 1, 1, 1, '0000-00-00 00:00:00', '0000-00-00 00:00:00'),
(132, 2, 17, '', '', 'KAPTAI  ', 'কাপ্তাই ', '36', 1, 1, 1, '0000-00-00 00:00:00', '0000-00-00 00:00:00'),
(133, 2, 17, '', '', 'JURAI CHHARI', 'জুরাছড়ি', '47', 1, 1, 1, '0000-00-00 00:00:00', '0000-00-00 00:00:00'),
(134, 2, 17, '', '', 'LANGADU  ', 'লংগদু ', '58', 1, 1, 1, '0000-00-00 00:00:00', '0000-00-00 00:00:00'),
(135, 2, 17, '', '', 'NANIARCHAR  ', 'নানিয়ারচর ', '75', 1, 1, 1, '0000-00-00 00:00:00', '0000-00-00 00:00:00'),
(136, 2, 17, '', '', 'RANGAMATI SADAR', 'রাঙ্গামাটি সদর', '87', 1, 1, 1, '0000-00-00 00:00:00', '0000-00-00 00:00:00'),
(137, 2, 17, '', '', 'RAJOSTHOLI ', 'রাজস্থলী', '78', 1, 1, 1, '0000-00-00 00:00:00', '0000-00-00 00:00:00'),
(138, 2, 17, '', '', 'BILAYCHHARI', 'বিলাইছড়ি', '29', 1, 1, 1, '0000-00-00 00:00:00', '0000-00-00 00:00:00'),
(139, 3, 18, '', '', 'TEJGAON UNNON CIRCLE', 'তেজগাঁও উন্নয়ন সার্কেল', '', 1, 1, 1, '0000-00-00 00:00:00', '0000-00-00 00:00:00'),
(140, 3, 18, '', '', 'BADDA', 'বাড্ডা', '4', 1, 1, 1, '0000-00-00 00:00:00', '0000-00-00 00:00:00'),
(141, 3, 18, '', '', 'BANGSHAL', 'বংশাল', '5', 1, 1, 1, '0000-00-00 00:00:00', '0000-00-00 00:00:00'),
(142, 3, 18, '', '', 'BIMAN BANDAR', 'বিমান বন্দর', '6', 1, 1, 1, '0000-00-00 00:00:00', '0000-00-00 00:00:00'),
(143, 3, 18, '', '', 'BANANI', 'বনানী', '7', 1, 1, 1, '0000-00-00 00:00:00', '0000-00-00 00:00:00'),
(144, 3, 18, '', '', 'CANTONMENT', 'সেনানিবাস', '8', 1, 1, 1, '0000-00-00 00:00:00', '0000-00-00 00:00:00'),
(145, 3, 18, '', '', 'CHAK BAZAR', 'চকবাজার', '9', 1, 1, 1, '0000-00-00 00:00:00', '0000-00-00 00:00:00'),
(146, 3, 18, '', '', 'DAKSHINKHAN', 'দক্ষিনখান', '10', 1, 1, 1, '0000-00-00 00:00:00', '0000-00-00 00:00:00'),
(147, 3, 18, '', '', 'DARUS SALAM', 'দারুস সালাম', '11', 1, 1, 1, '0000-00-00 00:00:00', '0000-00-00 00:00:00'),
(148, 3, 18, '', '', 'DEMRA', 'ডেমরা', '12', 1, 1, 1, '0000-00-00 00:00:00', '0000-00-00 00:00:00'),
(149, 3, 18, '', '', 'DHAMRAI', 'ধামরাই', '14', 1, 1, 1, '0000-00-00 00:00:00', '0000-00-00 00:00:00'),
(150, 3, 18, '', '', 'DOHAR', 'দোহার', '18', 1, 1, 1, '0000-00-00 00:00:00', '0000-00-00 00:00:00'),
(151, 3, 18, '', '', 'KERANIGANJ', 'কেরাণীগঞ্জ', '38', 1, 1, 1, '0000-00-00 00:00:00', '0000-00-00 00:00:00'),
(152, 3, 18, '', '', 'NAWABGANJ', 'নবাবগঞ্জ', '62', 1, 1, 1, '0000-00-00 00:00:00', '0000-00-00 00:00:00'),
(153, 3, 18, '', '', 'SAVAR', 'সাভার', '72', 1, 1, 1, '0000-00-00 00:00:00', '0000-00-00 00:00:00'),
(154, 3, 19, '', '', 'ALFADANGA', 'আলফাডাঙ্গা', '3', 1, 1, 1, '0000-00-00 00:00:00', '0000-00-00 00:00:00'),
(155, 3, 19, '', '', 'BHANGA', 'ভাঙ্গা', '10', 1, 1, 1, '0000-00-00 00:00:00', '0000-00-00 00:00:00'),
(156, 3, 19, '', '', 'BOALMARI', 'বোয়ালমারী', '18', 1, 1, 1, '0000-00-00 00:00:00', '0000-00-00 00:00:00'),
(157, 3, 19, '', '', 'CHAR BHADRASAN', 'চরভদ্রাসন', '21', 1, 1, 1, '0000-00-00 00:00:00', '0000-00-00 00:00:00'),
(158, 3, 19, '', '', 'FARIDPUR SADAR', 'ফরিদপুর সদর', '47', 1, 1, 1, '0000-00-00 00:00:00', '0000-00-00 00:00:00'),
(159, 3, 19, '', '', 'MADHUKHALI', 'মধুখালী', '56', 1, 1, 1, '0000-00-00 00:00:00', '0000-00-00 00:00:00'),
(160, 3, 19, '', '', 'NAGARKANDA', 'নগরকান্দা', '62', 1, 1, 1, '0000-00-00 00:00:00', '0000-00-00 00:00:00'),
(161, 3, 19, '', '', 'SADARPUR', 'সদরপুর', '84', 1, 1, 1, '0000-00-00 00:00:00', '0000-00-00 00:00:00'),
(162, 3, 19, '', '', 'SALTHA', 'সালথা', '90', 1, 1, 1, '0000-00-00 00:00:00', '0000-00-00 00:00:00'),
(163, 3, 20, '', '', 'GAZIPUR SADAR', 'গাজীপুর সদর', '30', 1, 1, 1, '0000-00-00 00:00:00', '0000-00-00 00:00:00'),
(164, 3, 20, '', '', 'KALIAKAIR', 'কালিয়াকৈর', '32', 1, 1, 1, '0000-00-00 00:00:00', '0000-00-00 00:00:00'),
(165, 3, 20, '', '', 'KALIGANJ', 'কালীগঞ্জ', '34', 1, 1, 1, '0000-00-00 00:00:00', '0000-00-00 00:00:00'),
(166, 3, 20, '', '', 'KAPASIA', 'কাপাসিয়া', '36', 1, 1, 1, '0000-00-00 00:00:00', '0000-00-00 00:00:00'),
(167, 3, 20, '', '', 'SREEPUR', 'শ্রীপুর', '86', 1, 1, 1, '0000-00-00 00:00:00', '0000-00-00 00:00:00'),
(168, 3, 21, '', '', 'GOPALGANJ SADAR', 'গোপালগঞ্জ সদর', '32', 1, 1, 1, '0000-00-00 00:00:00', '0000-00-00 00:00:00'),
(169, 3, 21, '', '', 'KASHIANI', 'কাশিয়ানী', '43', 1, 1, 1, '0000-00-00 00:00:00', '0000-00-00 00:00:00'),
(170, 3, 21, '', '', 'KOTALIPARA', 'কোটালীপাড়া', '51', 1, 1, 1, '0000-00-00 00:00:00', '0000-00-00 00:00:00'),
(171, 3, 21, '', '', 'MUKSUDPUR', 'মুকসুদপুর', '58', 1, 1, 1, '0000-00-00 00:00:00', '0000-00-00 00:00:00'),
(172, 3, 21, '', '', 'TUNGIPARA', 'টুংগীপাড়া', '91', 1, 1, 1, '0000-00-00 00:00:00', '0000-00-00 00:00:00'),
(173, 3, 22, '', '', 'BAKSHIGANJ', 'বকশীগঞ্জ', '7', 1, 1, 1, '0000-00-00 00:00:00', '0000-00-00 00:00:00'),
(174, 3, 22, '', '', 'DEWANGANJ', 'দেওয়ানগঞ্জ', '15', 1, 1, 1, '0000-00-00 00:00:00', '0000-00-00 00:00:00'),
(175, 3, 22, '', '', 'ISLAMPUR', 'ইসলামপুর', '29', 1, 1, 1, '0000-00-00 00:00:00', '0000-00-00 00:00:00'),
(176, 3, 22, '', '', 'JAMALPUR SADAR', 'জামালপুর সদর', '36', 1, 1, 1, '0000-00-00 00:00:00', '0000-00-00 00:00:00'),
(177, 3, 22, '', '', 'MADARGANJ', 'মাদারগঞ্জ', '58', 1, 1, 1, '0000-00-00 00:00:00', '0000-00-00 00:00:00'),
(178, 3, 22, '', '', 'MELANDAHA', 'মেলান্দহ', '61', 1, 1, 1, '0000-00-00 00:00:00', '0000-00-00 00:00:00'),
(179, 3, 22, '', '', 'SARISHABARI UPAZILA', 'সরিষাবাড়ী', '85', 1, 1, 1, '0000-00-00 00:00:00', '0000-00-00 00:00:00'),
(180, 3, 23, '', '', 'AUSTAGRAM', 'অষ্টগ্রাম', '2', 1, 1, 1, '0000-00-00 00:00:00', '0000-00-00 00:00:00'),
(181, 3, 23, '', '', 'BAJITPUR', 'বাজিতপুর', '6', 1, 1, 1, '0000-00-00 00:00:00', '0000-00-00 00:00:00'),
(182, 3, 23, '', '', 'BHAIRAB', 'ভৈরব', '11', 1, 1, 1, '0000-00-00 00:00:00', '0000-00-00 00:00:00'),
(183, 3, 23, '', '', 'HOSSAINPUR', 'হোসেনপুর', '27', 1, 1, 1, '0000-00-00 00:00:00', '0000-00-00 00:00:00'),
(184, 3, 23, '', '', 'ITNA', 'ইটনা', '33', 1, 1, 1, '0000-00-00 00:00:00', '0000-00-00 00:00:00'),
(185, 3, 23, '', '', 'KARIMGANJ', 'করিমগঞ্জ', '42', 1, 1, 1, '0000-00-00 00:00:00', '0000-00-00 00:00:00'),
(186, 3, 23, '', '', 'KATIADI', 'কটিয়াদী', '45', 1, 1, 1, '0000-00-00 00:00:00', '0000-00-00 00:00:00'),
(187, 3, 23, '', '', 'KISHOREGANJ SADAR', 'কিশোরগঞ্জ সদর', '49', 1, 1, 1, '0000-00-00 00:00:00', '0000-00-00 00:00:00'),
(188, 3, 23, '', '', 'KULIAR CHAR', 'কুলিয়ারচর', '54', 1, 1, 1, '0000-00-00 00:00:00', '0000-00-00 00:00:00'),
(189, 3, 23, '', '', 'MITHAMAIN', 'মিঠামইন', '59', 1, 1, 1, '0000-00-00 00:00:00', '0000-00-00 00:00:00'),
(190, 3, 23, '', '', 'NIKLI', 'নিকলী', '76', 1, 1, 1, '0000-00-00 00:00:00', '0000-00-00 00:00:00'),
(191, 3, 23, '', '', 'PAKUNDIA', 'পাকুন্দিয়া', '79', 1, 1, 1, '0000-00-00 00:00:00', '0000-00-00 00:00:00'),
(192, 3, 23, '', '', 'TARAIL', 'তাড়াইল', '92', 1, 1, 1, '0000-00-00 00:00:00', '0000-00-00 00:00:00'),
(193, 3, 24, '', '', 'KALKINI', 'কালকিনি', '40', 1, 1, 1, '0000-00-00 00:00:00', '0000-00-00 00:00:00'),
(194, 3, 24, '', '', 'MADARIPUR SADAR', 'মাদারীপুর সদর', '54', 1, 1, 1, '0000-00-00 00:00:00', '0000-00-00 00:00:00'),
(195, 3, 24, '', '', 'RAJOIR', 'রাজৈর', '80', 1, 1, 1, '0000-00-00 00:00:00', '0000-00-00 00:00:00'),
(196, 3, 24, '', '', 'SHIBCHAR', 'শিবচর', '87', 1, 1, 1, '0000-00-00 00:00:00', '0000-00-00 00:00:00'),
(197, 3, 25, '', '', 'DAULATPUR', 'দৌলতপুর', '10', 1, 1, 1, '0000-00-00 00:00:00', '0000-00-00 00:00:00'),
(198, 3, 25, '', '', 'GHIOR', 'ঘিওর', '22', 1, 1, 1, '0000-00-00 00:00:00', '0000-00-00 00:00:00'),
(199, 3, 25, '', '', 'HARIRAMPUR', 'হরিরামপুর', '28', 1, 1, 1, '0000-00-00 00:00:00', '0000-00-00 00:00:00'),
(200, 3, 25, '', '', 'MANIKGANJ SADAR', 'মানিকগঞ্জ সদর', '46', 1, 1, 1, '0000-00-00 00:00:00', '0000-00-00 00:00:00'),
(201, 3, 25, '', '', 'SATURIA', 'সাটুরিয়া', '70', 1, 1, 1, '0000-00-00 00:00:00', '0000-00-00 00:00:00'),
(202, 3, 25, '', '', 'SHIBALAYA', 'শিবালয়', '78', 1, 1, 1, '0000-00-00 00:00:00', '0000-00-00 00:00:00'),
(203, 3, 25, '', '', 'SINGAIR', 'সিংগাইর', '82', 1, 1, 1, '0000-00-00 00:00:00', '0000-00-00 00:00:00'),
(204, 3, 26, '', '', 'GAZARIA', 'গজারিয়া', '24', 1, 1, 1, '0000-00-00 00:00:00', '0000-00-00 00:00:00'),
(205, 3, 26, '', '', 'LOHAJANG', 'লৌহজং', '44', 1, 1, 1, '0000-00-00 00:00:00', '0000-00-00 00:00:00'),
(206, 3, 26, '', '', 'MUNSHIGANJ SADAR', 'মুন্সিগঞ্জ সদর', '56', 1, 1, 1, '0000-00-00 00:00:00', '0000-00-00 00:00:00'),
(207, 3, 26, '', '', 'SERAJDIKHAN', 'সিরাজদিখান', '74', 1, 1, 1, '0000-00-00 00:00:00', '0000-00-00 00:00:00'),
(208, 3, 26, '', '', 'SREENAGAR', 'শ্রীনগর', '84', 1, 1, 1, '0000-00-00 00:00:00', '0000-00-00 00:00:00'),
(209, 3, 26, '', '', 'TONGIBARI', 'টংগিবাড়ী', '94', 1, 1, 1, '0000-00-00 00:00:00', '0000-00-00 00:00:00'),
(210, 3, 27, '', '', 'BHALUKA', 'ভালুকা', '13', 1, 1, 1, '0000-00-00 00:00:00', '0000-00-00 00:00:00'),
(211, 3, 27, '', '', 'DHOBAURA', 'ধোবাউড়া', '16', 1, 1, 1, '0000-00-00 00:00:00', '0000-00-00 00:00:00'),
(212, 3, 27, '', '', 'FULBARIA', 'ফুলবাড়ীয়া', '20', 1, 1, 1, '0000-00-00 00:00:00', '0000-00-00 00:00:00'),
(213, 3, 27, '', '', 'GAFFARGAON', 'গফরগাঁও', '22', 1, 1, 1, '0000-00-00 00:00:00', '0000-00-00 00:00:00'),
(214, 3, 27, '', '', 'GAURIPUR', 'গৌরীপুর', '23', 1, 1, 1, '0000-00-00 00:00:00', '0000-00-00 00:00:00'),
(215, 3, 27, '', '', 'HALUAGHAT', 'হালুয়াঘাট', '24', 1, 1, 1, '0000-00-00 00:00:00', '0000-00-00 00:00:00'),
(216, 3, 27, '', '', 'ISHWARGANJ', 'ঈশ্বরগঞ্জ', '31', 1, 1, 1, '0000-00-00 00:00:00', '0000-00-00 00:00:00'),
(217, 3, 27, '', '', 'MYMENSINGH SADAR', 'ময়মনসিংহ সদর', '52', 1, 1, 1, '0000-00-00 00:00:00', '0000-00-00 00:00:00'),
(218, 3, 27, '', '', 'MUKTAGACHHA', 'মুক্তাগাছা', '65', 1, 1, 1, '0000-00-00 00:00:00', '0000-00-00 00:00:00'),
(219, 3, 27, '', '', 'NANDAIL', 'নান্দাইল', '72', 1, 1, 1, '0000-00-00 00:00:00', '0000-00-00 00:00:00'),
(220, 3, 27, '', '', 'PHULPUR', 'ফুলপুর', '81', 1, 1, 1, '0000-00-00 00:00:00', '0000-00-00 00:00:00'),
(221, 3, 27, '', '', 'TARAKANDA', 'তারাকান্দা', '88', 1, 1, 1, '0000-00-00 00:00:00', '0000-00-00 00:00:00'),
(222, 3, 27, '', '', 'TRISHAL', 'ত্রিশাল', '94', 1, 1, 1, '0000-00-00 00:00:00', '0000-00-00 00:00:00'),
(223, 3, 28, '', '', 'ARAIHAZAR', 'আড়াইহাজার', '2', 1, 1, 1, '0000-00-00 00:00:00', '0000-00-00 00:00:00'),
(224, 3, 28, '', '', 'SONARGAON', 'সোনারগাঁ', '4', 1, 1, 1, '0000-00-00 00:00:00', '0000-00-00 00:00:00'),
(225, 3, 28, '', '', 'NARAYANGANJ SADAR', 'নারায়নগঞ্জ সদর', '58', 1, 1, 1, '0000-00-00 00:00:00', '0000-00-00 00:00:00'),
(226, 3, 28, '', '', 'RUPGANJ', 'রূপগঞ্জ', '68', 1, 1, 1, '0000-00-00 00:00:00', '0000-00-00 00:00:00'),
(227, 3, 29, '', '', 'BELABO', 'বেলাবো', '7', 1, 1, 1, '0000-00-00 00:00:00', '0000-00-00 00:00:00'),
(228, 3, 29, '', '', 'MANOHARDI', 'মনোহরদী', '52', 1, 1, 1, '0000-00-00 00:00:00', '0000-00-00 00:00:00'),
(229, 3, 29, '', '', 'NARSINGDI ', 'নরসিংদী ', '60', 1, 1, 1, '0000-00-00 00:00:00', '0000-00-00 00:00:00'),
(230, 3, 29, '', '', 'PALASH', 'পলাশ', '63', 1, 1, 1, '0000-00-00 00:00:00', '0000-00-00 00:00:00'),
(231, 3, 29, '', '', 'ROYPURA', 'রায়পুরা', '64', 1, 1, 1, '0000-00-00 00:00:00', '0000-00-00 00:00:00'),
(232, 3, 29, '', '', 'SHIBPUR', 'শিবপুর', '76', 1, 1, 1, '0000-00-00 00:00:00', '0000-00-00 00:00:00'),
(233, 3, 30, '', '', 'ATPARA', 'আটপাড়া', '4', 1, 1, 1, '0000-00-00 00:00:00', '0000-00-00 00:00:00'),
(234, 3, 30, '', '', 'BARHATTA', 'বারহাট্টা', '9', 1, 1, 1, '0000-00-00 00:00:00', '0000-00-00 00:00:00'),
(235, 3, 30, '', '', 'DURGAPUR', 'দুর্গাপুর', '18', 1, 1, 1, '0000-00-00 00:00:00', '0000-00-00 00:00:00'),
(236, 3, 30, '', '', 'KHALIAJURI', 'খালিয়াজুরী', '38', 1, 1, 1, '0000-00-00 00:00:00', '0000-00-00 00:00:00'),
(237, 3, 30, '', '', 'KALMAKANDA', 'কলমাকান্দা', '40', 1, 1, 1, '0000-00-00 00:00:00', '0000-00-00 00:00:00'),
(238, 3, 30, '', '', 'KENDUA', 'কেন্দুয়া', '47', 1, 1, 1, '0000-00-00 00:00:00', '0000-00-00 00:00:00'),
(239, 3, 30, '', '', 'MADAN', 'মদন', '56', 1, 1, 1, '0000-00-00 00:00:00', '0000-00-00 00:00:00'),
(240, 3, 30, '', '', 'MOHANGANJ', 'মোহনগঞ্জ', '63', 1, 1, 1, '0000-00-00 00:00:00', '0000-00-00 00:00:00'),
(241, 3, 30, '', '', 'NETROKONA SADAR', 'নেত্রকোণা সদর', '74', 1, 1, 1, '0000-00-00 00:00:00', '0000-00-00 00:00:00'),
(242, 3, 31, '', '', 'BALIAKANDI', 'বালিয়াকান্দি', '7', 1, 1, 1, '0000-00-00 00:00:00', '0000-00-00 00:00:00'),
(243, 3, 31, '', '', 'GOALANDA', 'গোয়ালন্দ', '29', 1, 1, 1, '0000-00-00 00:00:00', '0000-00-00 00:00:00'),
(244, 3, 31, '', '', 'KALUKHALI', 'কালুখালী', '47', 1, 1, 1, '0000-00-00 00:00:00', '0000-00-00 00:00:00'),
(245, 3, 31, '', '', 'PANGSHA', 'পাংশা', '73', 1, 1, 1, '0000-00-00 00:00:00', '0000-00-00 00:00:00'),
(246, 3, 31, '', '', 'RAJBARI SADAR', 'রাজবাড়ী সদর', '76', 1, 1, 1, '0000-00-00 00:00:00', '0000-00-00 00:00:00'),
(247, 3, 32, '', '', 'BHEDARGANJ', 'ভেদরগঞ্জ', '14', 1, 1, 1, '0000-00-00 00:00:00', '0000-00-00 00:00:00'),
(248, 3, 32, '', '', 'DAMUDYA', 'ডামুড্যা', '25', 1, 1, 1, '0000-00-00 00:00:00', '0000-00-00 00:00:00'),
(249, 3, 32, '', '', 'GOSAIRHAT', 'গোসাইরহাট', '36', 1, 1, 1, '0000-00-00 00:00:00', '0000-00-00 00:00:00'),
(250, 3, 32, '', '', 'NARIA', 'নড়িয়া', '65', 1, 1, 1, '0000-00-00 00:00:00', '0000-00-00 00:00:00'),
(251, 3, 32, '', '', 'SHARIATPUR SADAR', 'শরিয়তপুর সদর', '69', 1, 1, 1, '0000-00-00 00:00:00', '0000-00-00 00:00:00'),
(252, 3, 32, '', '', 'ZANJIRA', 'জাজিরা', '94', 1, 1, 1, '0000-00-00 00:00:00', '0000-00-00 00:00:00'),
(253, 3, 33, '', '', 'JHENAIGATI', 'ঝিনাইগাতী', '37', 1, 1, 1, '0000-00-00 00:00:00', '0000-00-00 00:00:00'),
(254, 3, 33, '', '', 'NAKLA', 'নকলা', '67', 1, 1, 1, '0000-00-00 00:00:00', '0000-00-00 00:00:00'),
(255, 3, 33, '', '', 'NALITABARI', 'নালিতাবাড়ী', '70', 1, 1, 1, '0000-00-00 00:00:00', '0000-00-00 00:00:00'),
(256, 3, 33, '', '', 'SHERPUR SADAR', 'শেরপুর সদর', '88', 1, 1, 1, '0000-00-00 00:00:00', '0000-00-00 00:00:00'),
(257, 3, 33, '', '', 'SREEBARDI', 'শ্রীবরদী', '90', 1, 1, 1, '0000-00-00 00:00:00', '0000-00-00 00:00:00'),
(258, 3, 34, '', '', 'BASAIL', 'বাসাইল', '9', 1, 1, 1, '0000-00-00 00:00:00', '0000-00-00 00:00:00'),
(259, 3, 34, '', '', 'BHUAPUR', 'ভুয়াপুর', '19', 1, 1, 1, '0000-00-00 00:00:00', '0000-00-00 00:00:00'),
(260, 3, 34, '', '', 'DELDUAR', 'দেলদুয়ার', '23', 1, 1, 1, '0000-00-00 00:00:00', '0000-00-00 00:00:00'),
(261, 3, 34, '', '', 'DHANBARI', 'ধনবাড়ী', '25', 1, 1, 1, '0000-00-00 00:00:00', '0000-00-00 00:00:00'),
(262, 3, 34, '', '', 'GHATAIL', 'ঘাটাইল', '28', 1, 1, 1, '0000-00-00 00:00:00', '0000-00-00 00:00:00'),
(263, 3, 34, '', '', 'GOPALPUR', 'গোপালপুর', '38', 1, 1, 1, '0000-00-00 00:00:00', '0000-00-00 00:00:00'),
(264, 3, 34, '', '', 'KALIHATI', 'কালিহাতী', '47', 1, 1, 1, '0000-00-00 00:00:00', '0000-00-00 00:00:00'),
(265, 3, 34, '', '', 'MADHUPUR', 'মধুপুর', '57', 1, 1, 1, '0000-00-00 00:00:00', '0000-00-00 00:00:00'),
(266, 3, 34, '', '', 'MIRZAPUR', 'মির্জাপুর', '66', 1, 1, 1, '0000-00-00 00:00:00', '0000-00-00 00:00:00'),
(267, 3, 34, '', '', 'NAGARPUR', 'নাগরপুর', '76', 1, 1, 1, '0000-00-00 00:00:00', '0000-00-00 00:00:00'),
(268, 3, 34, '', '', 'SAKHIPUR', 'সখিপুর', '85', 1, 1, 1, '0000-00-00 00:00:00', '0000-00-00 00:00:00'),
(269, 3, 34, '', '', 'TANGAIL SADAR', 'টাঙ্গাইল সদর', '95', 1, 1, 1, '0000-00-00 00:00:00', '0000-00-00 00:00:00'),
(271, 4, 35, '', '', 'CHITALMARI', 'চিতলমারী ', '14', 1, 1, 1, '0000-00-00 00:00:00', '0000-00-00 00:00:00'),
(272, 4, 35, '', '', 'FAKIRHAT', 'ফকিরহাট ', '34', 1, 1, 1, '0000-00-00 00:00:00', '0000-00-00 00:00:00'),
(273, 4, 35, '', '', 'KACHUA', 'কচুয়া ', '38', 1, 1, 1, '0000-00-00 00:00:00', '0000-00-00 00:00:00'),
(274, 4, 35, '', '', 'MOLLAHAT', 'মোল্লাহাট ', '56', 1, 1, 1, '0000-00-00 00:00:00', '0000-00-00 00:00:00'),
(275, 4, 35, '', '', 'MONGLA', 'মোংলা ', '58', 1, 1, 1, '0000-00-00 00:00:00', '0000-00-00 00:00:00'),
(276, 4, 35, '', '', 'MORRELGANJ', 'মোড়েলগঞ্জ ', '60', 1, 1, 1, '0000-00-00 00:00:00', '0000-00-00 00:00:00'),
(277, 4, 35, '', '', 'RAMPAL', 'রামপাল ', '73', 1, 1, 1, '0000-00-00 00:00:00', '0000-00-00 00:00:00'),
(278, 4, 35, '', '', 'SARANKHOLA', 'শরণখোলা', '', 1, 1, 1, '0000-00-00 00:00:00', '0000-00-00 00:00:00'),
(279, 4, 36, '', '', 'ALAMDANGA', 'আলমডাঙ্গা ', '7', 1, 1, 1, '0000-00-00 00:00:00', '0000-00-00 00:00:00'),
(280, 4, 36, '', '', 'CHUADANGA SADAR', 'চুয়াডাঙ্গা সদর ', '23', 1, 1, 1, '0000-00-00 00:00:00', '0000-00-00 00:00:00'),
(281, 4, 36, '', '', 'DAMURHUDA', 'দামুড়হুদা ', '31', 1, 1, 1, '0000-00-00 00:00:00', '0000-00-00 00:00:00'),
(282, 4, 36, '', '', 'JIBAN NAGAR', 'জীবননগর ', '55', 1, 1, 1, '0000-00-00 00:00:00', '0000-00-00 00:00:00'),
(283, 4, 37, '', '', 'ABHAYNAGAR', 'অভয়নগর ', '4', 1, 1, 1, '0000-00-00 00:00:00', '0000-00-00 00:00:00'),
(284, 4, 37, '', '', 'BAGHER PARA', 'বাঘারপাড়া ', '9', 1, 1, 1, '0000-00-00 00:00:00', '0000-00-00 00:00:00'),
(285, 4, 37, '', '', 'CHAUGACHHA', 'চৌগাছা', '11', 1, 1, 1, '0000-00-00 00:00:00', '0000-00-00 00:00:00'),
(286, 4, 37, '', '', 'JHIKARGACHHA', 'ঝিকরগাছা ', '23', 1, 1, 1, '0000-00-00 00:00:00', '0000-00-00 00:00:00'),
(287, 4, 37, '', '', 'KESHABPUR', 'কেশবপুর ', '38', 1, 1, 1, '0000-00-00 00:00:00', '0000-00-00 00:00:00'),
(288, 4, 37, '', '', 'JESSORE SADAR', 'যশোর সদর ', '47', 1, 1, 1, '0000-00-00 00:00:00', '0000-00-00 00:00:00'),
(289, 4, 37, '', '', 'MANIRAMPUR', 'মণিরামপুর', '61', 1, 1, 1, '0000-00-00 00:00:00', '0000-00-00 00:00:00'),
(290, 4, 37, '', '', 'SHARSHA', 'শার্শা ', '90', 1, 1, 1, '0000-00-00 00:00:00', '0000-00-00 00:00:00'),
(291, 4, 38, '', '', 'HARINAKUNDA', 'হরিণাকুন্ডু ', '14', 1, 1, 1, '0000-00-00 00:00:00', '0000-00-00 00:00:00'),
(292, 4, 38, '', '', 'JHENAIDAH SADAR', 'ঝিনাইদহ সদর', '19', 1, 1, 1, '0000-00-00 00:00:00', '0000-00-00 00:00:00'),
(293, 4, 38, '', '', 'KALIGANJ', 'কালীগঞ্জ ', '33', 1, 1, 1, '0000-00-00 00:00:00', '0000-00-00 00:00:00'),
(294, 4, 38, '', '', 'KOTCHANDPUR', 'কোটচাঁদপুর ', '42', 1, 1, 1, '0000-00-00 00:00:00', '0000-00-00 00:00:00'),
(295, 4, 38, '', '', 'MAHESHPUR', 'মহেশপুর ', '71', 1, 1, 1, '0000-00-00 00:00:00', '0000-00-00 00:00:00'),
(296, 4, 38, '', '', 'SHAILKUPA', 'শৈলকুপা ', '80', 1, 1, 1, '0000-00-00 00:00:00', '0000-00-00 00:00:00'),
(297, 4, 39, '', '', 'BATIAGHATA', 'বটিয়াঘাটা ', '12', 1, 1, 1, '0000-00-00 00:00:00', '0000-00-00 00:00:00'),
(298, 4, 39, '', '', 'DACOPE', 'দাকোপ ', '17', 1, 1, 1, '0000-00-00 00:00:00', '0000-00-00 00:00:00'),
(299, 4, 39, '', '', 'DUMURIA', 'ডুমুরিয়া ', '30', 1, 1, 1, '0000-00-00 00:00:00', '0000-00-00 00:00:00'),
(300, 4, 39, '', '', 'KOYRA', 'কয়রা ', '53', 1, 1, 1, '0000-00-00 00:00:00', '0000-00-00 00:00:00'),
(301, 4, 39, '', '', 'PAIKGACHHA', 'পাইকগাছা ', '64', 1, 1, 1, '0000-00-00 00:00:00', '0000-00-00 00:00:00'),
(302, 4, 39, '', '', 'PHULTALA', 'ফুলতলা ', '69', 1, 1, 1, '0000-00-00 00:00:00', '0000-00-00 00:00:00'),
(303, 4, 39, '', '', 'RUPSA', 'রূপসা ', '75', 1, 1, 1, '0000-00-00 00:00:00', '0000-00-00 00:00:00'),
(304, 4, 39, '', '', 'TEROKHADA', 'তেরখাদা ', '94', 1, 1, 1, '0000-00-00 00:00:00', '0000-00-00 00:00:00'),
(305, 4, 39, '', '', 'DHEGHOLIA', 'দিঘলিয়া', '40', 0, 1, 1, '0000-00-00 00:00:00', '0000-00-00 00:00:00'),
(306, 4, 40, '', '', 'BHERAMARA', 'ভেড়ামারা ', '15', 0, 1, 1, '0000-00-00 00:00:00', '0000-00-00 00:00:00'),
(307, 4, 40, '', '', 'DAULATPUR', 'দৌলতপুর ', '39', 0, 1, 1, '0000-00-00 00:00:00', '0000-00-00 00:00:00'),
(308, 4, 40, '', '', 'KHOKSA', 'খোকসা', '63', 0, 1, 1, '0000-00-00 00:00:00', '0000-00-00 00:00:00'),
(309, 4, 40, '', '', 'KUMARKHALI', 'কুমারখালী ', '71', 0, 1, 1, '0000-00-00 00:00:00', '0000-00-00 00:00:00'),
(310, 4, 40, '', '', 'KUSHTIA SADAR', 'কুষ্টিয়া সদর ', '79', 0, 1, 1, '0000-00-00 00:00:00', '0000-00-00 00:00:00'),
(311, 4, 40, '', '', 'MIRPUR', 'মিরপুর ', '94', 0, 1, 1, '0000-00-00 00:00:00', '0000-00-00 00:00:00'),
(312, 4, 41, '', '', 'MAGURA SADAR', 'মাগুরা সদর ', '57', 0, 1, 1, '0000-00-00 00:00:00', '0000-00-00 00:00:00'),
(313, 4, 41, '', '', 'MOHAMMADPUR', 'মহম্মদপুর ', '66', 0, 1, 1, '0000-00-00 00:00:00', '0000-00-00 00:00:00'),
(314, 4, 41, '', '', 'SHALIKHA', 'শালিখা ', '85', 0, 1, 1, '0000-00-00 00:00:00', '0000-00-00 00:00:00'),
(315, 4, 41, '', '', 'SREEPUR', 'শ্রীপুর ', '95', 0, 1, 1, '0000-00-00 00:00:00', '0000-00-00 00:00:00'),
(316, 4, 42, '', '', 'GANGNI', 'গাংনী ', '47', 0, 1, 1, '0000-00-00 00:00:00', '0000-00-00 00:00:00'),
(317, 4, 42, '', '', 'MUJIB NAGAR', 'মুজিবনগর ', '60', 0, 1, 1, '0000-00-00 00:00:00', '0000-00-00 00:00:00'),
(318, 4, 42, '', '', 'MEHERPUR SADAR', 'মেহেরপুর সদর', '87', 0, 1, 1, '0000-00-00 00:00:00', '0000-00-00 00:00:00'),
(319, 4, 43, '', '', 'KALIA', 'কালিয়া', '28', 0, 1, 1, '0000-00-00 00:00:00', '0000-00-00 00:00:00'),
(320, 4, 43, '', '', 'LOHAGARA', 'লোহাগড়া', '52', 0, 1, 1, '0000-00-00 00:00:00', '0000-00-00 00:00:00'),
(321, 4, 43, '', '', 'NARAIL SADAR', 'নড়াইল সদর ', '76', 0, 1, 1, '0000-00-00 00:00:00', '0000-00-00 00:00:00'),
(322, 4, 44, '', '', 'ASSASUNI', 'আশাশুনি ', '4', 0, 1, 1, '0000-00-00 00:00:00', '0000-00-00 00:00:00'),
(323, 4, 44, '', '', 'DEBHATA', 'দেবহাটা ', '25', 0, 1, 1, '0000-00-00 00:00:00', '0000-00-00 00:00:00'),
(324, 4, 44, '', '', 'KALAROA', 'কলারোয়া ', '43', 0, 1, 1, '0000-00-00 00:00:00', '0000-00-00 00:00:00'),
(325, 4, 44, '', '', 'KALIGANJ', 'কালিগঞ্জ ', '47', 0, 1, 1, '0000-00-00 00:00:00', '0000-00-00 00:00:00'),
(326, 4, 44, '', '', 'SATKHIRA SADAR', 'সাতক্ষীরা সদর', '82', 0, 1, 1, '0000-00-00 00:00:00', '0000-00-00 00:00:00'),
(327, 4, 44, '', '', 'SHYAMNAGAR', 'শ্যামনগর ', '86', 0, 1, 1, '0000-00-00 00:00:00', '0000-00-00 00:00:00'),
(328, 4, 44, '', '', 'TALA', 'তালা ', '90', 0, 1, 1, '0000-00-00 00:00:00', '0000-00-00 00:00:00'),
(329, 5, 45, '', '', 'ADAMDIGHI', 'আদমদিঘি', '06', 0, 1, 1, '0000-00-00 00:00:00', '0000-00-00 00:00:00'),
(330, 5, 45, '', '', 'BOGRA SADAR', 'বগুড়া  সদর', '20', 0, 1, 1, '0000-00-00 00:00:00', '0000-00-00 00:00:00'),
(331, 5, 45, '', '', 'DHUNAT', 'ধুনট', '27', 0, 1, 1, '0000-00-00 00:00:00', '0000-00-00 00:00:00'),
(332, 5, 45, '', '', 'DHUPCHANCHIA', 'দুপচাচিঁয়া', '33', 0, 1, 1, '0000-00-00 00:00:00', '0000-00-00 00:00:00'),
(333, 5, 45, '', '', 'GABTALI', 'গাবতলি', '40', 0, 1, 1, '0000-00-00 00:00:00', '0000-00-00 00:00:00'),
(334, 5, 45, '', '', 'KAHALOO', 'কাহালু', '54', 0, 1, 1, '0000-00-00 00:00:00', '0000-00-00 00:00:00'),
(335, 5, 45, '', '', 'NANDIGRAM', 'নন্দিগ্রাম', '67', 0, 1, 1, '0000-00-00 00:00:00', '0000-00-00 00:00:00'),
(336, 5, 45, '', '', 'SARIAKANDI', 'সারিয়াকান্দি', '81', 0, 1, 1, '0000-00-00 00:00:00', '0000-00-00 00:00:00'),
(337, 5, 45, '', '', 'SHAJAHANPUR', 'শাজাহানপুর', '85', 0, 1, 1, '0000-00-00 00:00:00', '0000-00-00 00:00:00'),
(338, 5, 45, '', '', 'SHERPUR', 'শেরপুর', '88', 0, 1, 1, '0000-00-00 00:00:00', '0000-00-00 00:00:00'),
(339, 5, 45, '', '', 'SHIBGANJ', 'শিবগঞ্জ', '94', 0, 1, 1, '0000-00-00 00:00:00', '0000-00-00 00:00:00'),
(340, 5, 45, '', '', 'SONATOLA', 'সোনাতলা ', '95', 0, 1, 1, '0000-00-00 00:00:00', '0000-00-00 00:00:00'),
(341, 5, 46, '', '', 'AKKELPUR', 'আক্কেলপুর ', '13', 0, 1, 1, '0000-00-00 00:00:00', '0000-00-00 00:00:00'),
(342, 5, 46, '', '', 'JOYPURHAT SADAR', ' জয়পুরহাট সদর', '47', 0, 1, 1, '0000-00-00 00:00:00', '0000-00-00 00:00:00'),
(343, 5, 46, '', '', 'KALAI', 'কালাই', '58', 0, 1, 1, '0000-00-00 00:00:00', '0000-00-00 00:00:00'),
(344, 5, 47, '', '', 'ATRAI', 'আত্রাই', '03', 0, 1, 1, '0000-00-00 00:00:00', '0000-00-00 00:00:00'),
(345, 5, 47, '', '', 'DHAMOIRHAT', 'ধামইরহাট', '28', 0, 1, 1, '0000-00-00 00:00:00', '0000-00-00 00:00:00'),
(346, 5, 47, '', '', 'MANDA', 'মান্দা', '47', 0, 1, 1, '0000-00-00 00:00:00', '0000-00-00 00:00:00'),
(347, 5, 47, '', '', 'MAHADEBPUR', 'মহাদেবপুর', '50', 0, 1, 1, '0000-00-00 00:00:00', '0000-00-00 00:00:00'),
(348, 5, 47, '', '', 'NAOGAON SADAR', 'নওগাঁ সদর', '60', 0, 1, 1, '0000-00-00 00:00:00', '0000-00-00 00:00:00'),
(349, 5, 47, '', '', 'NIAMATPUR', 'নিয়ামতপুর', '69', 0, 1, 1, '0000-00-00 00:00:00', '0000-00-00 00:00:00'),
(350, 5, 47, '', '', 'PATNITALA', 'পত্নীতলা', '75', 0, 1, 1, '0000-00-00 00:00:00', '0000-00-00 00:00:00'),
(351, 5, 47, '', '', 'RANINAGAR', 'রাণীনগর', '85', 0, 1, 1, '0000-00-00 00:00:00', '0000-00-00 00:00:00'),
(352, 5, 47, '', '', 'SAPAHAR', 'সাপাহার', '86', 0, 1, 1, '0000-00-00 00:00:00', '0000-00-00 00:00:00'),
(353, 5, 47, '', '', 'BODOLGACHI', 'বদলগাছী', '', 0, 1, 1, '0000-00-00 00:00:00', '0000-00-00 00:00:00'),
(354, 5, 47, '', '', 'PORSHA', 'পোরশা', '', 0, 1, 1, '0000-00-00 00:00:00', '0000-00-00 00:00:00'),
(355, 5, 48, '', '', 'BAGATIPARA', 'বাগাতিপাড়া', '09', 0, 1, 1, '0000-00-00 00:00:00', '0000-00-00 00:00:00'),
(356, 5, 48, '', '', 'BARAIGRAM', 'বড়াইগ্রাম', '15', 0, 1, 1, '0000-00-00 00:00:00', '0000-00-00 00:00:00'),
(357, 5, 48, '', '', 'GURUDASPUR', 'গুরুদাসপুর', '41', 0, 1, 1, '0000-00-00 00:00:00', '0000-00-00 00:00:00'),
(358, 5, 48, '', '', 'LALPUR', 'লালপুর', '', 0, 1, 1, '0000-00-00 00:00:00', '0000-00-00 00:00:00'),
(359, 5, 48, '', '', 'NATORE SADAR', 'নাটোর সদর', '63', 0, 1, 1, '0000-00-00 00:00:00', '0000-00-00 00:00:00'),
(360, 5, 48, '', '6400', 'SINGRA', 'সিংড়া ', '6450', 1, 1, 1, '0000-00-00 00:00:00', '2017-09-10 15:28:30'),
(361, 5, 49, '', '', 'BHOLAHAT', 'ভোলাহাট', '18', 0, 1, 1, '0000-00-00 00:00:00', '0000-00-00 00:00:00'),
(362, 5, 49, '', '', 'GOMASTAPUR', 'গোমস্তাপুর', '37', 0, 1, 1, '0000-00-00 00:00:00', '0000-00-00 00:00:00'),
(363, 5, 49, '', '', 'NACHOLE', 'নাচোল', '56', 0, 1, 1, '0000-00-00 00:00:00', '0000-00-00 00:00:00'),
(364, 5, 49, '', '', 'CHAPAI NABABGANJ SADAR', 'চাঁপাই নাবাবগঞ্জ সদর', '66', 0, 1, 1, '0000-00-00 00:00:00', '0000-00-00 00:00:00'),
(365, 5, 49, '', '', 'SHIBGANJ', 'শিবগঞ্জ ', '88', 0, 1, 1, '0000-00-00 00:00:00', '0000-00-00 00:00:00'),
(366, 5, 50, '', '', 'ATGHARIA', 'আটঘারিয়া', '05', 0, 1, 1, '0000-00-00 00:00:00', '0000-00-00 00:00:00'),
(367, 5, 50, '', '', 'BERA', 'বেড়া', '16', 0, 1, 1, '0000-00-00 00:00:00', '0000-00-00 00:00:00'),
(368, 5, 50, '', '', 'BHANGURA', 'ভাঙ্গুরা', '19', 0, 1, 1, '0000-00-00 00:00:00', '0000-00-00 00:00:00'),
(369, 5, 50, '', '', 'CHATMOHAR', 'চাটমোহর ', '22', 0, 1, 1, '0000-00-00 00:00:00', '0000-00-00 00:00:00'),
(370, 5, 50, '', '', 'FARIDPUR', 'ফরিদপুর', '33', 0, 1, 1, '0000-00-00 00:00:00', '0000-00-00 00:00:00'),
(371, 5, 50, '', '', 'ISHWARDI', 'ঈশ্বরদী ', '39', 0, 1, 1, '0000-00-00 00:00:00', '0000-00-00 00:00:00'),
(372, 5, 50, '', '', 'PABNA SADAR', 'পাবনা সদর', '55', 0, 1, 1, '0000-00-00 00:00:00', '0000-00-00 00:00:00'),
(373, 5, 50, '', '', 'SANTHIA', 'সাঁথিয়া', '72', 0, 1, 1, '0000-00-00 00:00:00', '0000-00-00 00:00:00'),
(374, 5, 50, '', '', 'SUJANAGAR', 'সুজানগর', '83', 0, 1, 1, '0000-00-00 00:00:00', '0000-00-00 00:00:00'),
(375, 5, 51, '', '', 'BAGHA', 'বাঘা', '10', 0, 1, 1, '0000-00-00 00:00:00', '0000-00-00 00:00:00'),
(376, 5, 51, '', '', 'BAGHMARA', 'বাগমারা', '12', 0, 1, 1, '0000-00-00 00:00:00', '0000-00-00 00:00:00'),
(377, 5, 51, '', '', 'CHARGHAT', 'চারঘাট ', '25', 0, 1, 1, '0000-00-00 00:00:00', '0000-00-00 00:00:00'),
(378, 5, 51, '', '', 'DURGAPUR', 'দুর্গাপুর ', '31', 0, 1, 1, '0000-00-00 00:00:00', '0000-00-00 00:00:00'),
(379, 5, 51, '', '', 'GODAGARI', 'গোদাগাড়ী ', '34', 0, 1, 1, '0000-00-00 00:00:00', '0000-00-00 00:00:00'),
(380, 5, 51, '', '', 'MOHANPUR', 'মোহনপুর', '53', 0, 1, 1, '0000-00-00 00:00:00', '0000-00-00 00:00:00'),
(381, 5, 51, '', '', 'PABA', 'পবা', '72', 0, 1, 1, '0000-00-00 00:00:00', '0000-00-00 00:00:00'),
(382, 5, 51, '', '', 'PUTHIA', 'পুথিয়া', '82', 0, 1, 1, '0000-00-00 00:00:00', '0000-00-00 00:00:00'),
(383, 5, 51, '', '', 'TANORE', 'তানোর', '94', 0, 1, 1, '0000-00-00 00:00:00', '0000-00-00 00:00:00'),
(384, 5, 52, '', '', 'BELKUCHI', 'বেলকুচি ', '11', 0, 1, 1, '0000-00-00 00:00:00', '0000-00-00 00:00:00'),
(385, 5, 52, '', '', 'CHAUHALI', 'চৌহালি', '27', 0, 1, 1, '0000-00-00 00:00:00', '0000-00-00 00:00:00'),
(386, 5, 52, '', '', 'KAMARKHANDA', 'কামারখন্দ', '44', 0, 1, 1, '0000-00-00 00:00:00', '0000-00-00 00:00:00'),
(387, 5, 52, '', '', 'KAZIPUR', 'কাজিপুর', '50', 0, 1, 1, '0000-00-00 00:00:00', '0000-00-00 00:00:00'),
(388, 5, 52, '', '', 'ROYGANJ', 'রাইগঞ্জ', '61', 0, 1, 1, '0000-00-00 00:00:00', '0000-00-00 00:00:00'),
(389, 5, 52, '', '', 'SHAHJADPUR', 'শাহজাদপুর', '67', 0, 1, 1, '0000-00-00 00:00:00', '0000-00-00 00:00:00'),
(390, 5, 52, '', '', 'SIRAJGANJ SADAR', 'সিরাজগঞ্জ সদর', '78', 0, 1, 1, '0000-00-00 00:00:00', '0000-00-00 00:00:00'),
(391, 5, 52, '', '', 'TARASH', 'তারাশ', '89', 0, 1, 1, '0000-00-00 00:00:00', '0000-00-00 00:00:00'),
(392, 5, 52, '', '', 'ULLAH PARA', 'উল্লাহ পারা', '94', 0, 1, 1, '0000-00-00 00:00:00', '0000-00-00 00:00:00'),
(393, 6, 53, '', '', 'BIRAMPUR', 'বিরামপুর ', '10', 0, 1, 1, '0000-00-00 00:00:00', '0000-00-00 00:00:00'),
(394, 6, 53, '', '', 'BIRGANJ', 'বীরগঞ্জ', '12', 0, 1, 1, '0000-00-00 00:00:00', '0000-00-00 00:00:00'),
(395, 6, 53, '', '', 'BIRAL', 'বিরল', '17', 0, 1, 1, '0000-00-00 00:00:00', '0000-00-00 00:00:00'),
(396, 6, 53, '', '', 'BOCHAGANJ', 'বোচাগঞ্জ', '21', 0, 1, 1, '0000-00-00 00:00:00', '0000-00-00 00:00:00'),
(397, 6, 53, '', '', 'CHIRIRBANDAR', 'চিরিরবন্দর', '30', 0, 1, 1, '0000-00-00 00:00:00', '0000-00-00 00:00:00'),
(398, 6, 53, '', '', 'FULBARI', 'ফুলবাড়ী', '38', 0, 1, 1, '0000-00-00 00:00:00', '0000-00-00 00:00:00'),
(399, 6, 53, '', '', 'GHORAGHAT', 'ঘোড়াঘাট', '43', 0, 1, 1, '0000-00-00 00:00:00', '0000-00-00 00:00:00'),
(400, 6, 53, '', '', 'HAKIMPUR', 'হাকিমপুর', '47', 0, 1, 1, '0000-00-00 00:00:00', '0000-00-00 00:00:00'),
(401, 6, 53, '', '', 'KAHAROLE', 'কাহারোল', '56', 0, 1, 1, '0000-00-00 00:00:00', '0000-00-00 00:00:00'),
(402, 6, 53, '', '', 'KHANSAMA', 'খানসামা', '60', 0, 1, 1, '0000-00-00 00:00:00', '0000-00-00 00:00:00'),
(403, 6, 53, '', '', 'NAWABGANJ', 'নবাবগঞ্জ', '69', 0, 1, 1, '0000-00-00 00:00:00', '0000-00-00 00:00:00'),
(404, 6, 53, '', '', 'PARBATIPUR', 'পার্বতীপুর', '77', 0, 1, 1, '0000-00-00 00:00:00', '0000-00-00 00:00:00'),
(405, 6, 53, '', '', 'DINAJPUR SADAR', 'দিনাজপুর সদর', '64', 0, 1, 1, '0000-00-00 00:00:00', '0000-00-00 00:00:00'),
(406, 6, 54, '', '', 'FULCHHARI', 'ফুলছড়ি', '21', 0, 1, 1, '0000-00-00 00:00:00', '0000-00-00 00:00:00'),
(407, 6, 54, '', '', 'GAIBANDHA SADAR', 'গাইবান্ধা সদর', '24', 0, 1, 1, '0000-00-00 00:00:00', '0000-00-00 00:00:00'),
(408, 6, 54, '', '', 'GOBINDAGANJ', 'গোবিন্দগঞ্জ', '30', 0, 1, 1, '0000-00-00 00:00:00', '0000-00-00 00:00:00'),
(409, 6, 54, '', '', 'PALASHBARI', 'পলাশবাড়ী', '67', 0, 1, 1, '0000-00-00 00:00:00', '0000-00-00 00:00:00'),
(410, 6, 54, '', '', 'SADULLAPUR', 'সাদুল্লাপুর', '82', 0, 1, 1, '0000-00-00 00:00:00', '0000-00-00 00:00:00'),
(411, 6, 54, '', '', 'SAGHATA', 'সাঘাটা', '88', 0, 1, 1, '0000-00-00 00:00:00', '0000-00-00 00:00:00'),
(412, 6, 54, '', '', 'SUNDARGANJ', 'সুন্দরগঞ্জ', '91', 0, 1, 1, '0000-00-00 00:00:00', '0000-00-00 00:00:00'),
(413, 6, 55, '', '', 'BHURUNGAMARI', 'ভুরুঙ্গামারী', '6', 0, 1, 1, '0000-00-00 00:00:00', '0000-00-00 00:00:00'),
(414, 6, 55, '', '', 'CHAR RAJIBPUR', 'চর রাজিবপুর', '8', 0, 1, 1, '0000-00-00 00:00:00', '0000-00-00 00:00:00'),
(415, 6, 55, '', '', 'CHILMARI', 'চিলমারী ', '9', 0, 1, 1, '0000-00-00 00:00:00', '0000-00-00 00:00:00'),
(416, 6, 55, '', '', 'PHULBARI', 'ফুলবাড়ী', '18', 0, 1, 1, '0000-00-00 00:00:00', '0000-00-00 00:00:00'),
(417, 6, 55, '', '', 'KURIGRAM SADAR', 'কুড়িগ্রাম সদর', '52', 0, 1, 1, '0000-00-00 00:00:00', '0000-00-00 00:00:00'),
(418, 6, 55, '', '', 'NAGESHWARI', 'নাগেশ্বরী', '61', 0, 1, 1, '0000-00-00 00:00:00', '0000-00-00 00:00:00'),
(419, 6, 55, '', '', 'RAJARHAT', 'রাজারহাট', '77', 0, 1, 1, '0000-00-00 00:00:00', '0000-00-00 00:00:00'),
(420, 6, 55, '', '', 'RAUMARI', 'রৌমারী', '79', 0, 1, 1, '0000-00-00 00:00:00', '0000-00-00 00:00:00'),
(421, 6, 55, '', '', 'ULIPUR', 'উলিপুর', '94', 0, 1, 1, '0000-00-00 00:00:00', '0000-00-00 00:00:00'),
(422, 6, 56, '', '', 'ADITMARI', 'আদিতমারী', '2', 0, 1, 1, '0000-00-00 00:00:00', '0000-00-00 00:00:00'),
(423, 6, 56, '', '', 'HATIBANDHA', 'হাতীবান্ধা', '33', 0, 1, 1, '0000-00-00 00:00:00', '0000-00-00 00:00:00'),
(424, 6, 56, '', '', 'KALIGANJ', 'কালীগঞ্জ', '39', 0, 1, 1, '0000-00-00 00:00:00', '0000-00-00 00:00:00'),
(425, 6, 56, '', '', 'LALMONIRHAT SADAR', 'লালমনিরহাট সদর', '55', 0, 1, 1, '0000-00-00 00:00:00', '0000-00-00 00:00:00'),
(426, 6, 56, '', '', 'PATGRAM', 'পাটগ্রাম', '70', 0, 1, 1, '0000-00-00 00:00:00', '0000-00-00 00:00:00'),
(427, 6, 57, '', '', 'DOMAR UPAZILA', 'ডোমার উপজেলা', '15', 0, 1, 1, '0000-00-00 00:00:00', '0000-00-00 00:00:00'),
(428, 6, 57, '', '', 'JALDHAKA', 'জলঢাকা', '36', 0, 1, 1, '0000-00-00 00:00:00', '0000-00-00 00:00:00'),
(429, 6, 57, '', '', 'KISHOREGANJ', 'কিশোরগঞ্জ', '45', 0, 1, 1, '0000-00-00 00:00:00', '0000-00-00 00:00:00'),
(430, 6, 57, '', '', 'NILPHAMARI SADAR', 'নীলফামারী সদর', '64', 0, 1, 1, '0000-00-00 00:00:00', '0000-00-00 00:00:00'),
(431, 6, 57, '', '', 'SAIDPUR UPAZILA', 'সৈয়দপুর উপজেলা', '85', 0, 1, 1, '0000-00-00 00:00:00', '0000-00-00 00:00:00'),
(432, 6, 57, '', '', 'DIMLA', 'ডিমলা', '12', 0, 1, 1, '0000-00-00 00:00:00', '0000-00-00 00:00:00'),
(433, 6, 58, '', '', 'ATWARI', 'আটোয়ারী', '4', 0, 1, 1, '0000-00-00 00:00:00', '0000-00-00 00:00:00'),
(434, 6, 58, '', '', 'BODA', 'বোদা', '25', 0, 1, 1, '0000-00-00 00:00:00', '0000-00-00 00:00:00'),
(435, 6, 58, '', '', 'DEBIGANJ', 'দেবীগঞ্জ', '34', 0, 1, 1, '0000-00-00 00:00:00', '0000-00-00 00:00:00'),
(436, 6, 58, '', '', 'PANCHAGARH SADAR', 'পঞ্চগড় সদর', '73', 0, 1, 1, '0000-00-00 00:00:00', '0000-00-00 00:00:00'),
(437, 6, 58, '', '', 'TENTULIA', 'তেতুলিয়া', '90', 0, 1, 1, '0000-00-00 00:00:00', '0000-00-00 00:00:00'),
(438, 6, 59, '', '', 'BADARGANJ', 'বদরগঞ্জ', '3', 0, 1, 1, '0000-00-00 00:00:00', '0000-00-00 00:00:00'),
(439, 6, 59, '', '', 'KAUNIA', 'কাউনিয়া', '42', 0, 1, 1, '0000-00-00 00:00:00', '0000-00-00 00:00:00'),
(440, 6, 59, '', '', 'RANGPUR SADAR', 'রংপুর সদর', '49', 0, 1, 1, '0000-00-00 00:00:00', '0000-00-00 00:00:00'),
(441, 6, 59, '', '', 'MITHA PUKUR', 'মিঠাপুকুর', '58', 0, 1, 1, '0000-00-00 00:00:00', '0000-00-00 00:00:00'),
(442, 6, 59, '', '', 'PIRGACHHA', 'পীরগাছা', '73', 0, 1, 1, '0000-00-00 00:00:00', '0000-00-00 00:00:00'),
(443, 6, 59, '', '', 'PIRGANJ', 'পীরগঞ্জ ', '76', 0, 1, 1, '0000-00-00 00:00:00', '0000-00-00 00:00:00'),
(444, 6, 59, '', '', 'TARAGANJ', 'তারাগঞ্জ', '92', 0, 1, 1, '0000-00-00 00:00:00', '0000-00-00 00:00:00'),
(445, 6, 59, '', '', 'GANGAHORA', 'গঙ্গাচড়া', '', 0, 1, 1, '0000-00-00 00:00:00', '0000-00-00 00:00:00'),
(446, 6, 60, '', '', 'BALIADANGI', 'বালিয়াডাঙ্গী', '8', 0, 1, 1, '0000-00-00 00:00:00', '0000-00-00 00:00:00'),
(447, 6, 60, '', '', 'HARIPUR', 'হরিপুর', '51', 0, 1, 1, '0000-00-00 00:00:00', '0000-00-00 00:00:00'),
(448, 6, 60, '', '', 'PIRGANJ', 'পীরগঞ্জ', '82', 0, 1, 1, '0000-00-00 00:00:00', '0000-00-00 00:00:00'),
(449, 6, 60, '', '', 'RANISANKAIL', 'রাণীশংকৈল', '86', 0, 1, 1, '0000-00-00 00:00:00', '0000-00-00 00:00:00'),
(450, 6, 60, '', '', 'THAKURGAON SADAR', 'ঠাকুরগাঁও সদর', '94', 0, 1, 1, '0000-00-00 00:00:00', '0000-00-00 00:00:00'),
(451, 7, 61, '', '', 'AJMIRIGANJ', 'আজমিরীগঞ্জ', '44', 0, 1, 1, '0000-00-00 00:00:00', '0000-00-00 00:00:00'),
(452, 7, 61, '', '', 'BAHUBAL', 'বাহুবল ', '5', 0, 1, 1, '0000-00-00 00:00:00', '0000-00-00 00:00:00'),
(453, 7, 61, '', '', 'BANIACHONG', 'বানিয়াচং ', '11', 0, 1, 1, '0000-00-00 00:00:00', '0000-00-00 00:00:00'),
(454, 7, 61, '', '', 'CHUNARUGHAT', 'চুনারুঘাট ', '26', 0, 1, 1, '0000-00-00 00:00:00', '0000-00-00 00:00:00'),
(455, 7, 61, '', '', 'HABIGANJ SADAR', 'হবিগঞ্জ সদর ', '44', 0, 1, 1, '0000-00-00 00:00:00', '0000-00-00 00:00:00'),
(456, 7, 61, '', '', 'LAKHAI', 'লাখাই ', '68', 0, 1, 1, '0000-00-00 00:00:00', '0000-00-00 00:00:00'),
(457, 7, 61, '', '', 'MADHABPUR', 'মাধবপুর ', '71', 0, 1, 1, '0000-00-00 00:00:00', '0000-00-00 00:00:00'),
(458, 7, 61, '', '', 'NABIGANJ', 'নবীগঞ্জ ', '77', 0, 1, 1, '0000-00-00 00:00:00', '0000-00-00 00:00:00'),
(459, 7, 62, '', '', 'BARLEKHA', 'বড়লেখা ', '14', 0, 1, 1, '0000-00-00 00:00:00', '0000-00-00 00:00:00'),
(460, 7, 62, '', '', 'JURI', 'জুড়ী ', '35', 0, 1, 1, '0000-00-00 00:00:00', '0000-00-00 00:00:00'),
(461, 7, 62, '', '', 'KAMALGANJ', 'কমলগঞ্জ ', '56', 0, 1, 1, '0000-00-00 00:00:00', '0000-00-00 00:00:00'),
(462, 7, 62, '', '', 'KULAURA', 'কুলাউড়া ', '65', 0, 1, 1, '0000-00-00 00:00:00', '0000-00-00 00:00:00'),
(463, 7, 62, '', '', 'MAULVIBAZAR SADAR', 'মৌলভীবাজার সদর ', '74', 0, 1, 1, '0000-00-00 00:00:00', '0000-00-00 00:00:00'),
(464, 7, 62, '', '', 'RAJNAGAR', 'রাজনগর ', '80', 0, 1, 1, '0000-00-00 00:00:00', '0000-00-00 00:00:00'),
(465, 7, 62, '', '', 'SREEMANGAL', 'শ্রীমঙ্গল', '83', 0, 1, 1, '0000-00-00 00:00:00', '0000-00-00 00:00:00'),
(466, 7, 63, '', '', 'BISHWAMBARPUR', 'বিশ্বম্ভরপুর ', '18', 0, 1, 1, '0000-00-00 00:00:00', '0000-00-00 00:00:00'),
(467, 7, 63, '', '', 'CHHATAK', 'ছাতক ', '23', 0, 1, 1, '0000-00-00 00:00:00', '0000-00-00 00:00:00'),
(468, 7, 63, '', '', 'DERAI', 'দিরাই ', '29', 0, 1, 1, '0000-00-00 00:00:00', '0000-00-00 00:00:00'),
(469, 7, 63, '', '', 'DHARAMPASHA', 'ধর্মপাশা ', '32', 0, 1, 1, '0000-00-00 00:00:00', '0000-00-00 00:00:00');
INSERT INTO `geo_upazilas` (`id`, `geo_division_id`, `geo_district_id`, `division_bbs_code`, `district_bbs_code`, `upazila_name_eng`, `upazila_name_bng`, `bbs_code`, `status`, `created_by`, `modified_by`, `created`, `modified`) VALUES
(470, 7, 63, '', '', 'DOWARABAZAR', 'দোয়ারাবাজার ', '33', 0, 1, 1, '0000-00-00 00:00:00', '0000-00-00 00:00:00'),
(471, 7, 63, '', '', 'JAGANNATHPUR', 'জগন্নাথপুর ', '47', 0, 1, 1, '0000-00-00 00:00:00', '0000-00-00 00:00:00'),
(472, 7, 63, '', '', 'JAMALGANJ', 'জামালগঞ্জ ', '50', 0, 1, 1, '0000-00-00 00:00:00', '0000-00-00 00:00:00'),
(473, 7, 63, '', '', 'SULLA', 'শাল্লা ', '86', 0, 1, 1, '0000-00-00 00:00:00', '0000-00-00 00:00:00'),
(474, 7, 63, '', '', 'SUNAMGANJ SADAR', 'সুনামগঞ্জ সদর ', '89', 0, 1, 1, '0000-00-00 00:00:00', '0000-00-00 00:00:00'),
(475, 7, 63, '', '', 'TAHIRPUR', 'তাহিরপুর ', '92', 0, 1, 1, '0000-00-00 00:00:00', '0000-00-00 00:00:00'),
(476, 7, 63, '', '', 'DAKSHIN  SUNAMGANJ', 'দক্ষিণ  সুনামগঞ্জ', '', 0, 1, 1, '0000-00-00 00:00:00', '0000-00-00 00:00:00'),
(477, 7, 64, '', '', 'BALAGANJ', 'বালাগঞ্জ ', '8', 0, 1, 1, '0000-00-00 00:00:00', '0000-00-00 00:00:00'),
(478, 7, 64, '', '', 'BEANI BAZAR', 'বিয়ানীবাজার ', '17', 0, 1, 1, '0000-00-00 00:00:00', '0000-00-00 00:00:00'),
(479, 7, 64, '', '', 'BISHWANATH', 'বিশ্বনাথ ', '20', 0, 1, 1, '0000-00-00 00:00:00', '0000-00-00 00:00:00'),
(480, 7, 64, '', '', 'COMPANIGANJ', 'কোম্পানীগঞ্জ ', '27', 0, 1, 1, '0000-00-00 00:00:00', '0000-00-00 00:00:00'),
(481, 7, 64, '', '', 'DAKSHIN SURMA', 'দক্ষিণ সুরমা ', '31', 0, 1, 1, '0000-00-00 00:00:00', '0000-00-00 00:00:00'),
(482, 7, 64, '', '', 'FENCHUGANJ', 'ফেঞ্চুগঞ্জ ', '35', 0, 1, 1, '0000-00-00 00:00:00', '0000-00-00 00:00:00'),
(483, 7, 64, '', '', 'GOLAPGANJ', 'গোলাপগঞ্জ ', '38', 0, 1, 1, '0000-00-00 00:00:00', '0000-00-00 00:00:00'),
(484, 7, 64, '', '', 'GOWAINGHAT', 'গোয়াইনঘাট ', '41', 0, 1, 1, '0000-00-00 00:00:00', '0000-00-00 00:00:00'),
(485, 7, 64, '', '', 'JAINTIAPUR', 'জৈন্তাপুর ', '53', 0, 1, 1, '0000-00-00 00:00:00', '0000-00-00 00:00:00'),
(486, 7, 64, '', '', 'KANAIGHAT', 'কানাইঘাট ', '59', 0, 1, 1, '0000-00-00 00:00:00', '0000-00-00 00:00:00'),
(487, 7, 64, '', '', 'SYLHET SADAR', 'সিলেট সদর ', '62', 0, 1, 1, '0000-00-00 00:00:00', '0000-00-00 00:00:00'),
(488, 7, 64, '', '', 'ZAKIGANJ', 'জকিগঞ্জ ', '94', 0, 1, 1, '0000-00-00 00:00:00', '0000-00-00 00:00:00'),
(489, 4, 35, NULL, NULL, 'Bagerhat Sadar', 'বাগেরহাট সদর', '08', 1, 0, 0, '2016-07-12 15:52:14', '2016-07-12 15:52:14'),
(490, 2, 14, '20', '46', 'Guimara', 'গুইমারা', '66', 1, 0, 0, '2017-04-24 10:37:10', '2017-04-24 10:37:10'),
(491, 1, 3, '10', '9', 'charfassion', 'চরফ্যাশন', '24', 1, 0, 0, '2017-06-08 13:25:38', '2017-06-08 13:25:38'),
(492, 7, 64, '70', '91', 'Osmaninagar', 'ওসমানীনগর', '20', 1, 0, 0, '2017-06-20 15:34:12', '2017-06-20 15:34:12'),
(493, 5, 46, '50', '38', 'Khetlal', 'ক্ষেতলাল', '61', 1, 0, 0, '2017-08-20 11:29:08', '2017-08-20 11:29:08'),
(494, 5, 46, '50', '38', 'Panchbibi', 'পাঁচবিবি', '74', 1, 0, 0, '2017-08-20 11:30:06', '2017-08-20 11:30:06'),
(495, 5, 48, '50', '69', 'Naldanga ', 'নলডাঙ্গা ', '7350', 1, 0, 0, '2017-09-10 15:23:57', '2017-09-10 15:23:57'),
(496, 2, 10, NULL, '15', 'BAYEJID BOSTAMI', 'বায়জিদ বোস্তামী', '06', 1, 0, 0, '0000-00-00 00:00:00', '0000-00-00 00:00:00'),
(497, 2, 10, NULL, '15', 'BAKALIA', 'বাকলীয়া', '10', 1, 0, 0, '0000-00-00 00:00:00', '0000-00-00 00:00:00'),
(498, 2, 10, NULL, '15', 'CHANDGAON', 'চাঁদগাও', '19', 1, 0, 0, '0000-00-00 00:00:00', '0000-00-00 00:00:00'),
(499, 2, 10, NULL, '15', 'CHITTAGONG PORT', 'চট্টগ্রাম পোর্ট', '20', 1, 0, 0, '0000-00-00 00:00:00', '0000-00-00 00:00:00'),
(500, 2, 10, NULL, '15', 'DOUBLE MOORING', 'ডবলমুরিং', '28', 1, 0, 0, '0000-00-00 00:00:00', '0000-00-00 00:00:00'),
(501, 2, 10, NULL, '15', 'KARNAFULI (POLICE STATION)', 'কর্ণফুলী (পুলিশ ষ্টেশন)', '39', 1, 0, 0, '0000-00-00 00:00:00', '0000-00-00 00:00:00'),
(502, 2, 10, NULL, '15', 'HALISHAHAR', 'হালিশহর', '35', 1, 0, 0, '0000-00-00 00:00:00', '0000-00-00 00:00:00'),
(503, 2, 10, NULL, '15', 'KOTWALI', 'কোতয়ালী', '41', 1, 0, 0, '0000-00-00 00:00:00', '0000-00-00 00:00:00'),
(504, 2, 10, NULL, '15', 'KHULSHI', 'খুল্‌শী', '43', 1, 0, 0, '0000-00-00 00:00:00', '0000-00-00 00:00:00'),
(505, 2, 10, NULL, '15', 'PAHARTALI', 'পাহাড়তলী', '55', 1, 0, 0, '0000-00-00 00:00:00', '0000-00-00 00:00:00'),
(506, 2, 10, NULL, '15', 'PANCHLAISH', 'পাঁচলাইশ', '57', 1, 0, 0, '0000-00-00 00:00:00', '0000-00-00 00:00:00'),
(507, 2, 10, NULL, '15', 'PATENGA', 'পতেঙ্গা', '65', 1, 0, 0, '0000-00-00 00:00:00', '0000-00-00 00:00:00'),
(508, 3, 18, NULL, '26', 'ADABOR', 'আদাবর', '02', 1, 0, 0, '0000-00-00 00:00:00', '0000-00-00 00:00:00'),
(509, 3, 18, NULL, '26', 'DHANMONDI', 'ধানমন্ডি', '16', 1, 0, 0, '0000-00-00 00:00:00', '0000-00-00 00:00:00'),
(510, 3, 18, NULL, '26', 'HAZARIBAGH', 'হাজারীবাগ', '28', 1, 0, 0, '0000-00-00 00:00:00', '0000-00-00 00:00:00'),
(511, 3, 18, NULL, '26', 'BHASAN TEK', '', '21', 1, 0, 0, '0000-00-00 00:00:00', '0000-00-00 00:00:00'),
(512, 3, 18, NULL, '26', 'BHATARA', '', '22', 1, 0, 0, '0000-00-00 00:00:00', '0000-00-00 00:00:00'),
(513, 3, 18, NULL, '26', 'GENDARIA', 'গেন্ডারিয়া', '24', 1, 0, 0, '0000-00-00 00:00:00', '0000-00-00 00:00:00'),
(514, 3, 18, NULL, '26', 'GULSHAN', 'গুলশান', '26', 1, 0, 0, '0000-00-00 00:00:00', '0000-00-00 00:00:00'),
(515, 3, 18, NULL, '26', 'JATRABARI', 'যাত্রাবাড়ী', '29', 1, 0, 0, '0000-00-00 00:00:00', '0000-00-00 00:00:00'),
(516, 3, 18, NULL, '26', 'KAFRUL', 'কাফরুল', '30', 1, 0, 0, '0000-00-00 00:00:00', '0000-00-00 00:00:00'),
(517, 3, 18, NULL, '26', 'KADAMTALI', 'কদমতলী', '32', 1, 0, 0, '0000-00-00 00:00:00', '0000-00-00 00:00:00'),
(518, 3, 18, NULL, '26', 'KALABAGAN', 'কলাবাগান', '33', 1, 0, 0, '0000-00-00 00:00:00', '0000-00-00 00:00:00'),
(519, 3, 18, NULL, '26', 'KAMRANGIR CHAR', 'কামরাঙ্গীর চর', '34', 1, 0, 0, '0000-00-00 00:00:00', '0000-00-00 00:00:00'),
(520, 3, 18, NULL, '26', 'KHILGAON', 'খিলগাও', '36', 1, 0, 0, '0000-00-00 00:00:00', '0000-00-00 00:00:00'),
(521, 3, 18, NULL, '26', 'KHILKHET', 'খিলক্ষেত', '37', 1, 0, 0, '0000-00-00 00:00:00', '0000-00-00 00:00:00'),
(522, 3, 18, NULL, '26', 'KOTWALI', 'কোতয়ালী', '40', 1, 0, 0, '0000-00-00 00:00:00', '0000-00-00 00:00:00'),
(523, 3, 18, NULL, '26', 'LALBAGH', 'লালবাগ', '42', 1, 0, 0, '0000-00-00 00:00:00', '0000-00-00 00:00:00'),
(524, 3, 18, NULL, '26', 'RAMNA', 'রমনা', '66', 1, 0, 0, '0000-00-00 00:00:00', '0000-00-00 00:00:00'),
(525, 3, 18, NULL, '26', 'MOTIJHEEL', 'মতিঝিল', '54', 1, 0, 0, '0000-00-00 00:00:00', '0000-00-00 00:00:00'),
(526, 3, 18, NULL, '26', 'MUGDA PARA', '', '57', 1, 0, 0, '0000-00-00 00:00:00', '0000-00-00 00:00:00'),
(527, 3, 18, NULL, '26', 'NEW MARKET', 'নিউ মার্কেট', '63', 1, 0, 0, '0000-00-00 00:00:00', '0000-00-00 00:00:00'),
(528, 3, 18, NULL, '26', 'PALLABI', 'পল্লবী', '64', 1, 0, 0, '0000-00-00 00:00:00', '0000-00-00 00:00:00'),
(529, 3, 18, NULL, '26', 'PALTAN', 'পল্টন', '65', 1, 0, 0, '0000-00-00 00:00:00', '0000-00-00 00:00:00'),
(530, 3, 18, NULL, '26', 'RAMPURA', 'রামপুরা', '67', 1, 0, 0, '0000-00-00 00:00:00', '0000-00-00 00:00:00'),
(531, 3, 18, NULL, '26', 'SABUJBAGH', 'সবুজবাগ', '68', 1, 0, 0, '0000-00-00 00:00:00', '0000-00-00 00:00:00'),
(532, 3, 18, NULL, '26', 'RUPNAGAR', '', '70', 1, 0, 0, '0000-00-00 00:00:00', '0000-00-00 00:00:00'),
(533, 3, 18, NULL, '26', 'SHAHJAHANPUR', '', '73', 1, 0, 0, '0000-00-00 00:00:00', '0000-00-00 00:00:00'),
(534, 3, 18, NULL, '26', 'SHAH ALI', 'শাহ্‌ আলী', '74', 1, 0, 0, '0000-00-00 00:00:00', '0000-00-00 00:00:00'),
(535, 3, 18, NULL, '26', 'SHAHBAGH', 'শাহবাগ', '75', 1, 0, 0, '0000-00-00 00:00:00', '0000-00-00 00:00:00'),
(536, 3, 18, NULL, '26', 'SHYAMPUR', 'শ্যামপুর', '76', 1, 0, 0, '0000-00-00 00:00:00', '0000-00-00 00:00:00'),
(537, 3, 18, NULL, '26', 'SHER-E-BANGLA NAGAR', 'শের-ই-বাংলা নগর', '80', 1, 0, 0, '0000-00-00 00:00:00', '0000-00-00 00:00:00'),
(538, 3, 18, NULL, '26', 'SUTRAPUR', 'সুত্রাপুর', '88', 1, 0, 0, '0000-00-00 00:00:00', '0000-00-00 00:00:00'),
(539, 3, 18, NULL, '26', 'TEJGAON', 'তেজগাঁও', '90', 1, 0, 0, '0000-00-00 00:00:00', '0000-00-00 00:00:00'),
(540, 3, 18, NULL, '26', 'TEJGAON IND. AREA', 'তেজগাঁও শিল্প এলাকা', '92', 1, 0, 0, '0000-00-00 00:00:00', '0000-00-00 00:00:00'),
(541, 3, 18, NULL, '26', 'TURAG', 'তুরাগ', '93', 1, 0, 0, '0000-00-00 00:00:00', '0000-00-00 00:00:00'),
(542, 3, 18, NULL, '26', 'UTTARA  PASCHIM', 'উত্তরা', '94', 1, 0, 0, '0000-00-00 00:00:00', '0000-00-00 00:00:00'),
(543, 3, 18, NULL, '26', 'UTTARA  PURBA', '', '95', 1, 0, 0, '0000-00-00 00:00:00', '0000-00-00 00:00:00'),
(544, 3, 18, NULL, '26', 'UTTAR KHAN', 'উত্তর খান', '96', 1, 0, 0, '0000-00-00 00:00:00', '0000-00-00 00:00:00'),
(545, 3, 18, NULL, '26', 'WARI', '', '98', 1, 0, 0, '0000-00-00 00:00:00', '0000-00-00 00:00:00'),
(546, 1, 4, NULL, '42', 'KANTHALIA', 'কাঠালিয়া', '43', 1, 0, 0, '0000-00-00 00:00:00', '0000-00-00 00:00:00'),
(547, 1, 4, NULL, '42', 'RAJAPUR', 'রাজাপুর', '84', 1, 0, 0, '0000-00-00 00:00:00', '0000-00-00 00:00:00'),
(548, 4, 39, NULL, '47', 'DIGHALIA', 'দিঘলিয়া', '40', 1, 0, 0, '0000-00-00 00:00:00', '0000-00-00 00:00:00'),
(549, 4, 39, NULL, '47', 'KHALISHPUR', 'খালিসপুর', '45', 1, 0, 0, '0000-00-00 00:00:00', '0000-00-00 00:00:00'),
(550, 4, 39, NULL, '47', 'KHAN JAHAN ALI', 'খান জাহান আলী', '48', 1, 0, 0, '0000-00-00 00:00:00', '0000-00-00 00:00:00'),
(551, 4, 39, NULL, '47', 'KHULNA SADAR', 'খুলনা সদর', '51', 1, 0, 0, '0000-00-00 00:00:00', '0000-00-00 00:00:00'),
(552, 4, 39, NULL, '47', 'SONADANGA', 'সোনাডাঙ্গা', '85', 1, 0, 0, '0000-00-00 00:00:00', '0000-00-00 00:00:00'),
(553, 5, 47, NULL, '64', 'BADALGACHHI', 'বদলগাছী', '06', 1, 0, 0, '0000-00-00 00:00:00', '0000-00-00 00:00:00'),
(554, 3, 28, NULL, '67', 'BANDAR', 'বন্দর', '06', 1, 0, 0, '0000-00-00 00:00:00', '0000-00-00 00:00:00'),
(555, 3, 29, NULL, '68', 'NARSINGDI SADAR', 'নরসিংদী সদর', '60', 1, 0, 0, '0000-00-00 00:00:00', '0000-00-00 00:00:00'),
(556, 3, 30, NULL, '72', 'PURBADHALA', 'পূর্বধলা', '83', 1, 0, 0, '0000-00-00 00:00:00', '0000-00-00 00:00:00'),
(557, 2, 16, NULL, '75', 'KABIRHAT', 'কবিরহাট', '47', 1, 0, 0, '0000-00-00 00:00:00', '0000-00-00 00:00:00'),
(558, 2, 16, NULL, '75', 'NOAKHALI SADAR', 'নোয়াখালী সদর', '87', 1, 0, 0, '0000-00-00 00:00:00', '0000-00-00 00:00:00'),
(559, 1, 5, NULL, '78', 'GALACHIPA', 'গলাচিপা', '57', 1, 0, 0, '0000-00-00 00:00:00', '0000-00-00 00:00:00'),
(560, 5, 51, NULL, '81', 'BOALIA', 'বোয়ালিয়া', '22', 1, 0, 0, '0000-00-00 00:00:00', '0000-00-00 00:00:00'),
(561, 5, 51, NULL, '81', 'MATIHAR', 'মতিহার', '40', 1, 0, 0, '0000-00-00 00:00:00', '0000-00-00 00:00:00'),
(562, 5, 51, NULL, '81', 'RAJPARA', 'রাজপাড়া', '85', 1, 0, 0, '0000-00-00 00:00:00', '0000-00-00 00:00:00'),
(563, 5, 51, NULL, '81', 'SHAH MAKHDUM', 'শাহ্‌ মখদুম', '90', 1, 0, 0, '0000-00-00 00:00:00', '0000-00-00 00:00:00'),
(564, 2, 17, NULL, '84', 'BARKAL UPAZILA', 'বরকল', '21', 1, 0, 0, '0000-00-00 00:00:00', '0000-00-00 00:00:00'),
(565, 2, 17, NULL, '84', 'BELAI CHHARI  UPAZI', 'বিলাইছড়ি', '29', 1, 0, 0, '0000-00-00 00:00:00', '0000-00-00 00:00:00'),
(566, 2, 17, NULL, '84', 'KAPTAI  UPAZILA', 'কাপ্তাই', '36', 1, 0, 0, '0000-00-00 00:00:00', '0000-00-00 00:00:00'),
(567, 2, 17, NULL, '84', 'JURAI CHHARI UPAZIL', 'জুরাইছড়ি', '47', 1, 0, 0, '0000-00-00 00:00:00', '0000-00-00 00:00:00'),
(568, 2, 17, NULL, '84', 'LANGADU  UPAZILA', 'লংগদু', '58', 1, 0, 0, '0000-00-00 00:00:00', '0000-00-00 00:00:00'),
(569, 2, 17, NULL, '84', 'NANIARCHAR  UPAZILA', 'নানিয়ারচর', '75', 1, 0, 0, '0000-00-00 00:00:00', '0000-00-00 00:00:00'),
(570, 2, 17, NULL, '84', 'RAJASTHALI  UPAZILA', 'রাজস্থালী', '78', 1, 0, 0, '0000-00-00 00:00:00', '0000-00-00 00:00:00'),
(571, 2, 17, NULL, '84', 'RANGAMATI SADAR  UP', 'রাঙ্গামাটি সদর', '87', 1, 0, 0, '0000-00-00 00:00:00', '0000-00-00 00:00:00'),
(572, 6, 59, NULL, '85', 'GANGACHARA', 'গংগাচড়া', '27', 1, 0, 0, '0000-00-00 00:00:00', '0000-00-00 00:00:00'),
(573, 7, 63, NULL, '90', 'DAKSHIN SUNAMGANJ', 'দক্ষিন সুনামগঞ্জ', '27', 1, 0, 0, '0000-00-00 00:00:00', '0000-00-00 00:00:00'),
(574, 1, 3, NULL, '09', 'CHAR FASSON', 'চরফ্যাশন', '25', 1, 0, 0, '0000-00-00 00:00:00', '0000-00-00 00:00:00');

-- --------------------------------------------------------

--
-- Table structure for table `languages`
--

CREATE TABLE `languages` (
  `id` bigint(20) UNSIGNED NOT NULL,
  `title` varchar(255) COLLATE utf8_unicode_ci NOT NULL,
  `prefix` varchar(255) COLLATE utf8_unicode_ci NOT NULL,
  `created_at` timestamp NULL DEFAULT NULL,
  `updated_at` timestamp NULL DEFAULT NULL
) ENGINE=InnoDB DEFAULT CHARSET=utf8 COLLATE=utf8_unicode_ci;

--
-- Dumping data for table `languages`
--

INSERT INTO `languages` (`id`, `title`, `prefix`, `created_at`, `updated_at`) VALUES
(1, 'English', 'EN', NULL, '2021-12-29 22:35:27'),
(2, 'Bangla', 'BN', NULL, NULL);

-- --------------------------------------------------------

--
-- Table structure for table `lang_values`
--

CREATE TABLE `lang_values` (
  `id` bigint(20) UNSIGNED NOT NULL,
  `language_id` bigint(20) UNSIGNED DEFAULT NULL,
  `universal` varchar(255) COLLATE utf8_unicode_ci DEFAULT NULL,
  `value` varchar(255) COLLATE utf8_unicode_ci DEFAULT NULL,
  `message` text COLLATE utf8_unicode_ci DEFAULT NULL,
  `created_at` timestamp NULL DEFAULT NULL,
  `updated_at` timestamp NULL DEFAULT NULL
) ENGINE=InnoDB DEFAULT CHARSET=utf8 COLLATE=utf8_unicode_ci;

--
-- Dumping data for table `lang_values`
--

INSERT INTO `lang_values` (`id`, `language_id`, `universal`, `value`, `message`, `created_at`, `updated_at`) VALUES
(1, 1, 'name', 'Name', NULL, NULL, NULL),
(2, 2, 'name', 'নাম', NULL, NULL, NULL),
(3, 1, 'login', 'Login', NULL, NULL, NULL),
(4, 2, 'login', 'লগইন করুন', NULL, NULL, NULL),
(5, 2, 'e_required', 'এই ঘরটি পূরণ করা আবশ্যক', NULL, '2021-08-22 02:45:22', '2022-01-10 23:29:18'),
(6, 1, 'e_required', 'This field is required', NULL, NULL, NULL),
(7, 2, 'e_min_8', 'নূন্যতম ৬ অক্ষরের হতে হবে', NULL, NULL, NULL),
(8, 1, 'e_min_8', 'has to be minimum 6 characters', NULL, NULL, NULL),
(9, 1, 'please_login', 'Please Login', NULL, NULL, NULL),
(10, 2, 'please_login', 'অনুগ্রহ পূর্বক লগইন করুন', NULL, NULL, '2022-02-03 00:10:20'),
(11, 1, 'e_unique', 'It has already been taken', NULL, NULL, NULL),
(12, 2, 'e_unique', 'পূর্বে ব্যবহৃত হয়েছে', NULL, NULL, '2022-01-10 23:23:46'),
(13, 1, 'e_password_confirm', 'Password didn\'t match', NULL, NULL, NULL),
(14, 2, 'e_password_confirm', 'পাসওয়ার্ড ম্যাচ করেনি', NULL, NULL, NULL),
(15, 1, 'e_email', 'provided mail address is not correct', NULL, NULL, NULL),
(16, 2, 'e_email', 'প্রদানকৃত মেইল এড্রেসটি সঠিক নয়', NULL, NULL, '2022-02-03 00:10:51'),
(17, 1, 'course_category', 'Course Category', NULL, NULL, NULL),
(18, 2, 'course_category', 'কোর্স ক্যাটাগরি', NULL, NULL, '2022-01-26 00:12:48'),
(19, 1, 'partnership', 'Partnership', NULL, NULL, NULL),
(20, 1, 'names1', 'নাম', NULL, NULL, '2021-12-29 22:36:02'),
(21, 1, 'tutorial', 'Tutorial', NULL, NULL, NULL),
(22, 2, 'tutorial', 'টিউটোরিয়াল', NULL, NULL, NULL),
(23, 1, 'featured_courses', 'Featured Courses', NULL, NULL, NULL),
(24, 2, 'featured_courses', 'আকর্ষনীয় কোর্সসমূহ', NULL, NULL, NULL),
(25, 1, 'join_now', 'Join now', NULL, NULL, NULL),
(26, 2, 'join_now', 'অংশ নিন', NULL, NULL, NULL),
(27, 1, 'latest_news', 'Latest News', NULL, NULL, NULL),
(28, 2, 'latest_news', 'সর্বশেষ খবর', NULL, NULL, NULL),
(29, 1, 'total_students', 'Total Students', NULL, NULL, NULL),
(30, 2, 'total_students', 'মোট শিক্ষার্থী', NULL, NULL, NULL),
(31, 1, 'total_courses', 'Total Courses', NULL, NULL, NULL),
(32, 2, 'total_courses', 'টোটাল কোর্সেস', NULL, NULL, '2022-03-23 00:16:52'),
(33, 1, 'running_courses', 'Running Courses', NULL, NULL, NULL),
(34, 2, 'running_courses', 'চলমান কোর্স', NULL, NULL, NULL),
(35, 1, 'total_partners', 'Total Partners', NULL, NULL, NULL),
(36, 2, 'total_partners', 'মোট পার্টনার', NULL, NULL, NULL),
(37, 1, 'popular_courses', 'Popular Courses', NULL, NULL, NULL),
(38, 2, 'popular_courses', 'জনপ্রিয় কোর্সসমূহ', NULL, NULL, NULL),
(39, 1, 'latest_courses', 'Latest Courses', NULL, NULL, NULL),
(40, 2, 'latest_courses', 'সর্বশেষ কোর্সসমূহ', NULL, NULL, NULL),
(41, 1, 'completed_courses', 'Completed Courses', NULL, NULL, NULL),
(42, 2, 'completed_courses', 'সম্পন্ন কোর্সসমূহ', NULL, NULL, NULL),
(43, 1, 'upcoming_courses', 'Upcoming Courses', NULL, NULL, NULL),
(44, 2, 'upcoming_courses', 'আসন্ন কোর্সসমূহ', NULL, NULL, NULL),
(45, 1, 'featured_contents', 'Featured Contents', NULL, NULL, NULL),
(46, 2, 'featured_contents', 'আকর্ষনীয় কন্টেন্ট', NULL, NULL, NULL),
(47, 1, 'popular_contents', 'Popular Contents', NULL, NULL, NULL),
(48, 2, 'popular_contents', 'জনপ্রিয় কন্টেন্টসমূহ', NULL, NULL, NULL),
(49, 1, 'latest_contents', 'Latest Contents', NULL, NULL, NULL),
(50, 2, 'latest_contents', 'সর্বশেষ কন্টেন্টসমূহ', NULL, NULL, NULL),
(51, 1, 'running_contents', 'Running Contents', NULL, NULL, NULL),
(52, 2, 'running_contents', 'চলমান কন্টেন্টসমূহ', NULL, NULL, NULL),
(53, 1, 'completed_contents', 'Completed Contents', NULL, NULL, NULL),
(55, 1, 'upcoming_contents', 'Upcoming Contents', NULL, NULL, NULL),
(56, 2, 'upcoming_contents', 'আসন্ন কন্টেন্টসমূহ', NULL, NULL, NULL),
(57, 1, 'latest', 'Latest', NULL, NULL, NULL),
(58, 2, 'latest', 'সর্বশেষ', NULL, NULL, NULL),
(59, 1, 'tutorials', 'Tutorials', NULL, NULL, NULL),
(60, 2, 'tutorials', 'টিউটোরিয়াল  সমূহ', NULL, NULL, '2022-01-27 03:57:44'),
(61, 1, 'popular', 'Popular', NULL, NULL, NULL),
(62, 2, 'popular', 'জনপ্রিয়', NULL, NULL, NULL),
(63, 1, 'categories', 'Categories', NULL, NULL, NULL),
(64, 2, 'categories', 'ক্যাটাগরি', 'categories', NULL, '2022-01-01 23:51:07'),
(65, 1, 'partners', 'Partners', NULL, NULL, NULL),
(66, 2, 'partners', 'পার্টনার', NULL, NULL, NULL),
(67, 1, 'recent_activities', 'Recent Activities', NULL, NULL, NULL),
(68, 2, 'recent_activities', 'সাম্প্রতিক কার্যকলাপসমূহ', NULL, NULL, NULL),
(69, 1, 'profile', 'Profile', NULL, NULL, NULL),
(70, 2, 'profile', 'প্রোফাইল', NULL, NULL, NULL),
(71, 1, 'switch_learner', 'Switch to learner account', NULL, NULL, NULL),
(72, 2, 'switch_learner', 'লার্নার একাউন্ট', NULL, NULL, NULL),
(73, 1, 'no_account', 'If you don\'t have account', NULL, NULL, NULL),
(74, 2, 'no_account', 'যদি একাউন্ট না থাকে', NULL, NULL, NULL),
(75, 1, 'email', 'Email address', NULL, NULL, NULL),
(76, 2, 'email', 'ইমেইল', NULL, NULL, NULL),
(77, 1, 'password', 'Password', NULL, NULL, NULL),
(78, 2, 'password', 'পাসওয়ার্ড', NULL, NULL, NULL),
(79, 1, 'register', 'Registration', NULL, NULL, NULL),
(80, 2, 'register', 'রেজিস্ট্রেশন', NULL, NULL, NULL),
(81, 1, 'reset_password', 'Forgot password ?', NULL, NULL, NULL),
(82, 2, 'reset_password', 'পাসওয়ার্ড ভুলে গিয়েছেন?', NULL, NULL, NULL),
(83, 1, 'full_name', 'Full name', NULL, NULL, NULL),
(84, 2, 'full_name', 'পূর্ণ নাম(বাংলায়)', NULL, NULL, '2022-01-13 04:00:13'),
(85, 1, 'select', 'Select', NULL, NULL, NULL),
(86, 2, 'select', 'বাছাই করুন', NULL, NULL, '2022-02-08 05:53:14'),
(87, 1, 'profession', 'Your profession', NULL, NULL, NULL),
(88, 2, 'profession', 'আপনার পেশা', NULL, NULL, NULL),
(89, 1, 'gender', 'Gender', NULL, NULL, '2022-01-18 23:16:10'),
(90, 2, 'gender', 'লিঙ্গ', NULL, NULL, NULL),
(91, 1, 'new_password', 'Password', NULL, NULL, NULL),
(92, 2, 'new_password', 'পাসওয়ার্ড', NULL, NULL, NULL),
(93, 1, 'confirm_password', 'Confirm Password', NULL, NULL, NULL),
(94, 2, 'confirm_password', 'পাসওয়ার্ড কনফার্ম করুন', NULL, NULL, NULL),
(95, 1, 'registration', 'Do Registration', NULL, NULL, NULL),
(96, 2, 'registration', 'রেজিস্ট্রেশন করুন', NULL, NULL, NULL),
(97, 1, 'dashboard', 'Dashboard', NULL, NULL, NULL),
(98, 2, 'dashboard', 'ড্যাশবোর্ড', NULL, NULL, NULL),
(99, 1, 'my_profile', 'My profile', NULL, NULL, NULL),
(100, 2, 'my_profile', 'আমার প্রোফাইল', NULL, NULL, NULL),
(101, 1, 'shared_with_me', 'Shared with me', NULL, NULL, NULL),
(102, 2, 'shared_with_me', 'আমার সাথে শেয়ার করা', NULL, NULL, NULL),
(103, 1, 'assessments', 'Assessments', NULL, NULL, NULL),
(104, 2, 'assessments', 'মূল্যায়ন', NULL, NULL, '2021-12-21 05:22:02'),
(105, 1, 'personal_info', 'Personal Info', NULL, NULL, NULL),
(106, 2, 'personal_info', 'ব্যক্তিগত তথ্য', NULL, NULL, '2022-01-10 23:38:37'),
(107, 1, 'education', 'Education', NULL, NULL, NULL),
(108, 2, 'education', 'শিক্ষাগত যোগ্যতা', NULL, NULL, NULL),
(109, 1, 'employment', 'Employment', NULL, NULL, NULL),
(110, 2, 'employment', 'পেশাগত তথ্য', NULL, NULL, NULL),
(111, 1, 'contact_info', 'Contact Info', NULL, NULL, NULL),
(112, 2, 'contact_info', 'যোগাযোগের তথ্য', NULL, NULL, NULL),
(113, 1, 'attachments', 'Attachments', NULL, NULL, NULL),
(114, 2, 'attachments', 'সংযুক্তি', NULL, NULL, NULL),
(115, 1, 'account_settings', 'Account Settings', NULL, NULL, NULL),
(116, 2, 'account_settings', 'একাউন্ট সেটিংস', NULL, NULL, NULL),
(117, 1, 'institution', 'Be a partner', NULL, NULL, NULL),
(118, 2, 'institution', 'পার্টনার হোন', NULL, NULL, NULL),
(119, 1, 'fathers_name', 'Fathers Name', NULL, NULL, NULL),
(120, 2, 'fathers_name', 'পিতার নাম', NULL, NULL, NULL),
(121, 1, 'bangla_name', 'Your name in Bangla', NULL, NULL, NULL),
(122, 2, 'bangla_name', 'আপনার নাম বাংলায়', NULL, NULL, NULL),
(123, 1, 'mothers_name', 'Mothers Name', NULL, NULL, NULL),
(124, 2, 'mothers_name', 'মাতার নাম', NULL, NULL, NULL),
(125, 1, 'english_name', 'Your name in English (as in certificate)', NULL, NULL, NULL),
(126, 2, 'english_name', 'আপনার নাম ইংরেজিতে (সার্টিফিকেটে এই নামই ব্যবহৃত হবে)', NULL, NULL, '2022-01-10 23:39:28'),
(127, 1, 'dob', 'Date of birth', NULL, NULL, NULL),
(128, 2, 'dob', 'জন্ম তারিখ', NULL, NULL, NULL),
(129, 1, 'nid', 'NID number', NULL, NULL, NULL),
(130, 2, 'nid', 'জাতীয় পরিচয়পত্র নম্বর(ইংরেজিতে)', NULL, NULL, '2022-01-11 00:07:46'),
(131, 1, 'about_me', 'About Me', NULL, NULL, NULL),
(132, 2, 'about_me', 'আমার সম্পর্কে', NULL, NULL, NULL),
(133, 1, 'update', 'Update', NULL, NULL, NULL),
(134, 2, 'update', 'আপডেট', NULL, NULL, NULL),
(135, 1, 'education_level', 'Education Level', NULL, NULL, NULL),
(136, 2, 'education_level', 'শিক্ষাগত যোগ্যতা', NULL, NULL, NULL),
(137, 1, 'institution_name', 'Institution Name', NULL, NULL, NULL),
(138, 2, 'institution_name', 'প্রতিষ্ঠানের নাম', NULL, NULL, NULL),
(139, 1, 'company_name', 'Company name', NULL, NULL, NULL),
(140, 2, 'company_name', 'কোম্পানির নাম', NULL, NULL, NULL),
(141, 1, 'designation', 'Designation', NULL, NULL, NULL),
(142, 2, 'designation', 'উপাধি', NULL, NULL, NULL),
(143, 1, 'area_of_expertise', 'Area of expertise', NULL, NULL, NULL),
(144, 2, 'area_of_expertise', 'দক্ষতার ক্ষেত্র', NULL, NULL, NULL),
(145, 1, 'working_field', 'Working Field', NULL, NULL, NULL),
(146, 2, 'working_field', 'কাজের ক্ষেত্র', NULL, NULL, NULL),
(147, 1, 'nouser', 'User does not exist', NULL, NULL, NULL),
(148, 2, 'nouser', 'ইউজার পাওয়া যায়নি', NULL, NULL, NULL),
(149, 1, 'all', 'All', NULL, NULL, NULL),
(150, 2, 'all', 'সকল', NULL, NULL, NULL),
(151, 1, 'running', 'Running', NULL, NULL, NULL),
(152, 2, 'running', 'চলমান', NULL, NULL, NULL),
(153, 1, 'complete', 'Complete', NULL, NULL, NULL),
(154, 2, 'complete', 'সম্পন্ন', NULL, NULL, NULL),
(155, 1, 'end', 'End', NULL, NULL, NULL),
(156, 2, 'end', 'শেষ', NULL, NULL, NULL),
(157, 1, 'content', 'Content', NULL, NULL, NULL),
(158, 2, 'content', 'কন্টেন্ট', NULL, NULL, NULL),
(159, 1, 'question_bank', 'Question Bank', NULL, NULL, NULL),
(160, 2, 'question_bank', 'প্রশ্ন ব্যাংক', NULL, NULL, NULL),
(161, 1, 'my_contents', 'My contents', NULL, NULL, NULL),
(162, 2, 'my_contents', 'আমার কন্টেন্টসমূহ', NULL, NULL, NULL),
(163, 1, 'purchase_contents', 'Purchased Contents', NULL, NULL, NULL),
(164, 2, 'purchase_contents', 'কেনা কন্টেন্টসমূহ', NULL, NULL, NULL),
(165, 1, 'other_contents', 'Other Contents', NULL, NULL, NULL),
(166, 2, 'other_contents', 'অন্যান্য কন্টেন্টসমূহ', NULL, NULL, NULL),
(167, 1, 'all_questions', 'All Questions', NULL, NULL, NULL),
(168, 2, 'all_questions', 'সকল প্রশ্ন', NULL, NULL, NULL),
(169, 1, 'folders', 'Folders', NULL, NULL, NULL),
(170, 2, 'folders', 'ফোল্ডার', NULL, NULL, NULL),
(171, 1, 'trash', 'Trash', NULL, NULL, NULL),
(172, 2, 'trash', 'ফেলে দেয়া', NULL, NULL, NULL),
(173, 1, 'basic', 'Basic Info', NULL, NULL, NULL),
(174, 2, 'basic', 'বেসিক ইনফো', NULL, NULL, '2022-03-21 03:52:51'),
(175, 1, 'advance', 'Advance', NULL, NULL, NULL),
(176, 2, 'advance', 'অ্যাডভান্স', NULL, NULL, '2022-03-21 03:54:28'),
(177, 1, 'batch', 'Batch', NULL, NULL, NULL),
(178, 2, 'batch', 'ব্যাচ', NULL, NULL, NULL),
(179, 1, 'restricted_user', 'Restricted User', NULL, NULL, NULL),
(180, 2, 'restricted_user', 'সীমাবদ্ধ শিক্ষার্থী', NULL, NULL, NULL),
(181, 1, 'mark', 'Mark', NULL, NULL, NULL),
(182, 2, 'mark', 'মার্ক', NULL, NULL, NULL),
(183, 1, 'certificate', 'Certificate', NULL, NULL, NULL),
(184, 2, 'certificate', 'সার্টিফিকেট', NULL, NULL, '2022-03-21 04:08:35'),
(185, 1, 'payment', 'Payment', NULL, NULL, NULL),
(186, 2, 'payment', 'পেমেন্ট', NULL, NULL, NULL),
(187, 1, 'curriculum', 'Curriculum', NULL, NULL, NULL),
(188, 2, 'curriculum', 'পাঠ্যক্রম', NULL, NULL, NULL),
(189, 1, 'my', 'My', NULL, NULL, NULL),
(190, 2, 'my', 'আমার', NULL, NULL, NULL),
(191, 1, 'my_assessments', 'My assessments', NULL, NULL, NULL),
(192, 2, 'my_assessments', 'আমার মূল্যায়নসমূহ', NULL, NULL, '2022-01-11 03:23:27'),
(193, 1, 'my_files', 'My Files', NULL, NULL, NULL),
(194, 2, 'my_files', 'আমার ফাইলসমূহ', NULL, NULL, NULL),
(195, 1, 'template', 'Template', NULL, NULL, NULL),
(196, 2, 'template', 'টেমপ্লেট', NULL, NULL, NULL),
(197, 1, 'user_management', 'User Management', NULL, NULL, NULL),
(198, 2, 'user_management', 'ইউজার ম্যানেজমেন্ট', NULL, NULL, NULL),
(199, 1, 'pending_list', 'Pending List', NULL, NULL, NULL),
(200, 2, 'pending List', 'এপ্রুভ করা বাকি', NULL, NULL, NULL),
(201, 1, 'rejected_list', 'Rejected List', NULL, NULL, NULL),
(202, 2, 'rejected_list', 'প্রত্যাখ্যাত তালিকা', NULL, NULL, NULL),
(203, 1, 'file_manager', 'File Manager', NULL, NULL, NULL),
(204, 2, 'file_manager', 'ফাইল ম্যানেজার', NULL, NULL, '2022-05-31 06:17:40'),
(205, 1, 'content_bank', 'Content Bank', NULL, NULL, NULL),
(206, 2, 'content_bank', 'কন্টেন্ট ব্যাঙ্ক', NULL, NULL, NULL),
(207, 1, 'system-user', 'System User', NULL, NULL, NULL),
(208, 2, 'system-user', 'সিস্টেম ইউজার', NULL, NULL, NULL),
(209, 2, 'e_min_11', 'নূন্যতম ১১ সংখ্যার হতে হবে', NULL, NULL, NULL),
(210, 1, 'e_min_11', 'Has to be minimum 11 digits ', NULL, NULL, NULL),
(211, 1, 'email_phone', 'Email or phone', NULL, NULL, NULL),
(212, 2, 'email_phone', 'ইমেইল অথবা ফোন নম্বর', NULL, NULL, NULL),
(213, 1, 'learners', 'Users', NULL, NULL, NULL),
(214, 2, 'learners', 'ইউজার', NULL, NULL, '2022-01-26 01:43:08'),
(215, 1, 'manage-role', 'Manage Role', NULL, NULL, NULL),
(216, 2, 'manage-role', 'রোল ম্যানেজ', NULL, NULL, NULL),
(217, 1, 'calendar', 'Calendar', NULL, NULL, NULL),
(218, 2, 'calendar', 'ক্যালেন্ডার', NULL, NULL, NULL),
(219, 1, 'welcome_msg', 'Welcome to Muktopaath', NULL, NULL, NULL),
(220, 2, 'welcome_msg', 'মুক্তপাঠে স্বাগতম', NULL, NULL, NULL),
(221, 1, 'login_with_social', 'You can login with social platforms', NULL, NULL, NULL),
(222, 2, 'login_with_social', 'আপনি সোশ্যাল প্লাটফর্ম ব্যবহার করে প্রবেশ করতে পারেন', NULL, NULL, NULL),
(223, 1, 'or_fillup', 'Or fillup the form below', NULL, NULL, NULL),
(224, 2, 'or_fillup', 'অথবা নিচের ফর্মটি পূরণ করুন', NULL, NULL, '2022-01-19 23:01:52'),
(225, 1, 'phone_or_email', 'You phone or email address', NULL, NULL, NULL),
(226, 2, 'phone_or_email', 'আপনার মোবাইল অথবা ইমেইল', NULL, NULL, NULL),
(227, 1, 'new_to_mp', 'Are you new to muktopaath? then', NULL, NULL, '2022-02-03 00:03:45'),
(228, 2, 'new_to_mp', 'আপনি কি মুক্তপাঠে নতুন? তাহলে', NULL, NULL, '2022-02-03 00:04:21'),
(229, 1, 'free_registration', 'Register for Free', NULL, NULL, '2021-12-21 22:43:16'),
(230, 2, 'free_registration', 'ফ্রি রেজিস্ট্রেশন করুন', NULL, NULL, NULL),
(231, 1, 'activity_logs', 'Activity Logs', NULL, NULL, NULL),
(232, 2, 'activity_logs', 'কার্যকলাপ লগ', NULL, NULL, NULL),
(233, 1, 'atleast_6_pw', 'use atleast 6 charecters for password', NULL, NULL, NULL),
(234, 2, 'atleast_6_pw', 'পাসওয়ার্ডে অন্তত ৬টি অক্ষর ব্যবহার করুন', NULL, NULL, NULL),
(235, 1, 'have_account', 'Already have account ? then', NULL, NULL, NULL),
(236, 2, 'have_account', 'মুক্তপাঠে একাউন্ট আছে ? তাহলে', NULL, NULL, NULL),
(237, 1, 'back_to_admin', 'Back to admin', NULL, NULL, NULL),
(238, 2, 'back_to_admin', 'এডমিন একাউন্ট এ ফেরত', NULL, NULL, NULL),
(239, 1, 'classroom', 'Classroom', NULL, NULL, NULL),
(240, 2, 'classroom', 'ক্লাসরুম', NULL, NULL, NULL),
(241, 1, 'events', 'Events', NULL, '2021-12-01 06:49:57', '2022-01-19 22:54:58'),
(242, 2, 'events', 'ইভেন্টস', NULL, NULL, NULL),
(245, 2, 'header_search', 'কোর্স, টিউটোরিয়াল সার্চ করুন...', NULL, NULL, NULL),
(246, 1, 'header_search', 'Search courses, tutorials ...', NULL, NULL, NULL),
(247, 1, 'calendars', 'Calendar', NULL, NULL, NULL),
(248, 2, 'calendars', 'ক্যালেন্ডার', NULL, NULL, NULL),
(249, 1, 'messages', 'Messages', NULL, NULL, NULL),
(250, 2, 'messages', 'বার্তা', NULL, NULL, NULL),
(251, 2, 'notification', 'বিজ্ঞপ্তি', NULL, NULL, NULL),
(252, 1, 'notification', 'Notification', NULL, NULL, NULL),
(253, 1, 'my_institutes', 'My Institutes', NULL, NULL, NULL),
(254, 2, 'my_institutes', 'আপনার প্রতিষ্ঠান', NULL, NULL, NULL),
(255, 1, 'logout', 'Logout', NULL, NULL, NULL),
(256, 2, 'logout', 'লগআউট', NULL, NULL, NULL),
(257, 2, 'my_dashboard', 'আমার মুক্তপাঠ ড্যাশবোর্ড', NULL, NULL, NULL),
(258, 1, 'my_dashboard', 'My Muktopaath Dashboard', NULL, NULL, NULL),
(259, 1, 'good_morning', 'Good Morning', NULL, NULL, NULL),
(260, 2, 'good_morning', 'শুভ সকাল', NULL, NULL, NULL),
(261, 1, 'good_evening', 'Good evening', NULL, NULL, NULL),
(262, 2, 'good_evening', 'শুভ বিকাল', NULL, NULL, NULL),
(263, 2, 'good_night', 'শুভ রাত্রি', NULL, NULL, '2022-02-03 00:02:08'),
(264, 1, 'good_night', 'Good Night', NULL, NULL, NULL),
(265, 1, 'welcome_profile', 'Take a look at the latest status of all your educational initiatives in the free text below', NULL, NULL, NULL),
(266, 2, 'welcome_profile', 'এক নজরে নিচে দেখে নিন মুক্তপাঠে আপনার সকল শিক্ষা-উদ্যোগের সর্বশেষ অবস্থা', NULL, NULL, NULL),
(267, 2, 'profile_info', 'প্রোফাইলের তথ্যাদি', NULL, NULL, NULL),
(268, 1, 'profile_info', 'Profile Info', NULL, NULL, NULL),
(269, 1, 'profile_completeness', 'Your profile is completed upto', NULL, NULL, NULL),
(270, 2, 'profile_completeness', 'আপনার প্রোফাইল সম্পূর্ণ হয়েছে', NULL, NULL, NULL),
(276, 1, 'learn', 'Learn', NULL, NULL, NULL),
(277, 2, 'learn', 'শিখুন', NULL, NULL, NULL),
(278, 1, 'slider_1', 'Anywhere, anytime', NULL, NULL, '2022-01-05 01:32:13'),
(279, 2, 'slider_1', 'যখন যেখানে ইচ্ছে', NULL, NULL, NULL),
(280, 1, 'slider_2', 'open e-learning platform in Bangla language for those interested in gaining professional knowledge and skills', NULL, NULL, NULL),
(281, 2, 'slider_2', 'পেশাগত জ্ঞান ও দক্ষতা অর্জনে আগ্রহীদের জন্য বাংলা ভাষায় উন্মুক্ত ই-লার্নিং প্লাটফর্ম', NULL, NULL, NULL),
(282, 1, 'watch_video', 'Watch video', NULL, NULL, NULL),
(283, 2, 'watch_video', 'ভিডিও দেখুন', NULL, NULL, NULL),
(284, 1, 'all_roles', 'All Roles', NULL, NULL, NULL),
(285, 2, 'all_roles', 'সকল রোল', NULL, NULL, NULL),
(286, 1, 'sort_by', 'sort by', NULL, NULL, NULL),
(287, 2, 'sort_by', 'ক্রমানুসার', NULL, NULL, NULL),
(288, 1, 'user_name', 'User Name', NULL, NULL, NULL),
(289, 2, 'user_name', 'ইউজারের নাম', NULL, NULL, NULL),
(290, 1, 'user_role', 'User Role', NULL, NULL, NULL),
(291, 2, 'user_role', 'ইউজারের রোল', NULL, NULL, NULL),
(292, 1, 'created_by', 'Created by', NULL, NULL, NULL),
(293, 2, 'created_by', 'তৈরি করেছেন', NULL, NULL, '2022-01-10 23:27:19'),
(294, 1, 'updated_by', 'Updated by', NULL, NULL, NULL),
(295, 2, 'updated_by', 'আপডেট  করেছেন', NULL, NULL, '2022-01-08 22:43:34'),
(296, 1, 'action', 'Action', NULL, NULL, NULL),
(297, 2, 'action', 'অ্যাকশন', NULL, NULL, '2022-01-12 03:29:00'),
(298, 1, 'view_log', 'View Log', NULL, NULL, NULL),
(299, 2, 'view_log', 'কার্যকলাপ লগ দেখুন', NULL, NULL, NULL),
(300, 1, 'edit', 'Edit', NULL, NULL, NULL),
(301, 2, 'edit', 'এডিট', NULL, NULL, NULL),
(302, 1, 'remove', 'Remove', NULL, NULL, NULL),
(303, 2, 'remove', 'অপসারণ করুন', NULL, NULL, '2022-01-26 00:08:23'),
(304, 1, 'add_new', 'Add new', NULL, NULL, NULL),
(305, 2, 'add_new', 'নতুন সংযুক্ত করুন', NULL, NULL, NULL),
(306, 1, 'system_user', 'System User', NULL, NULL, NULL),
(307, 2, 'system_user', 'সিস্টেম ইউজার', NULL, NULL, NULL),
(308, 1, 'user_id', 'User Id', NULL, NULL, NULL),
(309, 2, 'user_id', 'ইউজার আইডি', NULL, NULL, NULL),
(310, 1, 'check_availability', 'Check availability', NULL, NULL, NULL),
(311, 2, 'check_availability', 'ইউজার আছে কিনা দেখুন', NULL, NULL, NULL),
(312, 1, 'select_role', 'Select role', NULL, NULL, NULL),
(313, 2, 'select_role', 'রোল বাছাই করুন', NULL, NULL, NULL),
(314, 1, 'create_new_role', 'Create new role', NULL, NULL, NULL),
(315, 2, 'create_new_role', 'নতুন রোল তৈরি করুন', NULL, NULL, '2022-01-10 23:27:02'),
(316, 1, 'check_availability_again', 'Check availability again', NULL, NULL, NULL),
(317, 2, 'check_availability_again', 'আবার যাচাই করুন', NULL, NULL, NULL),
(318, 1, 'user_exists', 'User Exists', NULL, NULL, NULL),
(319, 2, 'user_exists', 'ইউজার আছে', NULL, NULL, NULL),
(320, 1, 'user_doesnt_exists', 'User doesn\'t exists', NULL, NULL, NULL),
(321, 2, 'user_doesnt_exists', 'ইউজার পাওয়া যায়নি', NULL, NULL, NULL),
(322, 1, 'checking', 'Checking', NULL, NULL, NULL),
(323, 2, 'checking', 'খোঁজা হচ্ছে', NULL, NULL, NULL),
(324, 1, 'user_list', 'User list', NULL, NULL, NULL),
(325, 2, 'user_list', 'ইউজার লিস্ট', NULL, NULL, NULL),
(326, 1, 'total_users', 'Total Users', NULL, NULL, NULL),
(327, 2, 'total_users', 'মোট ইউজার', NULL, NULL, NULL),
(328, 1, 'search_course_tutorial', 'Search course or tutorial', NULL, NULL, NULL),
(329, 2, 'search_course_tutorial', 'কোর্স, টিউটোরিয়াল সার্চ করুন', NULL, NULL, NULL),
(330, 1, 'search_code', 'Enter the code sent to your phone / email below', NULL, NULL, '2021-12-19 23:27:03'),
(331, 2, 'search_code', 'আপনার ফোন / ইমেইলে পাঠানো কোডটি নিচে লিখুন', NULL, NULL, '2021-12-19 23:26:43'),
(332, 1, 'send_code', 'A code will be sent to your phone', NULL, NULL, NULL),
(333, 2, 'send_code', 'আপনার ফোন নাম্বারে একটি কোড পাঠানো হবে', NULL, NULL, NULL),
(334, 1, 'submit', 'Submit', NULL, NULL, NULL),
(335, 2, 'submit', 'সাবমিট করুন', NULL, NULL, NULL),
(336, 1, 'create_system_user', 'Create new system user', NULL, NULL, NULL),
(337, 2, 'create_system_user', 'নতুন সিস্টেম ইউজার তৈরি করুন', NULL, NULL, '2022-01-10 23:27:10'),
(338, 1, 'role_loading', 'Role loading', NULL, NULL, NULL),
(339, 2, 'role_loading', 'রোল লোড হচ্ছে', NULL, NULL, NULL),
(342, 1, 'add_user', 'Add user', NULL, NULL, NULL),
(343, 2, 'add_user', 'ইউজার যুক্ত করুন', NULL, NULL, NULL),
(344, 1, 'modify_system_user', 'Modify existing system user', NULL, NULL, NULL),
(345, 2, 'modify_system_user', 'সিস্টেম ইউজার পরিবর্তন', NULL, NULL, NULL),
(346, 1, 'activity_type', 'Activity type', NULL, NULL, NULL),
(347, 2, 'activity_type', 'কার্যকলাপ টাইপ', NULL, NULL, NULL),
(348, 1, 'activity_details', 'Activity details', NULL, NULL, NULL),
(349, 2, 'activity_details', 'কার্যকলাপের বিবরণ', NULL, NULL, NULL),
(350, 1, 'payload', 'Payload', NULL, NULL, NULL),
(351, 2, 'payload', 'পেলোড', NULL, NULL, NULL),
(352, 1, 'ip_address', 'Ip address', NULL, NULL, NULL),
(353, 2, 'ip_address', 'আইপি এড্রেস', NULL, NULL, NULL),
(354, 1, 'time', 'time', NULL, NULL, NULL),
(355, 2, 'time', 'সময়', NULL, NULL, NULL),
(356, 1, 'list', 'List', '.', NULL, '2022-01-01 23:04:17'),
(357, 2, 'list', 'লিস্ট', NULL, NULL, NULL),
(358, 1, 'unapproved', 'Un-approved', NULL, NULL, NULL),
(359, 2, 'unapproved', 'অনুমোদনহীন', NULL, NULL, NULL),
(360, 1, 'approved', 'Select certificate approval type', NULL, NULL, '2022-04-21 03:14:43'),
(361, 2, 'approved', 'সার্টিফিকেট এপ্রুভাল টাইপ নির্বাচন করুন', NULL, NULL, '2022-04-21 03:16:17'),
(362, 1, 'blocked', 'Blocked', NULL, NULL, NULL),
(363, 2, 'blocked', 'ব্লকড', NULL, NULL, NULL),
(364, 1, 'approve', 'Approve', NULL, NULL, NULL),
(365, 2, 'approve', 'অনুমোদন দিন', NULL, NULL, NULL),
(366, 1, 'block', 'Block', NULL, NULL, NULL),
(367, 2, 'block', 'ব্লক', NULL, NULL, NULL),
(368, 1, 'status', 'Status', NULL, NULL, NULL),
(369, 2, 'status', 'অবস্থা', NULL, NULL, NULL),
(370, 1, 'create_new_learner', 'Create new learner', NULL, NULL, NULL),
(371, 2, 'create_new_learner', 'নতুন ইউজার তৈরি করুন', NULL, NULL, '2022-01-10 23:26:52'),
(372, 1, 'write_the', 'Write the', NULL, NULL, '2022-05-30 10:37:46'),
(373, 2, 'write_the', 'লিখুন', NULL, NULL, '2022-01-18 23:09:46'),
(374, 1, 'male', 'Male', NULL, NULL, NULL),
(375, 2, 'male', 'পুরুষ', NULL, NULL, '2022-02-02 23:59:14'),
(376, 1, 'female', 'Female', NULL, NULL, NULL),
(377, 2, 'female', 'নারী', NULL, NULL, NULL),
(378, 1, 'others', 'Others', NULL, NULL, NULL),
(379, 2, 'others', 'অন্যান্য', NULL, NULL, NULL),
(380, 1, 'add_learner', 'Add User', NULL, NULL, NULL),
(381, 2, 'add_learner', 'ইউজার যুক্ত করুন', NULL, NULL, NULL),
(382, 1, 'update_learner', 'Update User', NULL, NULL, NULL),
(383, 2, 'update_learner', 'ইউজার আপডেট করুন', NULL, NULL, NULL),
(384, 1, 'created_successfully', 'has been created successfully', NULL, NULL, NULL),
(385, 2, 'created_successfully', 'সফলভাবে তৈরি করা হয়েছে\r\n', NULL, NULL, NULL),
(386, 1, 'learner', 'Learner', NULL, NULL, '2022-02-06 02:23:27'),
(387, 2, 'learner', 'শিক্ষার্থী', NULL, NULL, '2022-02-06 23:21:02'),
(388, 1, 'role_name', 'Role name', NULL, NULL, NULL),
(389, 2, 'role_name', 'রোলের নাম', NULL, NULL, NULL),
(390, 1, 'original_name', 'Given Name', NULL, NULL, NULL),
(391, 2, 'original_name', 'প্রদানকৃত নাম', NULL, NULL, NULL),
(392, 1, 'permission', 'Permission', NULL, NULL, NULL),
(393, 2, 'permission', 'অনুমোদিত', NULL, NULL, '2022-01-10 23:29:50'),
(394, 1, 'role_management', 'Role Management', NULL, NULL, NULL),
(395, 2, 'role_management', 'রোল ব্যবস্থাপনা', NULL, NULL, NULL),
(396, 1, 'search', 'search', NULL, NULL, NULL),
(397, 2, 'search', 'খুঁজুন', NULL, NULL, NULL),
(398, 1, 'view', 'View', NULL, NULL, '2022-03-16 02:21:16'),
(399, 2, 'view', 'দেখুন', NULL, NULL, NULL),
(400, 1, 'role_for', 'Role for', NULL, NULL, NULL),
(401, 2, 'role_for', 'রোলের ধরণ', NULL, NULL, '2022-01-10 23:10:11'),
(402, 1, 'select_role_permission', 'Select role permission', NULL, NULL, NULL),
(403, 2, 'select_role_permission', 'অনুমতি বাছাই করুন', NULL, NULL, NULL),
(404, 1, 'module_title', 'Module Title', NULL, NULL, '2022-01-26 04:56:39'),
(405, 2, 'module_title', 'মডিউলের শিরোনাম', NULL, NULL, NULL),
(406, 1, 'create1', 'Create', NULL, NULL, NULL),
(407, 2, 'create1', 'তৈরি করুন', NULL, NULL, '2022-01-19 04:11:56'),
(410, 1, 'view1', 'view', NULL, NULL, NULL),
(411, 2, 'view1', 'দেখা', NULL, NULL, NULL),
(412, 1, 'edit1', 'Edit', NULL, NULL, NULL),
(413, 2, 'edit1', 'এডিট', NULL, NULL, NULL),
(414, 1, 'delete1', 'Delete', NULL, NULL, NULL),
(415, 2, 'delete1', 'ডিলিট', NULL, NULL, NULL),
(416, 1, 'own', 'Own', NULL, NULL, NULL),
(417, 2, 'own', 'নিজের', NULL, NULL, NULL),
(420, 1, 'all1', 'All', NULL, NULL, NULL),
(421, 2, 'all1', 'সকলের', NULL, NULL, NULL),
(422, 1, 'add_role', 'Add role', NULL, NULL, NULL),
(423, 2, 'add_role', 'রোল তৈরি করুন', NULL, NULL, '2022-01-10 23:26:39'),
(424, 1, 'edit_role_management', 'Edit role management', NULL, NULL, NULL),
(425, 2, 'edit_role_management', 'রোল ম্যানেজমেন্ট এর এডিট', NULL, NULL, NULL),
(426, 1, 'update_role', 'Update Role', NULL, NULL, NULL),
(427, 2, 'update_role', 'রোল আপডেট করুন', NULL, NULL, NULL),
(428, 1, 'other_info', 'Other info', NULL, NULL, NULL),
(429, 2, 'other_info', 'অন্যান্য তথ্যাদি', NULL, NULL, NULL),
(430, 1, 'profile_information', 'Profile Information', NULL, NULL, NULL),
(431, 2, 'profile_information', 'প্রোফাইলের তথ্যাদি', NULL, NULL, NULL),
(436, 1, 'requests', 'Requests', NULL, NULL, NULL),
(437, 2, 'requests', 'রিকুয়েস্ট সমূহ', NULL, NULL, NULL),
(438, 1, 'partner_list', 'Partner list', 'List of Partners.', NULL, '2022-01-01 22:52:14'),
(439, 2, 'partner_list', 'পার্টনার লিস্ট', NULL, NULL, NULL),
(440, 1, 'institution_list', 'Institution list', NULL, NULL, NULL),
(441, 2, 'institution_list', 'প্রতিষ্ঠানের লিস্ট', NULL, NULL, NULL),
(442, 1, 'address', 'Address', NULL, NULL, NULL),
(443, 2, 'address', 'ঠিকানা', NULL, NULL, NULL),
(444, 1, 'add_new_partner', 'Add new partner', NULL, NULL, NULL),
(445, 2, 'add_new_partner', 'নতুন প্রতিষ্ঠান যুক্ত করুন', NULL, NULL, NULL),
(446, 1, 'create_new_user', 'Create new user', NULL, NULL, NULL),
(447, 2, 'create_new_user', 'নতুন ইউজার তৈরি করুন', NULL, NULL, '2022-01-10 23:26:15'),
(448, 1, 'in_bangla', 'Bangla', NULL, NULL, NULL),
(449, 2, 'in_bangla', 'বাংলায়', NULL, NULL, NULL),
(450, 1, 'partner_short_name', 'Partner short name', NULL, NULL, NULL),
(451, 2, 'partner_short_name', 'প্রতিষ্ঠানের সংক্ষিপ্ত নাম ', NULL, NULL, '2022-02-07 22:53:54'),
(452, 1, 'institution_email', 'institution Email', NULL, NULL, NULL),
(453, 2, 'institution_email', 'প্রতিষ্ঠানের ইমেইল', NULL, NULL, NULL),
(454, 1, 'institution_phone', 'Institution phone', NULL, NULL, NULL),
(455, 2, 'institution_phone', 'প্রতিষ্ঠানের ফোন নম্বর', NULL, NULL, '2022-01-10 23:21:26'),
(458, 1, 'choose_institution_type', 'Choose institution type', NULL, NULL, NULL),
(459, 2, 'choose_institution_type', 'প্রতিষ্ঠানের ধরণ', NULL, NULL, '2022-01-10 23:20:39'),
(460, 1, 'contact_person', 'Contact person', NULL, NULL, NULL),
(461, 2, 'contact_person', 'যোগাযোগকারী ব্যক্তির নাম', NULL, NULL, '2022-02-07 23:08:57'),
(462, 1, 'contact_person_email', 'Contact person E-mail', NULL, NULL, NULL),
(463, 2, 'contact_person_email', 'যোগাযোগকারী ব্যক্তির ইমেইল', NULL, NULL, '2022-02-07 23:09:23'),
(464, 1, 'contact_person_mobile', 'Contact person mobile', NULL, NULL, NULL),
(465, 2, 'contact_person_mobile', 'যোগাযোগকারী ব্যক্তির মোবাইল নম্বর', NULL, NULL, '2022-02-07 23:09:35'),
(466, 1, 'add_partner', 'Add partner', NULL, NULL, NULL),
(467, 2, 'add_partner', 'পার্টনার যুক্ত করুন', NULL, NULL, NULL),
(468, 1, 'add_new_learner', 'Add new User', NULL, NULL, NULL),
(469, 2, 'add_new_learner', 'নতুন ইউজার যুক্ত করুন', NULL, NULL, NULL),
(470, 1, 'phone', 'Phone no', NULL, NULL, NULL),
(471, 2, 'phone', 'ফোন নম্বর', NULL, NULL, NULL),
(472, 1, 'pending', 'Pending', NULL, NULL, NULL),
(473, 2, 'pending', 'অনুমোদনের অপেক্ষায়', NULL, NULL, NULL),
(474, 1, 'rejected', 'Rejected', NULL, NULL, NULL),
(475, 2, 'rejected', 'প্রত্যাখাত', NULL, NULL, '2022-03-27 00:51:24'),
(476, 1, 'reject', 'Reject', NULL, NULL, NULL),
(477, 2, 'reject', 'প্রত্যাখ্যান', NULL, NULL, NULL),
(478, 1, 'apply_for_institution', 'Apply for institution', NULL, NULL, NULL),
(479, 2, 'apply_for_institution', 'নতুন প্রতিষ্ঠানের আবেদন', NULL, NULL, NULL),
(480, 1, 'institutions', 'Institutions', NULL, NULL, NULL),
(481, 2, 'institutions', 'প্রতিষ্ঠানসমূহ', NULL, NULL, NULL),
(484, 1, 'new_class', 'New Class', NULL, NULL, NULL),
(485, 2, 'new_class', 'নতুন ক্লাস', NULL, NULL, NULL),
(486, 1, 'total_class', 'Total class', NULL, NULL, NULL),
(487, 2, 'total_class', 'মোট ক্লাস', NULL, NULL, NULL),
(490, 1, 'to_review', 'To review', NULL, NULL, NULL),
(491, 2, 'to_review', 'রিভিউয়ের অপেক্ষায়', NULL, NULL, NULL),
(492, 1, 'archived_class', 'Archived class', NULL, NULL, NULL),
(493, 2, 'archived_class', 'আর্কাইভ ক্লাস', NULL, NULL, '2022-01-10 23:18:22'),
(494, 1, 'event_type', 'Event Type', NULL, NULL, NULL),
(495, 2, 'event_type', 'ইভেন্টের ধরণ', NULL, NULL, '2022-01-10 23:31:30'),
(496, 1, 'event', 'Event', NULL, NULL, NULL),
(497, 2, 'event', 'ইভেন্ট', NULL, NULL, NULL),
(498, 1, 'live', 'Live Now', NULL, NULL, '2022-04-21 02:46:19'),
(499, 2, 'live', 'এখন লাইভ', NULL, NULL, '2022-04-21 02:45:52'),
(500, 1, 'training', 'Training', NULL, NULL, NULL),
(501, 2, 'training', 'ট্রেনিং', NULL, NULL, NULL),
(502, 1, 'course', 'Course', NULL, NULL, NULL),
(503, 2, 'course', 'কোর্স', NULL, NULL, NULL),
(504, 1, 'description', 'Description', NULL, NULL, NULL),
(505, 2, 'description', 'বিবরণ', NULL, NULL, NULL),
(506, 1, 'start_time', 'Start time', NULL, NULL, NULL),
(507, 2, 'start_time', 'শুরুর সময়', NULL, NULL, NULL),
(508, 1, 'end_time', 'End Time', NULL, NULL, NULL),
(509, 2, 'end_time', 'শেষ হবার সময়', NULL, NULL, NULL),
(510, 1, 'meeting_status', 'Meeting status', NULL, NULL, NULL),
(511, 2, 'meeting_status', 'মিটিং স্ট্যাটাস', NULL, NULL, NULL),
(512, 1, 'offline', 'Offline', NULL, NULL, NULL),
(513, 2, 'offline', 'অফলাইন', NULL, NULL, NULL),
(514, 1, 'enter_your_link', 'Enter your link', NULL, NULL, NULL),
(515, 2, 'enter_your_link', 'লিঙ্ক যুক্ত করুন', NULL, NULL, NULL),
(516, 1, 'event_name', 'Event name', NULL, NULL, NULL),
(517, 2, 'event_name', 'ইভেন্টের নাম', NULL, NULL, NULL),
(518, 1, 'time_and_date', 'Time & date', NULL, NULL, NULL),
(519, 2, 'time_and_date', 'সময় ও তারিখ', NULL, NULL, NULL),
(520, 1, 'online_link', 'Online link', NULL, NULL, NULL),
(521, 2, 'online_link', 'অনলাইনের লিঙ্ক', NULL, NULL, NULL),
(522, 1, 'instructor', 'Instructor', NULL, NULL, NULL),
(523, 2, 'instructor', 'প্রশিক্ষক', NULL, NULL, NULL),
(524, 1, 'new_event', 'New Event', NULL, NULL, NULL),
(525, 2, 'new_event', 'নতুন ইভেন্ট', NULL, NULL, NULL),
(526, 1, 'today', 'Today', NULL, NULL, NULL),
(527, 2, 'today', 'আজ', NULL, NULL, NULL),
(528, 1, 'all_type', 'All type', NULL, NULL, NULL),
(529, 2, 'all_type', 'সকল ধরণ', NULL, NULL, '2022-01-10 23:31:40'),
(530, 1, 'division', 'Division', NULL, NULL, NULL),
(531, 2, 'division', 'বিভাগ', NULL, NULL, NULL),
(532, 1, 'district', 'District', NULL, NULL, NULL),
(533, 2, 'district', 'জেলা', NULL, NULL, NULL),
(534, 1, 'sub_district', 'Sub district', NULL, NULL, NULL),
(535, 2, 'sub_district', 'উপজেলা', NULL, NULL, NULL),
(536, 1, 'degree_title', 'Degree title', NULL, NULL, NULL),
(537, 2, 'degree_title', 'ডিগ্রী', NULL, NULL, NULL),
(538, 1, 'select_degree', 'Select degree', NULL, NULL, NULL),
(539, 2, 'select_degree', 'ডিগ্রী বাছাই করুন', NULL, NULL, NULL),
(542, 1, 'change_password', 'Change password', NULL, NULL, NULL),
(543, 2, 'change_password', 'পাসওয়ার্ড পরিবর্তন করুন', NULL, NULL, '2022-01-27 05:09:21'),
(544, 1, 'old_password', 'Old password', NULL, NULL, NULL),
(545, 2, 'old_password', 'পুরাতন পাসওয়ার্ড', NULL, NULL, '2021-12-21 23:11:33'),
(548, 1, 'change_account', 'Change account', NULL, NULL, NULL),
(549, 2, 'change_account', 'একাউন্ট পরিবর্তন', NULL, NULL, NULL),
(550, 1, 'create', 'Create', NULL, NULL, NULL),
(551, 2, 'create', 'যুক্ত করুন', NULL, NULL, NULL),
(552, 1, 'partner_request', 'Partner request', NULL, NULL, NULL),
(553, 2, 'partner_request', 'পার্টনারের রিকুয়েস্ট', NULL, NULL, NULL),
(554, 1, 'settings', 'Settings', NULL, NULL, NULL),
(555, 2, 'settings', 'সেটিংস', NULL, NULL, NULL),
(556, 1, 'language_type', 'Language type', NULL, '2021-12-09 03:45:15', '2021-12-09 03:45:15'),
(557, 2, 'language_type', 'ভাষার ধরণ', NULL, '2021-12-09 03:51:06', '2022-01-10 23:31:50'),
(558, 1, 'universal', 'Universal', NULL, '2021-12-09 04:00:16', '2021-12-09 04:00:16'),
(559, 2, 'universal', 'সর্বজনীন', NULL, '2021-12-09 04:00:41', '2021-12-09 04:00:41'),
(560, 1, 'value', 'Value', NULL, '2021-12-09 04:21:33', '2021-12-09 04:21:33'),
(561, 2, 'value', 'মান', NULL, '2021-12-09 04:21:43', '2021-12-09 04:21:43'),
(562, 1, 'languages', 'Languages', NULL, '2021-12-09 04:24:25', '2021-12-09 04:24:25'),
(563, 2, 'languages', 'ভাষাসমূহ', NULL, '2021-12-09 04:25:40', '2021-12-09 04:25:40'),
(564, 1, 'new_language', 'New Language', NULL, '2021-12-09 04:27:40', '2021-12-09 04:27:40'),
(565, 2, 'new_language', 'নতুন ভাষা', NULL, '2021-12-09 04:27:55', '2021-12-09 04:27:55'),
(566, 1, 'add', 'Add', NULL, '2021-12-09 04:40:10', '2021-12-09 04:40:10'),
(567, 2, 'add', 'যোগ করুন', NULL, '2021-12-09 04:40:25', '2021-12-09 04:40:25'),
(568, 1, 'english', 'English', NULL, '2021-12-09 04:40:57', '2021-12-09 04:40:57'),
(569, 2, 'english', 'ইংরেজি', NULL, '2021-12-09 04:41:11', '2021-12-09 04:41:11'),
(570, 1, 'bangla', 'Bangla', NULL, '2021-12-09 04:41:27', '2021-12-09 04:41:27'),
(571, 2, 'bangla', 'বাংলা', NULL, '2021-12-09 04:41:42', '2021-12-09 04:41:42'),
(575, 1, 'blocked_user', 'You have been blocked! Please, contact with Admin.', NULL, NULL, '2021-12-23 03:47:38'),
(576, 2, 'blocked_user', 'আপনাকে ব্লক করা হয়েছে। এডমিন এর সাথে যোগাযোগ করুন', NULL, NULL, NULL),
(580, 1, 'name466', 'name4', NULL, '2021-12-12 03:08:57', '2021-12-12 03:15:18'),
(582, 1, 'n44ame466', 'nam44', NULL, '2021-12-12 03:09:21', '2021-12-12 03:16:00'),
(594, 1, 'save', 'Save', NULL, '2021-12-12 06:16:39', '2021-12-12 06:16:39'),
(595, 2, 'save', 'সেভ', NULL, '2021-12-12 06:16:48', '2022-03-21 05:48:40'),
(599, 1, 'cat', 'cat', NULL, '2021-12-13 03:34:41', '2021-12-13 03:34:41'),
(600, 1, 'partner_registration', 'Partner Registration', NULL, '2021-12-13 04:26:16', '2021-12-13 04:26:16'),
(601, 2, 'partner_registration', 'পার্টনার রেজিস্ট্রেশন', NULL, '2021-12-13 04:26:46', '2021-12-13 04:26:46'),
(602, 1, 'contact_person_info', 'Contact person information', NULL, '2021-12-13 04:39:38', '2021-12-13 04:39:38'),
(604, 2, 'contact_person_info', 'যোগাযোগকারীর তথ্য', NULL, '2021-12-13 04:40:24', '2021-12-13 04:40:24'),
(605, 1, 'partner_type', 'Choose partner type', NULL, '2021-12-13 05:47:42', '2021-12-13 05:47:42'),
(606, 2, 'partner_type', 'প্রতিষ্ঠানের ধরণ বাছাই করুন', NULL, '2021-12-13 05:48:22', '2022-02-07 22:53:13'),
(607, 1, 'partner_info', 'Partner information', NULL, '2021-12-13 06:13:45', '2021-12-13 06:13:45'),
(608, 2, 'partner_info', 'প্রতিষ্ঠানের তথ্য', NULL, '2021-12-13 06:13:59', '2022-02-07 22:52:43'),
(609, 1, 'teacher_name', 'Teacher Name', NULL, '2021-12-13 06:20:02', '2021-12-13 06:20:02'),
(610, 2, 'teacher_name', 'শিক্ষকের নাম', NULL, '2021-12-13 06:20:12', '2021-12-13 06:20:12'),
(611, 1, 'write_here', 'write here', NULL, '2021-12-13 23:09:32', '2022-08-04 07:05:07'),
(612, 2, 'write_here', 'এখানে লিখুন', NULL, '2021-12-13 23:09:54', '2021-12-13 23:09:54'),
(613, 1, 'imei_no', 'IMEI Number', NULL, '2021-12-13 23:13:11', '2021-12-13 23:13:11'),
(614, 2, 'imei_no', 'ই এম আই এস নম্বর', NULL, '2021-12-13 23:13:38', '2022-02-07 22:46:27'),
(615, 1, 'username', 'User Name', NULL, '2021-12-13 23:23:40', '2021-12-13 23:23:40'),
(616, 2, 'username', 'ইউজারের নাম', NULL, '2021-12-13 23:23:49', '2022-01-13 04:02:31'),
(617, 1, 'next', 'Next', NULL, '2021-12-13 23:30:34', '2021-12-13 23:30:34'),
(618, 2, 'next', 'পরবর্তী', NULL, '2021-12-13 23:30:43', '2021-12-13 23:30:43'),
(619, 1, 'blogger_name', 'Bloggers Name', NULL, '2021-12-13 23:32:17', '2021-12-13 23:32:17'),
(620, 2, 'blogger_name', 'ব্লগার এর নাম', NULL, '2021-12-13 23:32:29', '2021-12-13 23:32:29'),
(621, 1, 'website', 'Website', NULL, '2021-12-13 23:33:44', '2021-12-13 23:33:44'),
(622, 2, 'website', 'ওয়েবসাইট', NULL, '2021-12-13 23:33:53', '2021-12-13 23:33:53'),
(623, 1, 'site_link', 'Site link here', NULL, '2021-12-13 23:34:37', '2021-12-13 23:34:37'),
(624, 2, 'site_link', 'সাইট এর লিঙ্ক', NULL, '2021-12-13 23:34:44', '2021-12-13 23:34:44'),
(625, 1, 'go_back', 'Go back', NULL, '2021-12-14 00:03:34', '2021-12-14 00:03:34'),
(626, 2, 'go_back', 'পেছনে যান', NULL, '2021-12-14 00:03:42', '2021-12-14 00:03:42'),
(627, 1, 'partner_type1', 'Contributor Type', NULL, '2021-12-14 06:26:00', '2021-12-21 22:46:01'),
(628, 2, 'partner_type1', 'প্রতিষ্ঠানের ধরণ', NULL, '2021-12-14 06:26:11', '2022-02-07 22:52:07'),
(629, 1, 'already_verified', 'Account has already been verified.', NULL, '2021-12-19 00:52:37', '2021-12-21 23:07:27'),
(630, 2, 'already_verified', 'একাউন্ট টি ইতিমধ্যে ভেরিফাইড আছে', NULL, '2021-12-19 00:53:05', '2021-12-19 00:53:05'),
(631, 1, 'otp_not_match', 'Code does not match.', NULL, '2021-12-19 00:54:44', '2021-12-21 23:07:09'),
(632, 2, 'otp_not_match', 'কোড ম্যাচ করেনি', NULL, '2021-12-19 00:55:36', '2021-12-19 00:55:36'),
(633, 1, 'phone_email_code', 'A code will be send to your phone/email', NULL, '2021-12-19 03:27:59', '2021-12-19 03:27:59'),
(634, 2, 'phone_email_code', 'আপনার ফোন / ইমেইল এ একটি কোড পাঠানো হবে', NULL, '2021-12-19 03:28:22', '2021-12-19 03:28:22'),
(635, 1, 'notverified', 'You are not verified yet.', NULL, '2021-12-20 03:42:47', '2021-12-21 23:07:40'),
(636, 2, 'notverified', 'আপনার একাউন্টটি এখনো ভেরিফাইড নয়', NULL, '2021-12-20 03:43:13', '2022-01-27 05:28:21'),
(637, 1, 'verify_email', 'Verify your email address', NULL, '2021-12-20 03:48:25', '2021-12-20 03:48:25'),
(638, 2, 'verify_email', 'ইমেইল ভেরিফাই করুন', NULL, '2021-12-20 03:48:34', '2021-12-20 03:48:34'),
(639, 1, 'verify_phone', 'Verify your phone number', NULL, '2021-12-20 03:48:58', '2021-12-20 03:48:58'),
(640, 2, 'verify_phone', 'আপনার ফোন নম্বর ভেরিফাই করুন', NULL, '2021-12-20 03:49:08', '2021-12-21 22:41:15'),
(642, 1, 'education-lavels', 'Education levels', NULL, '2021-12-21 07:44:04', '2021-12-21 07:44:04'),
(643, 2, 'education-lavels', 'শিক্ষার স্তর', NULL, '2021-12-21 07:44:12', '2021-12-21 07:44:12'),
(644, 1, 'professions', 'Professions', NULL, '2021-12-21 07:44:48', '2021-12-21 07:44:48'),
(645, 2, 'professions', 'পেশা', NULL, '2021-12-21 07:45:10', '2021-12-21 07:45:10'),
(646, 1, 'sliders', 'Sliders', NULL, '2021-12-21 07:45:46', '2021-12-21 07:45:46'),
(647, 2, 'sliders', 'স্লাইডার', NULL, '2021-12-21 07:46:00', '2021-12-21 07:46:00'),
(648, 1, 'degrees', 'Degree', NULL, '2021-12-21 23:35:12', '2021-12-21 23:35:12'),
(649, 2, 'degrees', 'ডিগ্রী', NULL, '2021-12-21 23:36:43', '2021-12-21 23:36:43'),
(650, 1, 'Institution-Info', 'Institution Details', NULL, '2021-12-22 00:10:05', '2021-12-22 00:10:05'),
(651, 2, 'Institution-Info', 'প্রতিষ্ঠান তথ্য', NULL, '2021-12-22 00:10:35', '2021-12-22 00:10:35'),
(652, 1, 'invalid_emis', 'Invalid EMIS number.', NULL, '2021-12-22 23:18:59', '2021-12-22 23:18:59'),
(653, 2, 'invalid_emis', 'ই এম আইএস নম্বর সঠিক নয়', NULL, '2021-12-22 23:19:35', '2021-12-22 23:19:35'),
(654, 1, 'verify_by_phone', 'Verify phone', NULL, '2021-12-23 05:45:54', '2021-12-23 05:45:54'),
(655, 2, 'verify_by_phone', 'ফোন নম্বর ভেরিফাই করুন', NULL, '2021-12-23 05:46:03', '2022-01-10 23:28:54'),
(656, 1, 'verify_by_email', 'verify Email', NULL, '2021-12-23 05:46:22', '2021-12-23 05:46:22'),
(657, 2, 'verify_by_email', 'ইমেইল ভেরিফাই করুন', NULL, '2021-12-23 05:46:36', '2021-12-23 05:46:36'),
(667, 1, 'df', 'df', NULL, '2021-12-29 22:36:53', '2021-12-29 22:36:53'),
(668, 1, 'new_categories', 'Create Categories', NULL, '2021-12-29 23:01:09', '2021-12-29 23:01:09'),
(669, 2, 'new_categories', 'নতুন ক্যাটাগরি', NULL, '2021-12-29 23:29:32', '2022-01-02 00:00:20'),
(670, 1, 'class_schedule_label', 'Class Schedules', NULL, '2021-12-30 00:02:20', '2021-12-30 00:02:20'),
(671, 1, 'upcoming_classes', 'Upcoming classes', NULL, '2021-12-30 00:03:28', '2021-12-30 00:03:28'),
(672, 2, 'upcoming_classes', 'আসন্ন ক্লাস', NULL, '2021-12-30 00:03:45', '2021-12-30 00:03:45'),
(673, 1, 'link_here', 'Link Here', NULL, '2021-12-30 00:12:56', '2021-12-30 00:12:56'),
(674, 2, 'link_here', 'লিঙ্ক এখানে', NULL, '2021-12-30 00:13:38', '2021-12-30 00:13:38'),
(675, 1, 'latest_classrooms', 'Latest Classrooms', NULL, '2021-12-30 00:19:36', '2021-12-30 00:19:36'),
(676, 2, 'latest_classrooms', 'সর্বশেষ ক্লাসরুম', NULL, '2021-12-30 00:20:29', '2021-12-30 00:20:29'),
(679, 2, 'repeat_period', 'পুনরাবৃত্তি সময়কাল', NULL, '2021-12-30 02:36:39', '2021-12-30 02:36:39'),
(680, 1, 'repeat_period', 'Repeat Period', NULL, '2021-12-30 02:36:59', '2021-12-30 02:36:59'),
(681, 1, 'daily', 'Daily', NULL, '2021-12-30 02:45:55', '2021-12-30 02:45:55'),
(682, 2, 'daily', 'দৈনিক', NULL, '2021-12-30 02:46:09', '2021-12-30 02:46:09'),
(683, 2, 'weekly', 'সাপ্তাহিক', NULL, '2021-12-30 02:46:27', '2021-12-30 02:47:39'),
(684, 1, 'weekly', 'Weekly', NULL, '2021-12-30 02:46:44', '2021-12-30 02:46:44'),
(685, 1, 'enter_the_classroom', 'Enter the classroom', NULL, '2021-12-30 03:06:49', '2021-12-30 03:06:49'),
(686, 2, 'enter_the_classroom', 'ক্লাসরুমে প্রবেশ করুন ', NULL, '2021-12-30 03:07:05', '2021-12-30 03:07:05'),
(687, 1, 'partnership_btn', 'Partnership', NULL, '2021-12-30 04:58:09', '2021-12-30 04:58:09'),
(688, 2, 'partnership_btn', 'পার্টনারশীপ', NULL, '2021-12-30 04:58:39', '2021-12-30 04:58:39'),
(689, 1, 'empty_data_msg', 'There is no data', NULL, '2021-12-30 05:34:36', '2021-12-30 05:34:36'),
(690, 2, 'empty_data_msg', 'কোনো তথ্য পাওয়া যায় নি', NULL, '2021-12-30 05:35:22', '2022-01-24 05:04:28'),
(691, 1, 'partner_details', 'Partner Details', 'Partner Details', '2022-01-01 08:33:51', '2022-01-01 08:35:40'),
(692, 2, 'partner_details', 'পার্টনারের বিবরণ', 'পার্টনারের বিবরণ', '2022-01-01 08:36:24', '2022-01-01 08:36:24'),
(693, 1, 'schedule', 'Schedule', 'no', '2022-01-01 09:39:57', '2022-01-01 09:39:57'),
(694, 2, 'schedule', 'সূচি', 'no', '2022-01-01 09:40:15', '2022-01-01 09:40:15'),
(695, 1, 'completed', 'Completed', 'no', '2022-01-01 09:40:31', '2022-01-01 09:40:31'),
(696, 2, 'completed', 'সম্পন্ন', 'no', '2022-01-01 09:40:40', '2022-01-01 09:40:40'),
(697, 1, 'people', 'People', 'অংশগ্রহনকারী', '2022-01-01 09:41:32', '2022-01-01 09:41:32'),
(698, 2, 'people', 'অংশগ্রহণকারী', 'অংশগ্রহণকারী', '2022-01-01 09:41:46', '2022-01-24 05:16:06'),
(699, 1, 'reviews', 'Reviews', 'no', '2022-01-01 09:42:18', '2022-01-01 09:42:18'),
(700, 2, 'reviews', 'মন্তব্য', 'no', '2022-01-01 09:42:28', '2022-01-01 09:42:28'),
(701, 1, 'attendance', 'Attendance', 'no', '2022-01-01 09:43:14', '2022-01-01 09:43:14'),
(702, 2, 'attendance', 'উপস্থিতি', 'no', '2022-01-01 09:43:23', '2022-01-01 09:43:23'),
(703, 2, 'latest_updated', 'সর্বশেষ আপডেট', 'সর্বশেষ আপডেট', '2022-01-01 11:25:12', '2022-01-01 11:25:12'),
(704, 1, 'latest_updated', 'Latest updated', 'Latest updated', '2022-01-01 11:25:40', '2022-01-01 11:25:40'),
(709, 1, 'discussions', 'Discussion', '.', '2022-01-01 23:06:11', '2022-01-01 23:06:11'),
(710, 2, 'discussions', 'আলোচনা', '.', '2022-01-01 23:06:42', '2022-01-01 23:06:42'),
(711, 1, 'tasks_materials', 'Tasks and Materials', '.', '2022-01-01 23:07:21', '2022-01-03 23:28:10'),
(712, 2, 'tasks_materials', 'কাজ এবং উপকরণ', '.', '2022-01-01 23:07:47', '2022-01-01 23:07:47'),
(715, 1, 'education_sub_levels', 'Education Sub-level', '.', '2022-01-02 00:05:53', '2022-01-02 00:05:53'),
(716, 2, 'education_sub_levels', 'শিক্ষা উপ-স্তর', '.', '2022-01-02 00:06:00', '2022-01-02 00:06:00'),
(717, 1, 'evaluations', 'Evaluations', '.', '2022-01-03 23:14:59', '2022-01-03 23:14:59'),
(718, 2, 'evaluations', 'মূল্যায়ন', '.', '2022-01-03 23:15:29', '2022-01-03 23:15:29'),
(719, 1, 'discussion', 'Discussion', 'Discussion', '2022-01-11 03:21:32', '2022-01-11 03:21:32'),
(720, 2, 'discussion', 'আলোচনা', 'আলোচনা', '2022-01-11 03:22:00', '2022-01-11 03:22:00'),
(721, 1, 'next_class', 'Next Class', 'Next Class', '2022-01-11 03:22:17', '2022-01-11 03:22:17'),
(722, 2, 'next_class', 'পরবর্তী ক্লাস', 'পরবর্তী ক্লাস', '2022-01-11 03:22:33', '2022-01-11 03:22:33'),
(723, 1, 'start_class', 'Start Class', 'Start Class', '2022-01-11 03:39:09', '2022-01-11 03:39:09'),
(724, 2, 'start_class', 'ক্লাস শুরু', 'ক্লাস শুরু', '2022-01-11 03:39:32', '2022-01-11 03:39:32'),
(725, 1, 'change_schedule', 'Change Schedule', 'Change Schedule', '2022-01-11 03:40:01', '2022-01-11 03:40:01'),
(726, 2, 'change_schedule', 'সময়সূচী পরিবর্তন করুন', 'সময়সূচী পরিবর্তন করুন', '2022-01-11 03:40:14', '2022-01-11 03:40:14'),
(727, 1, 'post_now', 'Post Now', 'Post Now', '2022-01-11 04:44:39', '2022-01-11 04:44:39'),
(728, 2, 'post_now', 'পোস্ট করুন', 'পোস্ট করুন', '2022-01-11 04:44:57', '2022-01-11 04:44:57'),
(729, 1, 'all_sessions', 'All Sessions', 'All Sessions', '2022-01-11 23:45:22', '2022-01-11 23:45:22'),
(730, 2, 'all_sessions', 'সব সেশন', 'সব সেশন', '2022-01-11 23:46:04', '2022-01-11 23:46:04'),
(731, 1, 'classworks', 'Classworks', 'Classworks', '2022-01-11 23:48:39', '2022-01-11 23:48:39'),
(732, 2, 'classworks', 'ক্লাসওয়ার্ক', 'ক্লাসওয়ার্ক', '2022-01-11 23:48:59', '2022-01-11 23:48:59'),
(733, 2, 'upcoming_class_session', 'আসন্ন ক্লাস সেশন', 'আসন্ন ক্লাস সেশন', '2022-01-12 00:03:33', '2022-01-12 00:03:33'),
(734, 1, 'upcoming_class_session', 'Upcoming class session', 'Upcoming class session', '2022-01-12 00:03:47', '2022-01-12 00:03:47'),
(735, 1, 'new_class_schedule', 'New class schedule', 'New class schedule', '2022-01-12 00:04:16', '2022-01-12 00:04:16'),
(736, 2, 'new_class_schedule', 'নতুন ক্লাসের সময়সূচী', 'নতুন ক্লাসের সময়সূচী', '2022-01-12 00:04:30', '2022-01-12 00:04:30'),
(737, 1, 'blogs', 'Blogs', '', '2022-01-12 00:28:01', '2022-01-12 00:28:01'),
(738, 2, 'blogs', 'ব্লগ', '', '2022-01-12 00:28:18', '2022-01-12 00:28:18'),
(739, 1, 'new_blogs', 'New Blog', '', '2022-01-12 00:44:06', '2022-01-12 00:44:52'),
(740, 2, 'new_blogs', 'নতুন ব্লগ', '', '2022-01-12 00:44:27', '2022-01-12 00:44:27'),
(741, 1, 'new_tutorials', 'New Tutorial', '', '2022-01-12 00:50:48', '2022-01-12 00:50:48'),
(742, 2, 'new_tutorials', 'নতুন টিউটোরিয়াল', '', '2022-01-12 00:51:06', '2022-01-12 00:51:06'),
(743, 1, 'completed_class', 'Completed class', 'Completed class', '2022-01-12 03:02:02', '2022-01-12 03:02:02'),
(744, 2, 'completed_class', 'ক্লাস শেষ', 'ক্লাস শেষ', '2022-01-12 03:02:24', '2022-01-12 03:02:24'),
(745, 1, 'post_title', 'Post Title', '', '2022-01-12 03:26:16', '2022-01-12 03:26:16'),
(746, 2, 'post_title', 'শিরোনাম', '', '2022-01-12 03:26:40', '2022-01-12 03:26:40'),
(747, 1, 'feature_image', 'Feature Image', '', '2022-01-12 03:27:37', '2022-01-12 03:27:37'),
(748, 2, 'feature_image', 'ইমেইজ', '', '2022-01-12 03:27:56', '2022-01-27 03:54:29'),
(749, 1, 'tag', 'Tag', '', '2022-01-12 03:45:35', '2022-01-12 03:45:35'),
(750, 2, 'tag', 'ট্যাগ', '', '2022-01-12 03:45:41', '2022-01-12 03:45:41'),
(751, 1, 'topic', 'Topic', 'Topic', '2022-01-12 05:56:01', '2022-01-12 05:56:01'),
(752, 2, 'topic', 'বিষয়', 'বিষয়', '2022-01-12 05:56:14', '2022-01-12 05:56:14'),
(753, 1, 'add_class_item', 'Add class item', 'Add class item', '2022-01-12 06:04:36', '2022-01-12 06:04:36'),
(754, 2, 'add_class_item', 'ক্লাস আইটেম যোগ করুন', 'ক্লাস আইটেম যোগ করুন', '2022-01-12 06:04:53', '2022-01-12 06:04:53'),
(755, 1, 'view_details', 'View Details', 'View Details', '2022-01-12 09:49:03', '2022-01-12 09:49:03'),
(756, 2, 'view_details', 'বিস্তারিত দেখুন', 'বিস্তারিত দেখুন', '2022-01-12 09:49:23', '2022-01-12 09:49:23'),
(757, 2, 'no_recording', 'রেকর্ডিং নেই', 'রেকর্ডিং নেই', '2022-01-12 10:38:20', '2022-01-12 10:38:20'),
(758, 1, 'no_recording', 'No recording', 'No recording', '2022-01-12 10:38:32', '2022-01-12 10:38:32'),
(759, 1, 'has_recording', 'Has recording', 'Has recording', '2022-01-12 10:39:08', '2022-01-12 10:39:08'),
(760, 2, 'has_recording', 'রেকর্ডিং আছে', 'রেকর্ডিং আছে', '2022-01-12 10:39:40', '2022-01-12 10:39:40'),
(761, 1, 'sessions', 'Sessions', '', '2022-01-12 23:37:02', '2022-01-12 23:49:33'),
(762, 2, 'sessions', 'সেশন', '', '2022-01-12 23:37:11', '2022-01-12 23:37:11'),
(763, 1, 'class_topic', 'Class topic', 'Class topic', '2022-01-13 00:58:15', '2022-01-13 00:58:15'),
(764, 2, 'class_topic', 'ক্লাসের বিষয়', 'ক্লাসের বিষয়', '2022-01-13 00:58:31', '2022-01-13 00:58:31'),
(765, 2, 'duration', 'ডিউরেশন', 'সময়কাল', '2022-01-13 00:58:49', '2022-03-23 01:00:32'),
(766, 1, 'duration', 'Duration', 'Duration', '2022-01-13 00:58:58', '2022-01-13 00:58:58'),
(767, 1, 'hours', 'Hours', 'Hours', '2022-01-13 00:59:19', '2022-01-13 01:01:31'),
(768, 2, 'hours', 'ঘন্টা', 'ঘন্টা', '2022-01-13 00:59:33', '2022-01-13 01:13:38'),
(769, 2, 'minutes', 'মিনিট', 'মিনিট', '2022-01-13 01:00:35', '2022-01-13 01:00:35'),
(770, 1, 'minutes', 'Minutes', 'Minutes', '2022-01-13 01:00:46', '2022-01-13 01:00:46'),
(771, 1, 'seconds', 'Seconds', 'Seconds', '2022-01-13 01:00:58', '2022-01-13 01:00:58'),
(772, 2, 'seconds', 'সেকেন্ড', 'সেকেন্ড', '2022-01-13 01:01:09', '2022-01-13 01:01:09'),
(773, 1, 'enter_class_topic', 'Enter class topic', 'Enter class topic', '2022-01-13 01:37:41', '2022-01-13 01:37:41'),
(774, 2, 'enter_class_topic', 'ক্লাসের বিষয় লিখুন', 'ক্লাসের বিষয় লিখুন', '2022-01-13 01:38:01', '2022-01-13 01:38:01'),
(775, 1, 'create_class', 'Create class', 'Create class', '2022-01-13 01:38:24', '2022-01-13 01:38:24'),
(776, 2, 'create_class', 'ক্লাস তৈরি করুন', 'ক্লাস তৈরি করুন', '2022-01-13 01:38:47', '2022-01-13 01:38:47'),
(777, 1, 'timeline', 'Timeline', 'Timeline', '2022-01-13 03:12:39', '2022-01-13 03:12:39'),
(778, 2, 'timeline', 'টাইমলাইন', 'টাইমলাইন', '2022-01-13 03:13:19', '2022-01-13 03:13:19'),
(779, 1, 'create_classworks', 'Create classworks', 'Create classworks', '2022-01-13 03:24:54', '2022-01-13 03:24:54'),
(780, 2, 'create_classworks', 'ক্লাসওয়ার্ক তৈরি করুন', 'ক্লাসওয়ার্ক তৈরি করুন', '2022-01-13 03:25:32', '2022-01-13 03:25:32'),
(781, 1, 'add_assignment', 'Add assignment', 'Add assignment', '2022-01-13 03:56:08', '2022-01-13 03:56:08'),
(782, 2, 'add_assignment', 'অ্যাসাইনমেন্ট যোগ করুন', 'অ্যাসাইনমেন্ট যোগ করুন', '2022-01-13 03:56:31', '2022-01-13 03:56:31'),
(783, 1, 'title', 'Title', 'Title', '2022-01-13 04:02:46', '2022-01-13 04:02:46'),
(784, 2, 'title', 'শিরোনাম', 'শিরোনাম', '2022-01-13 04:03:44', '2022-01-13 04:03:44');
INSERT INTO `lang_values` (`id`, `language_id`, `universal`, `value`, `message`, `created_at`, `updated_at`) VALUES
(785, 1, 'instructions', 'Instructions', 'Instructions', '2022-01-13 04:27:51', '2022-01-13 04:27:51'),
(786, 2, 'instructions', 'নির্দেশাবলী', 'নির্দেশাবলী', '2022-01-13 04:27:58', '2022-01-13 04:27:58'),
(787, 1, 'optional', 'Optional', 'Optional', '2022-01-13 09:30:54', '2022-01-13 09:30:54'),
(788, 2, 'optional', 'ঐচ্ছিক', 'ঐচ্ছিক', '2022-01-13 09:31:10', '2022-01-13 09:31:10'),
(789, 1, 'upload_or_add_file', 'Upload/Add File', 'Upload/Add File', '2022-01-14 20:12:53', '2022-01-14 20:12:53'),
(790, 2, 'upload_or_add_file', 'আপলোড/ফাইল যোগ করুন', 'আপলোড/ফাইল যোগ করুন', '2022-01-14 20:13:17', '2022-01-14 20:13:17'),
(791, 1, 'add_media', 'Add media', 'Add media', '2022-01-14 20:13:35', '2022-01-14 20:13:35'),
(792, 2, 'add_media', 'মিডিয়া যোগ করুন', 'মিডিয়া যোগ করুন', '2022-01-14 20:14:02', '2022-01-14 20:14:02'),
(793, 1, 'due_date', 'Due date', 'Due date', '2022-01-14 20:24:21', '2022-01-14 20:24:21'),
(794, 2, 'due_date', 'নির্দিষ্ট তারিখ', 'নির্দিষ্ট তারিখ', '2022-01-14 20:24:37', '2022-01-14 20:24:37'),
(795, 1, 'point_marks', 'Point/Marks', 'Point/Marks', '2022-01-14 20:26:07', '2022-01-14 20:26:07'),
(796, 2, 'point_marks', 'পয়েন্ট/মার্কস', 'পয়েন্ট/মার্কস', '2022-01-14 20:26:18', '2022-01-14 20:26:18'),
(797, 2, 'publish_this_assignment', 'এই অ্যাসাইনমেন্ট প্রকাশ', 'এই অ্যাসাইনমেন্ট প্রকাশ', '2022-01-14 20:34:02', '2022-01-14 20:34:02'),
(798, 1, 'publish_this_assignment', 'Publish this assignment', 'Publish this assignment', '2022-01-14 20:34:15', '2022-01-14 20:34:15'),
(799, 1, 'assign_to_a_class', 'Assign to a class', 'Assign to a class', '2022-01-14 20:34:35', '2022-01-14 20:34:35'),
(800, 2, 'assign_to_a_class', 'একটি ক্লাসে বরাদ্দ করুন', 'একটি ক্লাসে বরাদ্দ করুন', '2022-01-14 20:35:01', '2022-01-14 20:35:01'),
(801, 1, 'select_class_session', 'Select class session', 'Select class session', '2022-01-14 20:37:28', '2022-01-14 20:37:28'),
(802, 2, 'select_class_session', 'ক্লাস সেশন নির্বাচন করুন', 'ক্লাস সেশন নির্বাচন করুন', '2022-01-14 20:37:40', '2022-01-14 20:37:40'),
(803, 1, 'assignment', 'Assignment', 'Assignment', '2022-01-14 20:40:27', '2022-01-14 20:40:27'),
(804, 2, 'assignment', 'অ্যাসাইনমেন্ট', 'অ্যাসাইনমেন্ট', '2022-01-14 20:40:38', '2022-01-14 20:40:38'),
(805, 1, 'quiz', 'Quiz', 'Quiz', '2022-01-14 20:41:00', '2022-01-14 20:41:00'),
(806, 2, 'quiz', 'কুইজ', 'কুইজ', '2022-01-14 20:41:51', '2022-01-14 20:41:51'),
(807, 1, 'question', 'Question', 'Question', '2022-01-14 20:42:09', '2022-01-14 20:42:09'),
(808, 2, 'question', 'প্রশ্ন', 'প্রশ্ন', '2022-01-14 20:42:22', '2022-01-14 20:42:22'),
(809, 1, 'material', 'Material', 'Material', '2022-01-14 20:42:42', '2022-01-14 20:42:42'),
(810, 2, 'material', 'উপাদান', 'উপাদান', '2022-01-14 20:43:09', '2022-01-14 20:43:09'),
(811, 1, 'view_submission', 'View submission', 'View submission', '2022-01-14 21:07:41', '2022-01-14 21:07:41'),
(812, 2, 'view_submission', 'জমা দেখুন', 'জমা দেখুন', '2022-01-14 21:07:54', '2022-01-14 21:07:54'),
(813, 1, 'passed', 'Passed', 'Passed', '2022-01-15 04:53:04', '2022-01-15 04:53:04'),
(814, 2, 'passed', 'পাশ', '', '2022-01-15 04:53:08', '2022-03-21 02:37:13'),
(815, 2, 'failed', 'ফেল', 'ফেল', '2022-01-15 04:53:20', '2022-01-15 04:54:16'),
(816, 1, 'failed', 'Failed', 'Failed', '2022-01-15 04:54:08', '2022-01-15 04:54:08'),
(817, 2, 'yet_to_grade', 'এখনো মূল্যায়ন সম্পন্ন হয়নি', '', '2022-01-15 04:54:43', '2022-04-18 02:06:25'),
(818, 1, 'submission_date', 'Submission date', 'Submission date', '2022-01-15 05:00:22', '2022-01-15 05:00:22'),
(819, 2, 'submission_date', 'জমাদানের তারিখ', 'জমাদানের তারিখ', '2022-01-15 05:00:42', '2022-01-15 05:00:42'),
(820, 1, 'previous', 'Previous', 'Previous', '2022-01-15 05:15:00', '2022-01-15 05:15:00'),
(821, 2, 'previous', 'পূর্ববর্তী', 'পূর্ববর্তী', '2022-01-15 05:15:28', '2022-01-15 05:16:09'),
(822, 1, 'response_detail', 'Response detail', 'Response detail', '2022-01-15 05:23:43', '2022-01-15 05:23:43'),
(823, 2, 'response_detail', 'প্রতিক্রিয়া বিস্তারিত', 'প্রতিক্রিয়া বিস্তারিত', '2022-01-15 05:23:54', '2022-01-15 05:23:54'),
(824, 1, 'more', 'more..', '', '2022-01-15 22:38:52', '2022-01-15 22:38:52'),
(825, 2, 'more', 'আরো', '', '2022-01-15 22:39:18', '2022-01-15 22:39:18'),
(826, 1, 'update_class', 'Update class', 'update_class', '2022-01-16 21:25:46', '2022-01-16 21:25:46'),
(827, 2, 'update_class', 'আপডেট ক্লাস', 'update_class', '2022-01-16 21:26:07', '2022-01-16 21:26:07'),
(828, 1, 'total_question', 'Total question', 'Total question', '2022-01-17 12:39:17', '2022-01-17 12:39:17'),
(829, 2, 'total_question', 'মোট প্রশ্ন', 'মোট প্রশ্ন', '2022-01-17 12:39:34', '2022-01-17 12:39:34'),
(830, 2, 'total_marks', 'টোটাল মার্কস', 'মোট নম্বর', '2022-01-17 12:40:08', '2022-03-21 03:56:58'),
(831, 1, 'total_marks', 'Total marks', 'Total marks', '2022-01-17 12:40:18', '2022-01-17 12:40:18'),
(832, 1, 'pass_mark', 'Pass mark', 'Pass mark', '2022-01-17 12:51:26', '2022-01-17 12:51:26'),
(833, 2, 'pass_mark', 'পাশ নম্বর', 'পাশ নম্বর', '2022-01-17 12:51:41', '2022-01-17 12:51:41'),
(834, 1, 'exam_start', 'Do exam start', 'Do exam start', '2022-01-17 12:53:57', '2022-01-17 12:54:46'),
(835, 2, 'exam_start', 'পরীক্ষা শুরু করুন', 'পরীক্ষা শুরু করুন', '2022-01-17 12:54:27', '2022-01-17 12:54:27'),
(836, 1, 'participate', 'Participate', 'Participate', '2022-01-18 00:17:06', '2022-01-18 00:17:06'),
(837, 2, 'participate', 'অংশগ্রহণ করুন', 'অংশগ্রহণ করুন', '2022-01-18 00:17:12', '2022-01-18 00:17:12'),
(838, 1, 'new_class_room', 'New Classroom', '', '2022-01-18 03:31:27', '2022-01-18 03:31:27'),
(839, 2, 'new_class_room', 'নতুন ক্লাসরুম', '', '2022-01-18 03:32:41', '2022-01-18 03:32:41'),
(840, 1, 'obtain_mark', 'Obtain mark', 'Obtain mark', '2022-01-18 03:47:35', '2022-01-18 03:47:35'),
(841, 2, 'obtain_mark', 'প্রাপ্ত নম্বর', 'প্রাপ্ত নম্বর', '2022-01-18 03:48:22', '2022-01-18 03:48:22'),
(842, 1, 'class_room_name', 'Class room name', '', '2022-01-18 04:13:08', '2022-01-18 04:13:08'),
(843, 2, 'class_room_name', 'ক্লাসরুমের নাম', '', '2022-01-18 04:13:41', '2022-01-18 04:13:41'),
(844, 1, 'class_room_create', ' Create classroom', '', '2022-01-18 04:15:45', '2022-01-18 04:15:45'),
(845, 2, 'class_room_create', ' ক্লাসরুম তৈরি করুন', '', '2022-01-18 04:16:15', '2022-01-18 04:16:15'),
(846, 1, 'select_class_for_assign', 'Select class for assign', '', '2022-01-18 05:36:41', '2022-01-18 05:36:41'),
(847, 2, 'select_class_for_assign', 'বরাদ্দের জন্য ক্লাস নির্বাচন করুন', '', '2022-01-18 05:36:54', '2022-01-18 05:36:54'),
(848, 1, 'choose_template', 'Choose template ', '', '2022-01-18 05:38:13', '2022-01-25 01:09:55'),
(849, 2, 'choose_template', 'টেমপ্লেট নির্বাচন করুন', '', '2022-01-18 05:38:37', '2022-01-25 01:09:27'),
(850, 1, 'random_question', 'Random question ', '', '2022-01-18 05:39:03', '2022-01-25 01:10:48'),
(851, 2, 'random_question', 'এলোমেলো প্রশ্ন', '', '2022-01-18 05:39:50', '2022-01-25 01:10:27'),
(852, 1, 'random_answer', 'Random answer ', '', '2022-01-18 05:40:10', '2022-01-25 01:08:11'),
(853, 2, 'random_answer', 'এলোমেলো উত্তর', '', '2022-01-18 05:40:40', '2022-01-25 01:07:47'),
(854, 1, 'question_setup', 'Question setup', '', '2022-01-18 05:42:47', '2022-01-18 05:42:47'),
(855, 2, 'question_setup', 'প্রশ্ন সেটআপ', '', '2022-01-18 05:42:59', '2022-01-18 05:42:59'),
(856, 1, 'featured', 'Featured ', '', '2022-01-18 05:43:37', '2022-01-25 01:12:10'),
(857, 2, 'featured', 'বৈশিষ্ট্য', '', '2022-01-18 05:44:09', '2022-01-25 01:11:49'),
(858, 1, 'video', 'Video', '', '2022-01-18 05:46:38', '2022-01-18 05:46:38'),
(859, 2, 'video', 'ভিডিও', '', '2022-01-18 05:46:57', '2022-01-18 05:46:57'),
(860, 1, 'audio', 'Audio', '', '2022-01-18 05:47:22', '2022-01-18 05:47:22'),
(861, 2, 'audio', 'অডিও ', '', '2022-01-18 05:47:53', '2022-01-18 05:47:53'),
(862, 1, 'document', 'Document', '', '2022-01-18 05:48:12', '2022-01-18 05:48:12'),
(863, 2, 'document', 'ডকুমেন্ট', '', '2022-01-18 05:48:46', '2022-04-05 23:15:07'),
(864, 1, 'exam', 'Exam', '', '2022-01-18 05:50:10', '2022-01-18 05:50:10'),
(865, 2, 'exam', 'এক্সাম', '', '2022-01-18 05:50:26', '2022-03-21 03:56:06'),
(866, 1, 'review_answers', 'Review answers', 'Review answers', '2022-01-18 05:53:13', '2022-01-18 05:53:13'),
(867, 2, 'review_answers', 'উত্তর পর্যালোচনা করুন', 'উত্তর পর্যালোচনা করুন', '2022-01-18 05:53:35', '2022-01-18 05:53:35'),
(868, 1, 'category', 'Category', '', '2022-01-18 06:05:22', '2022-01-18 06:05:22'),
(869, 2, 'category', 'ক্যাটাগরি', '', '2022-01-18 06:05:31', '2022-01-26 00:12:21'),
(870, 1, 'level', 'Level', '', '2022-01-18 06:14:14', '2022-01-18 06:14:14'),
(871, 2, 'level', 'লেভেল', '', '2022-01-18 06:14:30', '2022-03-29 00:01:26'),
(872, 1, 'choose_level', 'Choose level', '', '2022-01-18 06:15:10', '2022-01-18 06:15:10'),
(873, 2, 'choose_level', 'স্তর নির্বাচন করুন', '', '2022-01-18 06:15:27', '2022-01-18 06:15:27'),
(874, 1, 'choose_language', 'Choose language', '', '2022-01-18 06:16:13', '2022-01-18 06:16:13'),
(875, 2, 'choose_language', 'ভাষা নির্বাচন করুন', '', '2022-01-18 06:16:29', '2022-01-18 06:16:29'),
(876, 1, 'choose_category', 'Choose category', '', '2022-01-18 06:17:35', '2022-01-18 06:17:35'),
(877, 2, 'choose_category', 'ক্যাটাগরি নির্বাচন করুন', '', '2022-01-18 06:19:30', '2022-01-18 06:19:30'),
(878, 1, 'enter_title', 'Enter title', '', '2022-01-18 06:20:26', '2022-01-18 06:20:26'),
(879, 2, 'enter_title', 'শিরোনাম লিখুন', '', '2022-01-18 06:21:25', '2022-01-18 06:21:25'),
(880, 1, 'bn_title', 'Bangla title', '', '2022-01-18 06:26:26', '2022-01-18 06:26:26'),
(881, 2, 'bn_title', 'শিরোনাম (বাংলায়) ', '', '2022-01-18 06:26:44', '2022-01-20 00:24:47'),
(882, 1, 'all_classrooms', 'All classrooms', 'All classrooms', '2022-01-18 12:24:16', '2022-01-18 12:24:16'),
(883, 2, 'all_classrooms', 'সকল ক্লাসরুম', 'সব শ্রেণীকক্ষ', '2022-01-18 12:24:34', '2022-02-02 04:25:39'),
(884, 1, 'class_sessions', 'Class Session', 'Class sessions', '2022-01-18 12:56:04', '2022-03-15 03:31:13'),
(885, 2, 'class_sessions', 'ক্লাস সেশন', 'ক্লাস সেশন', '2022-01-18 12:56:17', '2022-01-18 12:56:17'),
(886, 1, 'view_classes', 'View classes', 'View classes', '2022-01-18 12:56:45', '2022-01-18 12:56:45'),
(887, 2, 'view_classes', 'ক্লাস দেখুন', 'ক্লাস দেখুন', '2022-01-18 12:57:05', '2022-01-18 12:57:05'),
(888, 1, 'total_classes', 'Total Classes', 'Total Classes', '2022-01-18 13:10:46', '2022-01-18 13:10:46'),
(889, 2, 'total_classes', 'মোট ক্লাস', 'মোট ক্লাস', '2022-01-18 13:11:00', '2022-01-18 13:11:00'),
(890, 1, 'pending_assignment_review', 'Pending Assignment Review', 'Pending Assignment Review', '2022-01-18 13:13:41', '2022-01-18 13:13:41'),
(891, 2, 'pending_assignment_review', 'অনিষ্পাদিত  অ্যাসাইনমেন্ট পর্যালোচনা', 'অনিষ্পাদিত  অ্যাসাইনমেন্ট পর্যালোচনা', '2022-01-18 13:13:55', '2022-01-26 00:08:23'),
(892, 1, 'completed_classes', 'Completed Classes', 'Completed Classes', '2022-01-18 13:15:16', '2022-01-18 13:16:03'),
(893, 2, 'completed_classes', 'ক্লাস সমাপ্ত', 'ক্লাস সমাপ্ত', '2022-01-18 13:15:39', '2022-01-18 13:15:39'),
(894, 2, 'next_class_empty', 'পরবর্তী ক্লাসের সময়সূচী পাওয়া যায় নি', 'পরবর্তী ক্লাসের সময়সূচী পাওয়া যায় নি', '2022-01-19 00:33:01', '2022-01-24 05:11:24'),
(895, 1, 'next_class_empty', 'Next class schedule not found', 'Next class schedule not found', '2022-01-19 00:33:20', '2022-01-19 00:33:20'),
(896, 1, 'shared_contents', 'Shared contents', '', '2022-01-19 00:35:52', '2022-01-19 00:35:52'),
(897, 2, 'shared_contents', 'শেয়ার করা কন্টেন্টসমূহ', '', '2022-01-19 00:38:01', '2022-01-19 00:38:52'),
(898, 1, 'order_number', 'Order number', '', '2022-01-19 01:10:30', '2022-01-19 01:10:30'),
(899, 1, 'image', 'Image', '', '2022-01-19 01:12:05', '2022-01-19 01:12:05'),
(900, 2, 'image', 'ইমেইজ', '', '2022-01-19 01:13:04', '2022-01-19 05:09:55'),
(901, 2, 'order_number', 'অর্ডার নম্বর', '', '2022-01-19 02:49:15', '2022-01-19 02:49:15'),
(902, 1, 'content_id', 'Content Id', '', '2022-01-19 03:36:02', '2022-01-19 03:36:02'),
(903, 2, 'content_id', 'কন্টেন্ট আইডি', '', '2022-01-19 03:36:16', '2022-01-19 03:56:52'),
(904, 1, 'url', 'URL', '', '2022-01-19 03:36:49', '2022-01-19 03:37:29'),
(905, 1, 'education_level_id', 'Education Level Id', '', '2022-01-19 03:39:41', '2022-01-19 03:39:41'),
(906, 2, 'education_level_id', 'শিক্ষা স্তর আইডি', '', '2022-01-19 03:42:54', '2022-01-19 03:42:54'),
(907, 1, 'order', 'Order', '', '2022-01-19 03:44:10', '2022-01-19 03:44:46'),
(908, 2, 'order', 'অর্ডার', '', '2022-01-19 03:44:30', '2022-01-19 03:44:30'),
(909, 2, 'url', 'ইউআরএল', '', '2022-01-19 03:46:36', '2022-01-19 03:46:36'),
(912, 1, 'weight', 'Weight', '', '2022-01-19 03:52:29', '2022-01-19 03:52:29'),
(913, 2, 'weight', 'গুরুত্ব', '', '2022-01-19 03:52:43', '2022-01-19 03:52:43'),
(920, 1, 'new_professions', 'New Professions', '', '2022-01-19 04:31:08', '2022-01-19 04:31:08'),
(921, 2, 'new_professions', 'নতুন পেশা', '', '2022-01-19 04:31:58', '2022-01-19 04:31:58'),
(922, 1, 'new_education-lavels', 'New Education Levels', '', '2022-01-19 04:32:32', '2022-01-19 04:32:32'),
(923, 2, 'new_education-lavels', 'নতুন শিক্ষার স্তর', '', '2022-01-19 04:32:45', '2022-01-19 04:32:45'),
(924, 1, 'new_education_sub_levels', 'New Education Sub Levels', '', '2022-01-19 04:33:24', '2022-01-19 04:33:24'),
(925, 2, 'new_education_sub_levels', 'নতুন শিক্ষা উপ-স্তর', '', '2022-01-19 04:33:51', '2022-01-19 04:33:51'),
(927, 1, 'new_sliders', 'New Sliders', '', '2022-01-19 04:35:03', '2022-01-19 04:35:03'),
(928, 2, 'new_sliders', 'নতুন স্লাইডার', '', '2022-01-19 04:35:20', '2022-01-19 04:35:20'),
(929, 1, 'language', 'Language', '', '2022-01-19 04:49:27', '2022-01-19 04:49:27'),
(930, 2, 'language', 'ভাষা', '', '2022-01-19 04:49:44', '2022-01-19 04:49:44'),
(933, 1, 'new_degrees', 'New Degrees', '', '2022-01-19 05:22:20', '2022-01-19 05:22:20'),
(934, 2, 'new_degrees', 'নতুন ডিগ্রী', '', '2022-01-19 05:22:27', '2022-01-19 05:22:27'),
(935, 2, 'Exit Time', 'শেষ সময়', '.', '2022-01-19 05:22:29', '2022-01-19 05:22:29'),
(936, 1, 'Exit Time', 'End Time', '.', '2022-01-19 05:22:43', '2022-01-19 05:22:43'),
(937, 1, 'feedback', 'Feedback', 'Feedback', '2022-01-19 20:32:04', '2022-01-19 20:32:04'),
(938, 2, 'feedback', 'প্রতিক্রিয়া', 'প্রতিক্রিয়া', '2022-01-19 20:32:09', '2022-01-19 20:32:09'),
(939, 1, 'correct_answer', 'Correct Answer', 'Correct Answer', '2022-01-19 20:35:05', '2022-01-19 20:35:05'),
(940, 2, 'correct_answer', 'সঠিক উত্তর', 'সঠিক উত্তর', '2022-01-19 20:35:22', '2022-01-19 20:35:22'),
(941, 1, 'live_class', 'Live Class', 'Live Class', '2022-01-19 23:01:55', '2022-01-19 23:01:55'),
(942, 2, 'live_class', 'লাইভ ক্লাস', 'লাইভ ক্লাস', '2022-01-19 23:02:10', '2022-01-19 23:02:10'),
(943, 2, 'previous_class', 'আগের ক্লাস', 'আগের ক্লাস', '2022-01-19 23:02:27', '2022-01-19 23:03:06'),
(944, 1, 'previous_class', 'Previous class', 'Previous class', '2022-01-19 23:03:18', '2022-01-19 23:03:18'),
(945, 1, 'start_live', 'Start live', 'Start live', '2022-01-19 23:05:10', '2022-01-19 23:05:10'),
(946, 2, 'start_live', 'লাইভ শুরু করুন', 'লাইভ শুরু করুন', '2022-01-19 23:05:14', '2022-01-19 23:05:14'),
(947, 1, 'exit', 'Exit', '', '2022-01-20 00:03:13', '2022-01-20 00:03:13'),
(948, 2, 'exit', 'বন্ধ করুন', '', '2022-01-20 00:06:56', '2022-02-02 23:36:07'),
(949, 1, 'and', 'and', '', '2022-01-20 00:07:28', '2022-01-20 00:07:28'),
(950, 2, 'and', 'এবং', '', '2022-01-20 00:08:04', '2022-01-20 00:08:04'),
(951, 1, 'or', 'or', '', '2022-01-20 00:17:57', '2022-01-20 00:17:57'),
(952, 2, 'or', 'অথবা', '', '2022-01-20 00:18:27', '2022-01-20 00:18:27'),
(953, 1, 'view_attendance', 'View attendance', '', '2022-01-23 06:09:34', '2022-01-23 06:09:34'),
(954, 2, 'view_attendance', 'ভিউ অ্যাটেডেন্স', '', '2022-01-23 06:10:07', '2022-03-21 05:38:53'),
(955, 1, 'easy', 'Easy', 'easy', '2022-01-24 01:09:22', '2022-01-24 01:09:22'),
(956, 2, 'easy', 'সহজ', 'easy', '2022-01-24 01:09:36', '2022-01-24 01:09:36'),
(957, 1, 'medium', 'Medium', 'medium', '2022-01-24 01:10:23', '2022-01-24 01:10:23'),
(958, 2, 'medium', 'মধ্যম', 'medium', '2022-01-24 01:10:38', '2022-01-24 01:10:38'),
(959, 1, 'hard', 'Hard', 'hard', '2022-01-24 01:10:58', '2022-01-24 01:10:58'),
(960, 2, 'hard', 'কঠিন', 'কঠিন', '2022-01-24 01:11:09', '2022-01-24 01:11:09'),
(961, 1, 'joining_time', 'Joining time', '', '2022-01-24 05:17:24', '2022-01-24 05:17:24'),
(962, 2, 'joining_time', 'যোগদানের সময়', '', '2022-01-24 05:17:42', '2022-01-24 05:17:42'),
(963, 1, 'show', 'Show', 'Show', '2022-01-24 23:54:29', '2022-01-24 23:54:29'),
(964, 2, 'show', 'দেখুন', 'দেখুন', '2022-01-24 23:54:36', '2022-01-24 23:54:36'),
(965, 1, 'beginner', 'Beginner', 'Beginner', '2022-01-25 00:15:06', '2022-01-25 00:16:59'),
(966, 2, 'beginner', 'শিক্ষানবিস', 'শিক্ষানবিস', '2022-01-25 00:17:10', '2022-01-25 00:17:10'),
(967, 1, 'most', 'Most', 'Most', '2022-01-25 02:12:02', '2022-01-25 02:12:02'),
(968, 2, 'most', 'সবচেয়ে', 'সবচেয়ে', '2022-01-25 02:12:10', '2022-01-25 02:12:10'),
(969, 1, 'recent_courses', 'Recent courses', 'Recent courses', '2022-01-25 02:13:26', '2022-01-25 02:13:26'),
(970, 2, 'recent_courses', 'সাম্প্রতিক কোর্সসমূহ', 'সাম্প্রতিক কোর্সসমূহ', '2022-01-25 02:13:38', '2022-01-25 02:13:38'),
(971, 1, 'mcq', 'MCQ', '', '2022-01-25 23:25:18', '2022-01-25 23:25:18'),
(972, 2, 'mcq', 'এমসিকিউ', '', '2022-01-25 23:26:49', '2022-01-25 23:26:49'),
(973, 1, 'multiple_choice', 'Multiple Choice', '', '2022-01-25 23:27:15', '2022-01-25 23:27:15'),
(974, 2, 'multiple_choice', 'বহু নির্বাচনী', '', '2022-01-25 23:27:27', '2022-01-25 23:39:21'),
(975, 1, 'dropdown', 'Dropdown', '', '2022-01-25 23:27:41', '2022-01-25 23:27:41'),
(976, 2, 'dropdown', 'ড্রপডাউন', '', '2022-01-25 23:27:57', '2022-01-25 23:27:57'),
(977, 1, 'numeric', 'Numeric', '', '2022-01-25 23:28:12', '2022-01-25 23:28:12'),
(978, 2, 'numeric', 'সংখ্যাসূচক', '', '2022-01-25 23:28:20', '2022-01-25 23:28:20'),
(979, 1, 'true_false', 'True False', '', '2022-01-25 23:28:42', '2022-01-25 23:28:53'),
(980, 2, 'true_false', 'সত্য মিথ্যা', '', '2022-01-25 23:29:23', '2022-01-25 23:29:23'),
(981, 1, 'short_question', 'Short Question', '', '2022-01-25 23:29:53', '2022-01-25 23:29:53'),
(982, 2, 'short_question', 'সংক্ষিপ্ত প্রশ্ন', '', '2022-01-25 23:30:15', '2022-01-25 23:30:15'),
(983, 1, 'fill_in_the_blanks', 'Fill in the Blanks', '', '2022-01-25 23:30:43', '2022-01-25 23:30:43'),
(984, 2, 'fill_in_the_blanks', 'শুন্যস্থান পূরণ', '', '2022-01-25 23:30:53', '2022-01-25 23:30:53'),
(985, 1, 'sequence', 'Sequence', '', '2022-01-25 23:31:10', '2022-01-25 23:31:10'),
(986, 2, 'sequence', 'ক্রম', '', '2022-01-25 23:31:38', '2022-01-25 23:31:38'),
(987, 1, 'matching', 'Matching', '', '2022-01-25 23:31:51', '2022-01-25 23:31:51'),
(988, 2, 'matching', 'ম্যাচিং', '', '2022-01-25 23:32:05', '2022-01-25 23:32:05'),
(989, 1, 'likert_scale', 'Likert Scale', '', '2022-01-25 23:35:30', '2022-01-25 23:35:30'),
(990, 2, 'likert_scale', 'লাইকার্ট স্কেল', '', '2022-01-25 23:35:43', '2022-01-25 23:35:43'),
(991, 1, 'hotspot', 'Hotspot', '', '2022-01-25 23:35:59', '2022-01-25 23:35:59'),
(992, 2, 'hotspot', 'হটস্পট', '', '2022-01-25 23:36:39', '2022-01-25 23:36:39'),
(993, 1, 'essay', 'Easy', '', '2022-01-25 23:36:57', '2022-01-26 03:00:59'),
(994, 2, 'essay', 'রচনামূলক', '', '2022-01-25 23:37:07', '2022-04-17 03:40:40'),
(995, 1, 'drag_the_words', 'Drag the Words', '', '2022-01-25 23:37:36', '2022-01-25 23:37:36'),
(996, 2, 'drag_the_words', 'শব্দ টেনে আনুন', '', '2022-01-25 23:37:52', '2022-01-25 23:37:52'),
(997, 1, 'drag_and_drop', 'Drag and drop', '', '2022-01-25 23:38:20', '2022-01-25 23:38:20'),
(998, 2, 'drag_and_drop', 'ড্রাগ এন্ড ড্রপ', '', '2022-01-25 23:38:34', '2022-01-25 23:38:34'),
(999, 1, 'add_content', 'Add Content', '', '2022-01-25 23:42:12', '2022-01-25 23:42:12'),
(1000, 2, 'add_content', 'কন্টেন্ট যুক্ত করুন', '', '2022-01-25 23:42:18', '2022-01-25 23:52:27'),
(1001, 1, 'create_content', 'Create Content', '', '2022-01-25 23:53:12', '2022-01-25 23:53:12'),
(1002, 2, 'create_content', 'কন্টেন্ট তৈরী করুন', '', '2022-01-25 23:54:08', '2022-01-25 23:54:08'),
(1003, 1, 'attempt', 'Attempt', '', '2022-01-26 00:13:36', '2022-01-26 00:13:36'),
(1004, 2, 'attempt', 'এটেম্ট', '', '2022-01-26 00:14:24', '2022-03-29 00:03:34'),
(1005, 1, 'interview', 'Interview', '', '2022-01-26 00:15:10', '2022-01-26 00:15:10'),
(1006, 2, 'interview', 'ইন্টারভিউ', '', '2022-01-26 00:15:26', '2022-01-26 00:15:26'),
(1007, 1, 'add_question', 'Add New Question', '', '2022-01-26 00:55:39', '2022-06-06 08:11:07'),
(1008, 2, 'add_question', 'নতুন প্রশ্ন যোগ করুন', '', '2022-01-26 00:56:09', '2022-06-06 08:10:44'),
(1009, 1, 'add_folder', 'Add Folder', '', '2022-01-26 01:10:25', '2022-01-26 01:10:25'),
(1010, 2, 'add_folder', 'ফোল্ডার যোগ করুন', '', '2022-01-26 01:10:54', '2022-01-26 01:10:54'),
(1011, 1, 'question_type', 'Question Type', '', '2022-01-26 01:15:30', '2022-01-26 01:15:30'),
(1012, 2, 'question_type', 'প্রশ্নের ধরন', '', '2022-01-26 01:16:00', '2022-01-26 01:16:00'),
(1013, 1, 'exit_time', 'Exit Time', '', '2022-01-26 01:52:08', '2022-01-26 01:52:08'),
(1014, 2, 'exit_time', 'শেষের সময়', '', '2022-01-26 01:52:33', '2022-01-26 01:52:33'),
(1015, 1, 'tk', 'TK', 'TK', '2022-01-26 02:08:17', '2022-01-26 02:08:17'),
(1016, 2, 'tk', '৳', 'TK', '2022-01-26 02:08:25', '2022-01-26 02:08:25'),
(1017, 1, 'choose_file', ' Choose file', '', '2022-01-26 02:20:12', '2022-01-26 02:20:12'),
(1018, 2, 'choose_file', 'ফাইল নির্বাচন করুন', '', '2022-01-26 02:20:55', '2022-01-26 02:20:55'),
(1019, 1, 'free', 'Free', 'Free', '2022-01-26 03:30:02', '2022-01-26 03:30:02'),
(1020, 2, 'free', 'ফ্রি', 'ফ্রি', '2022-01-26 03:30:27', '2022-01-26 03:30:27'),
(1021, 1, 'enroll', 'Enroll now', '', '2022-01-26 03:33:43', '2022-01-26 03:33:43'),
(1022, 2, 'enroll', 'এনরোল করুন', '', '2022-01-26 03:34:17', '2022-01-26 03:34:17'),
(1023, 1, 'class_name', 'Class Name', '', '2022-01-26 03:45:10', '2022-01-26 03:45:10'),
(1024, 1, 'user_details', 'User Details', '', '2022-01-26 03:45:21', '2022-01-26 03:45:21'),
(1025, 2, 'class_name', 'ক্লাসের নাম', '', '2022-01-26 03:45:25', '2022-01-26 03:45:25'),
(1026, 2, 'user_details', 'ইউজারের বিবরণ', '', '2022-01-26 03:46:15', '2022-01-26 03:46:15'),
(1027, 1, 'user_email', 'User Email', '', '2022-01-26 03:48:18', '2022-01-26 03:48:18'),
(1028, 2, 'user_email', 'ইউজারের ইমেইল', '', '2022-01-26 03:48:55', '2022-01-26 03:48:55'),
(1029, 1, 'role_details', 'Role Details', '', '2022-01-26 04:03:57', '2022-01-26 04:03:57'),
(1030, 2, 'role_details', 'রোলের বিবরণ', '', '2022-01-26 04:04:13', '2022-01-26 04:04:13'),
(1031, 1, 'permission_details', 'Permission Details', '', '2022-01-26 04:09:07', '2022-01-26 04:09:07'),
(1032, 2, 'permission_details', 'অনুমতি বিবরণ', '', '2022-01-26 04:10:07', '2022-01-26 04:10:07'),
(1033, 1, 'no_data_found', 'No Data Found', '', '2022-01-26 05:02:15', '2022-01-26 05:02:15'),
(1034, 2, 'no_data_found', 'কোন তথ্য পাওয়া যায়নি', '', '2022-01-26 05:02:22', '2022-01-26 05:02:22'),
(1037, 1, 'count', 'Count', '', '2022-01-26 05:05:08', '2022-01-26 05:05:08'),
(1038, 2, 'count', 'গণনা', '', '2022-01-26 05:05:42', '2022-01-26 05:05:42'),
(1039, 1, 'total', 'Total', '', '2022-01-26 05:05:57', '2022-01-26 05:05:57'),
(1040, 2, 'total', 'মোট', '', '2022-01-26 05:06:09', '2022-01-29 02:42:29'),
(1041, 1, 'choose_image', 'Choose Image', '', '2022-01-26 05:14:31', '2022-01-26 05:14:31'),
(1042, 2, 'choose_image', 'ইমেইজ নির্বাচন করুন', '', '2022-01-26 05:14:44', '2022-02-02 23:34:08'),
(1043, 1, 'low', 'Low', '', '2022-01-26 05:16:57', '2022-01-26 05:16:57'),
(1044, 2, 'low', 'সহজ', '', '2022-01-26 05:17:59', '2022-01-26 05:17:59'),
(1045, 1, 'high', 'High', '', '2022-01-26 05:18:24', '2022-01-26 05:18:24'),
(1046, 2, 'high', 'কঠিন', '', '2022-01-26 05:18:39', '2022-01-26 05:18:39'),
(1047, 1, 'invite', 'Invite', '', '2022-01-26 05:30:18', '2022-01-26 05:30:18'),
(1048, 2, 'invite', 'আমন্ত্রণ', '', '2022-01-26 05:30:31', '2022-01-26 05:30:31'),
(1049, 1, 'cancel', 'Cancel', '', '2022-01-26 05:45:04', '2022-01-26 05:45:04'),
(1050, 2, 'cancel', 'বাতিল', '', '2022-01-26 05:45:18', '2022-01-29 22:36:22'),
(1051, 1, 'participants', 'Participants', 'Participants', '2022-01-26 05:52:50', '2022-01-26 05:52:50'),
(1052, 2, 'participants', 'অংশগ্রহণকারী', 'অংশগ্রহণকারী', '2022-01-26 05:52:57', '2022-01-26 05:52:57'),
(1053, 1, 'course_desc', 'Course description', '', '2022-01-26 07:00:34', '2022-01-26 07:00:34'),
(1054, 2, 'course_desc', 'কোর্সের বিবরণ', '', '2022-01-26 07:00:43', '2022-01-26 07:00:43'),
(1055, 1, 'sample', 'Sample', '', '2022-01-26 23:15:36', '2022-01-26 23:15:36'),
(1056, 2, 'sample', 'নমুনা', '', '2022-01-26 23:15:42', '2022-01-26 23:15:42'),
(1057, 1, 'pass_marks', 'Pass Marks', 'pass_marks', '2022-01-26 23:56:54', '2022-01-26 23:56:54'),
(1058, 2, 'pass_marks', 'পাশ নম্বর', 'pass_marks', '2022-01-26 23:58:04', '2022-01-26 23:58:04'),
(1059, 2, 'Marks', 'নম্বর', 'marks', '2022-01-26 23:58:49', '2022-01-26 23:58:49'),
(1060, 1, 'file_type', 'File type', 'file_type', '2022-01-27 00:03:10', '2022-01-27 00:03:10'),
(1061, 2, 'file_type', 'ফাইলের ধরন', 'ফাইলের ধরন', '2022-01-27 00:03:27', '2022-01-27 00:03:27'),
(1062, 1, 'course_objective', 'Course objective', '', '2022-01-27 02:22:15', '2022-01-27 02:22:15'),
(1063, 2, 'course_objective', 'কোর্সের উদ্দেশ্য', '', '2022-01-27 02:25:15', '2022-01-27 02:25:15'),
(1064, 1, 'course_for_whose', 'Course for whose', '', '2022-01-27 02:52:08', '2022-01-27 02:52:08'),
(1065, 2, 'course_for_whose', 'কোর্সটি যাদের জন্য প্রযোজ্য', '', '2022-01-27 02:52:14', '2022-01-27 02:52:14'),
(1066, 1, 'course_providers', 'Course providers', '', '2022-01-27 03:44:17', '2022-01-27 03:44:17'),
(1067, 2, 'course_providers', 'কোর্স প্রদানকারী প্রতিষ্ঠান', '', '2022-01-27 03:44:30', '2022-01-27 03:44:30'),
(1068, 2, 'visit_institute_page', 'প্রতিষ্ঠান পাতা দেখুন', '', '2022-01-27 04:34:21', '2022-01-27 04:34:21'),
(1069, 1, 'visit_institute_page', 'Visit institute page', '', '2022-01-27 04:34:33', '2022-01-27 04:34:33'),
(1070, 1, 'course_instructor', 'Course instructor', '', '2022-01-27 05:40:51', '2022-01-27 05:40:51'),
(1071, 2, 'course_instructor', 'কোর্স ইন্সট্রাক্টর', '', '2022-01-27 05:40:56', '2022-01-27 05:40:56'),
(1072, 2, 'course_learner_comments_label', 'কোর্স অংশগ্রহণকারীরা কি বলছেন?', '', '2022-01-27 06:48:11', '2022-01-27 06:48:11'),
(1073, 1, 'course_learner_comments_label', 'What are the course participants saying?', '', '2022-01-27 06:48:41', '2022-01-27 06:48:41'),
(1076, 1, 'edu_sub_swal_title', 'Education sub lavels has been updated successfully', '', '2022-01-29 00:43:38', '2022-01-29 00:43:38'),
(1077, 2, 'edu_sub_swal_title', 'সফলভাবে শিক্ষার উপ স্তর আপডেট করা হয়েছে', '', '2022-01-29 00:43:56', '2022-01-29 00:43:56'),
(1080, 1, 'swal_edusub_addtitle', 'Education sub lavels has been created successfully', '', '2022-01-29 00:55:54', '2022-01-29 00:55:54'),
(1081, 2, 'swal_edusub_addtitle', 'সফলভাবে নতুন শিক্ষার উপ স্তর যুক্ত করা হয়েছে', '', '2022-01-29 00:56:10', '2022-01-29 00:56:10'),
(1082, 1, 'swal_delete_asktitle', 'Are you sure to delete it?', '', '2022-01-29 01:01:44', '2022-01-29 01:01:44'),
(1083, 2, 'swal_delete_asktitle', 'আপনি কি এইটা সত্যি মুছে ফেলতে চান?', '', '2022-01-29 01:02:04', '2022-01-29 01:02:04'),
(1084, 1, 'swal_cancel_button', 'Cancel', '', '2022-01-29 01:05:03', '2022-01-29 01:05:03'),
(1085, 2, 'swal_cancel_button', 'বাতিল', '', '2022-01-29 01:05:08', '2022-01-29 01:05:08'),
(1086, 1, 'swal_delete_confirmtitle', 'Data has been deleted successfully', '', '2022-01-29 01:08:54', '2022-01-29 01:08:54'),
(1087, 2, 'swal_delete_confirmtitle', 'ডেটা সফলভাবে মুছে ফেলা হয়েছে', '', '2022-01-29 01:09:13', '2022-01-29 01:09:13'),
(1088, 1, 'swal_pass_changetitle', 'Password changed successfully!', '', '2022-01-29 01:15:36', '2022-01-29 01:15:36'),
(1089, 2, 'swal_pass_changetitle', 'আপনার পাসওয়ার্ড পরিবর্তিত হয়েছে', '', '2022-01-29 01:15:53', '2022-01-29 01:15:53'),
(1090, 1, 'review', 'Review', '', '2022-01-29 01:16:18', '2022-01-29 01:16:18'),
(1091, 2, 'review', 'রিভিউ', '', '2022-01-29 01:16:32', '2022-01-29 01:16:32'),
(1092, 2, 'related_course_label', 'এই কোর্সের পাশাপাশি আরও দেখতে পারেন', '', '2022-01-29 01:46:06', '2022-01-29 01:46:58'),
(1093, 1, 'related_course_label', 'You can see more along with this course', '', '2022-01-29 01:46:48', '2022-01-29 01:46:48'),
(1094, 1, 'open', 'Open', '', '2022-01-29 01:49:28', '2022-01-29 01:49:28'),
(1095, 2, 'open', 'উন্মুক্ত', '', '2022-01-29 01:49:31', '2022-01-29 01:49:31'),
(1096, 1, 'lesson', 'Lesson', '', '2022-01-29 02:45:34', '2022-01-29 02:45:34'),
(1097, 2, 'lesson', 'লেসন', '', '2022-01-29 02:45:42', '2022-03-27 01:06:35'),
(1098, 1, 'share_the_course', 'Share the course', '', '2022-01-29 02:48:31', '2022-01-29 02:48:31'),
(1099, 2, 'share_the_course', 'কোর্সটি শেয়ার করুন', '', '2022-01-29 02:48:41', '2022-01-29 02:48:41'),
(1100, 1, 'resubmit', 'Resubmit', '', '2022-01-29 02:49:03', '2022-01-29 02:49:30'),
(1101, 2, 'resubmit', 'আবার জমা দিন', '', '2022-01-29 02:49:41', '2022-01-29 02:49:41'),
(1102, 1, 'reparticipate', 'Re-participate', '', '2022-01-29 02:50:31', '2022-01-29 02:50:31'),
(1103, 2, 'reparticipate', 'পুনরায় অংশগ্রহণ করুন', '', '2022-01-29 02:50:43', '2022-01-29 02:50:43'),
(1104, 1, 'ok', 'OK', '', '2022-01-29 03:46:28', '2022-01-29 03:46:28'),
(1105, 2, 'ok', 'ঠিক আছে', '', '2022-01-29 03:46:45', '2022-01-29 03:46:45'),
(1106, 2, 'all_course_and_tutorial_of_muktopaath_label', 'মুক্তপাঠের সকল কোর্স ও টিউটোরিয়াল', '', '2022-01-29 07:51:07', '2022-01-29 07:51:07'),
(1107, 1, 'all_course_and_tutorial_of_muktopaath_label', 'All courses and tutorials of muktopaath', '', '2022-01-29 07:51:21', '2022-01-29 07:51:21'),
(1108, 1, 'lessons_of_course', 'Lessons of course', '', '2022-01-29 10:03:38', '2022-01-29 10:04:27'),
(1109, 2, 'lessons_of_course', 'কোর্সের পাঠতালিকা', '', '2022-01-29 10:04:03', '2022-01-29 10:04:03'),
(1110, 1, 'preview', 'Preview', '', '2022-01-29 11:04:46', '2022-01-29 11:04:46'),
(1111, 2, 'preview', 'প্রিভিউ', '', '2022-01-29 11:04:56', '2022-01-29 11:04:56'),
(1112, 1, 'assignment_marks ', 'Assignment Marks ', '', '2022-01-29 22:17:50', '2022-01-29 22:17:50'),
(1113, 2, 'assignment_marks ', 'অ্যাসাইনমেন্ট মার্কস', '', '2022-01-29 22:18:14', '2022-01-29 22:18:34'),
(1114, 1, 'assignment_pass_marks ', 'Assignment Pass Marks ', '', '2022-01-29 22:18:58', '2022-01-29 22:18:58'),
(1115, 2, 'assignment_pass_marks ', 'অ্যাসাইনমেন্ট পাস মার্কস', '', '2022-01-29 22:19:18', '2022-01-29 22:19:18'),
(1116, 1, 'type', 'Type', '', '2022-01-30 00:02:27', '2022-01-30 00:02:27'),
(1117, 2, 'type', 'টাইপ', '', '2022-01-30 00:03:32', '2022-03-21 02:34:04'),
(1119, 1, 'intermediate', 'Intermediate', '', '2022-01-30 00:39:31', '2022-01-30 00:39:31'),
(1120, 2, 'intermediate', 'মধ্যবর্তী', '', '2022-01-30 00:39:36', '2022-01-30 00:39:36'),
(1121, 1, 'expert', 'Expert', '', '2022-01-30 00:39:52', '2022-01-30 00:39:52'),
(1122, 2, 'expert', 'বিশেষজ্ঞ', '', '2022-01-30 00:40:03', '2022-01-30 00:40:03'),
(1123, 1, 'rating', 'Rating', '', '2022-01-30 02:07:32', '2022-01-30 02:07:32'),
(1124, 2, 'rating', 'রেটিং', '', '2022-01-30 02:07:45', '2022-01-30 02:07:45'),
(1125, 1, 'bookmark', 'Bookmark', '', '2022-01-30 03:00:06', '2022-01-30 03:00:06'),
(1126, 2, 'bookmark', 'বুকমার্ক করুন', '', '2022-01-30 03:00:28', '2022-01-30 03:00:28'),
(1127, 1, 'save_in_class', 'Save In Class', '', '2022-01-30 04:08:01', '2022-01-30 04:08:01'),
(1128, 2, 'save_in_class', 'ক্লাস সংরক্ষণ করুন', '', '2022-01-30 04:08:40', '2022-01-30 04:08:40'),
(1129, 1, 'are_you_sure_about_that', 'Are you sure about that?', '', '2022-01-30 04:15:40', '2022-01-30 04:15:40'),
(1130, 2, 'are_you_sure_about_that', 'আপনি কি এটা সম্পর্কে নিশ্চিত?', '', '2022-01-30 04:16:18', '2022-01-30 04:16:18'),
(1131, 1, 'hey', 'Hey', '', '2022-01-30 04:24:43', '2022-01-30 04:24:43'),
(1132, 2, 'hey', '|', '', '2022-01-30 04:25:21', '2022-02-09 04:12:24'),
(1133, 1, 'start_page', 'Start page', '', '2022-01-30 04:45:37', '2022-01-30 04:45:37'),
(1134, 2, 'start_page', 'সূচনা পাতা', '', '2022-01-30 04:45:47', '2022-01-30 04:45:47'),
(1135, 1, 'add_url', 'Add URL Link', '', '2022-01-30 05:01:04', '2022-01-30 05:01:04'),
(1136, 2, 'add_url', 'ইউআরএল লিঙ্ক যুক্ত করুন', '', '2022-01-30 05:01:18', '2022-01-30 05:01:18'),
(1137, 1, 'download', 'Download', '', '2022-01-30 05:04:52', '2022-01-30 05:05:17'),
(1138, 2, 'download', 'ডাউনলোড', '', '2022-01-30 05:05:37', '2022-01-30 05:05:37'),
(1139, 1, 'delete', 'Delete', '', '2022-01-30 05:05:50', '2022-01-30 05:05:50'),
(1140, 2, 'delete', 'অপসারণ করুন', '', '2022-01-30 05:06:11', '2022-01-30 05:06:11'),
(1141, 1, 'add_question_folder', 'Please add question/ folder', '', '2022-01-30 05:08:34', '2022-01-30 05:08:34'),
(1142, 2, 'add_question_folder', 'অনুগ্রহ করে প্রশ্ন/ফোল্ডার যোগ করুন', '', '2022-01-30 05:08:46', '2022-01-30 05:08:46'),
(1143, 1, 'pending_course', 'Pending course', 'pending_ourse', '2022-01-31 05:18:21', '2022-01-31 05:18:21'),
(1144, 2, 'pending_course', 'অপেক্ষমান কোর্স', 'pending_ourse', '2022-01-31 05:19:04', '2022-01-31 05:19:04'),
(1145, 1, 'incomplete_course', 'Incomplete course', 'Incomplete course', '2022-01-31 05:19:33', '2022-01-31 05:19:33'),
(1146, 2, 'incomplete_course', 'অসমাপ্ত কোর্স', 'Incomplete course', '2022-01-31 05:21:17', '2022-01-31 05:21:17'),
(1147, 1, 'participated_course', 'Participated course', 'Incomplete course', '2022-01-31 05:22:18', '2022-01-31 05:22:18'),
(1148, 2, 'participated_course', 'অংশগ্রহণকৃত কোর্স', 'Incomplete course', '2022-01-31 05:22:48', '2022-02-02 23:31:39'),
(1149, 1, 'wishlist', 'Wishlist', 'wishlist', '2022-01-31 05:23:26', '2022-01-31 05:23:26'),
(1150, 2, 'wishlist', 'পছন্দের কোর্স', 'পছন্দের কোর্স ', '2022-01-31 05:23:52', '2022-01-31 05:23:52'),
(1151, 1, 'your_courses', 'Your courses', '', '2022-02-01 00:34:06', '2022-02-01 00:34:06'),
(1152, 2, 'your_courses', 'আপনার কোর্সগুলো', '', '2022-02-01 00:34:20', '2022-02-01 00:34:20'),
(1153, 1, 'course_progress', 'Course progress', '', '2022-02-01 00:55:34', '2022-02-01 00:55:34'),
(1154, 2, 'course_progress', 'কোর্সের অগ্রগতি', '', '2022-02-01 00:55:45', '2022-02-01 00:55:45'),
(1155, 1, 'start', 'Start Now', '', '2022-02-01 06:42:10', '2022-02-01 06:42:10'),
(1156, 2, 'start', 'শুরু করুন', '', '2022-02-01 06:42:19', '2022-02-01 06:42:19'),
(1157, 1, 'loading', 'Loading', '', '2022-02-02 05:34:38', '2022-02-02 05:34:38'),
(1158, 2, 'loading', 'লোডিং', '', '2022-02-02 05:34:58', '2022-02-02 05:34:58'),
(1159, 1, 'module', 'Module', '', '2022-02-03 01:08:18', '2022-02-03 01:08:18'),
(1160, 2, 'module', 'মডিউল', '', '2022-02-03 01:08:30', '2022-02-03 01:08:30'),
(1161, 1, 'start_the_course', 'Go to the course', 'Go to the course', '2022-02-03 08:16:36', '2022-02-03 08:16:36'),
(1162, 2, 'start_the_course', 'কোর্সটি শুরু করুন', 'কোর্সটি শুরু করুন', '2022-02-03 08:17:11', '2022-02-03 08:17:11'),
(1163, 1, 'take_note', 'Take note', '', '2022-02-05 05:00:00', '2022-02-05 05:00:00'),
(1164, 2, 'take_note', 'নোট নিন', '', '2022-02-05 05:00:24', '2022-02-05 05:00:24'),
(1165, 1, 'answer', 'Answer', '', '2022-02-05 05:01:05', '2022-02-05 05:01:05'),
(1166, 2, 'answer', 'উত্তর', '', '2022-02-05 05:01:07', '2022-02-05 05:01:07'),
(1167, 1, 'details', 'Details', '', '2022-02-05 05:02:12', '2022-02-05 05:02:12'),
(1168, 2, 'details', 'বিবরণ', '', '2022-02-05 05:02:15', '2022-02-05 05:02:15'),
(1169, 1, 'comments', 'Comments', '', '2022-02-05 05:09:11', '2022-02-05 05:09:11'),
(1170, 2, 'comments', 'মতামত', '', '2022-02-05 05:09:33', '2022-02-05 05:09:33'),
(1171, 2, 'give', 'দিন', '', '2022-02-05 05:09:41', '2022-02-05 05:10:24'),
(1172, 1, 'give', 'Give', '', '2022-02-05 05:10:18', '2022-02-05 05:10:18'),
(1173, 2, 'share', 'শেয়ার করুন', '', '2022-02-05 05:11:44', '2022-02-05 05:11:44'),
(1174, 1, 'share', 'Share', '', '2022-02-05 05:11:50', '2022-02-05 05:11:50'),
(1175, 1, 'teacher', 'Teacher', '', '2022-02-06 02:23:58', '2022-02-06 02:23:58'),
(1176, 2, 'teacher', 'শিক্ষক', '', '2022-02-06 02:24:01', '2022-02-06 02:24:01'),
(1177, 1, 'contributor', 'Contributor', '', '2022-02-06 02:25:53', '2022-02-06 02:25:53'),
(1178, 2, 'contributor', 'কন্ট্রিবিউটর', '', '2022-02-06 02:26:05', '2022-02-06 02:26:05'),
(1179, 1, 'institute', 'Institute', '', '2022-02-06 02:26:57', '2022-02-06 02:26:57'),
(1180, 2, 'institute', 'প্রতিষ্ঠান', '', '2022-02-06 02:27:30', '2022-02-06 02:27:30'),
(1181, 2, 'upload_class_recording', 'ক্লাস রেকর্ডিং আপলোড করুন', '', '2022-02-06 22:49:36', '2022-02-06 22:49:36'),
(1182, 1, 'upload_class_recording', 'Upload Class Recording', '', '2022-02-06 22:49:53', '2022-02-06 22:49:53'),
(1183, 1, 'not_now', 'Not Now', '', '2022-02-06 22:50:26', '2022-02-06 22:50:26'),
(1184, 2, 'not_now', 'এখন না', '', '2022-02-06 22:50:43', '2022-02-06 22:50:43'),
(1185, 1, 'class_completed', 'Class Completed', '', '2022-02-06 22:51:39', '2022-02-06 22:51:39'),
(1186, 2, 'class_completed', 'ক্লাস সম্পন্ন হয়েছে', '', '2022-02-06 22:51:59', '2022-02-06 22:51:59'),
(1187, 1, 'select_file', 'Select File', '', '2022-02-06 22:52:21', '2022-02-06 22:52:21'),
(1188, 2, 'select_file', 'ফাইল সিলেক্ট করুন', '', '2022-02-06 22:53:16', '2022-02-06 22:53:16'),
(1189, 1, 'want_to_teach', 'Want to teach', '', '2022-02-06 22:56:45', '2022-02-06 22:56:45'),
(1190, 2, 'want_to_teach', 'শেখাতে চাই', '', '2022-02-06 22:58:01', '2022-02-06 22:58:01'),
(1191, 2, 'free_registration_message', 'সঠিক তথ্যাবলী দিয়ে ফ্রি রেজিস্ট্রেশন করুন', '', '2022-02-06 23:11:30', '2022-02-06 23:11:30'),
(1192, 1, 'free_registration_message', 'Register for free with the correct information', '', '2022-02-06 23:11:50', '2022-02-06 23:11:50'),
(1193, 2, 'teacher_reg_form_welcome_msg', 'শিক্ষক/কন্ট্রিবিউটর রেজিস্ট্রেশন', '', '2022-02-07 00:54:31', '2022-02-07 00:54:31'),
(1194, 1, 'teacher_reg_form_welcome_msg', 'Teacher/Contributor Registration', '', '2022-02-07 00:54:58', '2022-02-07 00:54:58'),
(1195, 1, 'institute_reg_form_welcome_msg', 'Institute Registration', '', '2022-02-07 01:53:35', '2022-02-07 01:53:35'),
(1196, 2, 'institute_reg_form_welcome_msg', 'প্রতিষ্ঠান রেজিস্ট্রেশন', '', '2022-02-07 01:54:11', '2022-02-07 01:54:11'),
(1197, 2, 'learner_reg_form_welcome_msg', 'শিক্ষার্থী রেজিস্ট্রেশন', '', '2022-02-07 01:54:49', '2022-02-07 01:54:49'),
(1198, 1, 'learner_reg_form_welcome_msg', 'Learner Registration', '', '2022-02-07 01:55:01', '2022-02-07 01:55:17'),
(1199, 1, 'institution_info', 'Institution Information', '', '2022-02-07 22:56:30', '2022-02-07 22:56:30'),
(1200, 2, 'institution_info', 'প্রতিষ্ঠানের তথ্য', '', '2022-02-07 22:56:55', '2022-02-07 22:56:55'),
(1201, 1, 'apply', 'Apply', '', '2022-02-08 03:28:53', '2022-02-08 03:28:53'),
(1202, 2, 'apply', 'আবেদন করুন', '', '2022-02-08 03:29:03', '2022-02-08 03:29:03'),
(1203, 1, 'course_enrolled_checking', 'Checking if already enrolled', '', '2022-02-09 02:35:41', '2022-02-09 02:36:32'),
(1204, 2, 'course_enrolled_checking', 'ইতিমধ্যে নথিভুক্ত কিনা তা পরীক্ষা করা হচ্ছে', '', '2022-02-09 02:36:25', '2022-02-09 02:36:25'),
(1205, 2, 'wait', 'অপেক্ষা করুন', '', '2022-02-09 02:37:00', '2022-02-09 02:37:00'),
(1206, 1, 'wait', 'Wait', '', '2022-02-09 02:37:05', '2022-02-09 02:37:05'),
(1207, 1, 'pending_partner', 'Application Pending', '', '2022-02-13 03:27:19', '2022-02-13 03:27:19'),
(1208, 2, 'pending_partner', 'আবেদন মুলতুবি', '', '2022-02-13 03:27:26', '2022-02-13 03:27:26'),
(1209, 2, 'pending_partner_messages', 'শিক্ষক/কন্ট্রিবিউটর/প্রতিষ্ঠানের জন্য আবেদন  মুলতুবি রয়েছে বিশদ তথ্যের জন্য দেখুন বাটন এ ক্লিক করুন |', '', '2022-02-13 03:30:31', '2022-02-13 04:26:44'),
(1210, 1, 'pending_partner_messages', 'Application for Teacher/Contributor/Institution pending for details info click show button', '', '2022-02-13 03:30:44', '2022-02-13 03:30:44'),
(1211, 1, 'profession_type', 'Profession type', 'profession_type', '2022-02-13 08:07:52', '2022-02-13 08:07:52'),
(1212, 2, 'profession_type', 'পেশার ধরন', 'profession_type', '2022-02-13 08:08:10', '2022-02-13 08:08:10'),
(1213, 1, 'class', 'Class', 'a', '2022-02-14 00:03:57', '2022-02-14 00:03:57'),
(1214, 2, 'class', 'ক্লাস', 'a', '2022-02-14 00:04:07', '2022-02-14 00:04:07'),
(1215, 1, 'the_end_time_more_then_start_time', 'The end time will be more than the start time.', '', '2022-02-17 02:53:51', '2022-02-17 02:53:51'),
(1216, 2, 'the_end_time_more_then_start_time', 'শেষ সময় শুরুর সময়ের চেয়ে বেশি হবে।', '', '2022-02-17 02:54:13', '2022-02-17 02:54:13'),
(1217, 1, 'course_title_input', 'What is your course title?', 'What is your course title?', '2022-02-17 05:09:38', '2022-02-17 05:09:38'),
(1218, 2, 'course_title_input', 'আপনার কোর্স শিরোনাম কি?', 'আপনার কোর্স শিরোনাম কি?', '2022-02-17 05:10:11', '2022-02-17 05:10:11'),
(1219, 1, 'you_can_update', 'Any information you provided here can be updated  anytime.', '', '2022-02-17 05:11:11', '2022-02-17 05:16:47'),
(1220, 2, 'you_can_update', 'আপনি এখানে প্রদান করা কোনো তথ্য যে কোনো সময় আপডেট করা যেতে পারে', '', '2022-02-17 05:11:20', '2022-03-15 03:40:20'),
(1221, 1, 'course_category_input', 'What is your course category?', '', '2022-02-17 05:18:31', '2022-02-17 05:18:31'),
(1222, 2, 'course_category_input', 'আপনার কোর্স ক্যাটাগরি কি?', '', '2022-02-17 05:19:11', '2022-02-17 05:19:11'),
(1223, 1, 'course_learn_input', 'What will students learn in your course?', '', '2022-02-17 05:22:19', '2022-02-17 05:22:19'),
(1224, 2, 'course_learn_input', 'আপনার কোর্সে শিক্ষার্থীরা কী শিখবে?', '', '2022-02-17 05:22:34', '2022-02-17 05:22:34'),
(1225, 1, 'course_learn_input_message', 'List at least 3 learning outcomes for learners of this course.', '', '2022-02-17 05:23:03', '2022-02-17 05:23:03'),
(1226, 2, 'course_learn_input_message', 'এই কোর্সের শিক্ষার্থীদের জন্য কমপক্ষে ৩টি শেখার ফলাফল তালিকাভুক্ত করুন।', '', '2022-02-17 05:23:12', '2022-03-05 23:57:04'),
(1227, 1, 'mark_as_completed', 'Mark as completed', '', '2022-02-17 08:47:23', '2022-02-17 08:47:23'),
(1228, 2, 'mark_as_completed', 'সমাপ্ত হিসাবে চিহ্নিত করুন', '', '2022-02-17 08:47:55', '2022-02-17 08:47:55'),
(1229, 2, 'sort_by_date', 'তারিখ ক্রমানুসারে', '', '2022-02-19 04:39:12', '2022-02-19 04:39:12'),
(1230, 1, 'sort_by_date', 'Sort by Date', '', '2022-02-19 04:39:26', '2022-02-19 04:39:26'),
(1231, 1, 'certificates_issued', 'Certificate Issue', 'Certificates issued', '2022-02-21 23:20:42', '2022-03-15 03:31:54'),
(1232, 2, 'certificates_issued', 'সার্টিফিকেট ইস্যু', 'Certificates issued', '2022-02-21 23:21:28', '2022-03-15 02:34:49'),
(1233, 2, 'batches', 'ব্যাচ', 'ব্যাচ', '2022-02-21 23:21:51', '2022-02-21 23:21:51'),
(1234, 1, 'batches', 'Batch', '', '2022-02-21 23:22:01', '2022-03-15 03:32:35'),
(1235, 1, 'pending_review', 'Pending review', '', '2022-02-21 23:22:18', '2022-02-21 23:22:18'),
(1236, 2, 'pending_review', 'মুলতুবি পর্যালোচনা', '', '2022-02-21 23:22:33', '2022-02-21 23:22:33'),
(1237, 1, 'published', 'Published', '', '2022-02-21 23:22:49', '2022-02-21 23:22:49'),
(1238, 2, 'published', 'পাবলিশ', '', '2022-02-21 23:23:01', '2022-03-21 02:29:18'),
(1239, 1, 'draft', 'Draft', '', '2022-02-21 23:24:15', '2022-02-21 23:24:15'),
(1240, 2, 'draft', 'ড্রাফ্‌ট', '', '2022-02-21 23:24:28', '2022-03-23 00:30:24'),
(1241, 1, 'basic-info', 'Basic Info', '', '2022-02-22 00:28:37', '2022-02-22 00:28:37'),
(1242, 2, 'basic-info', 'মৌলিক তথ্য', '', '2022-02-22 00:28:42', '2022-02-22 00:28:42'),
(1243, 1, 'course-info', 'Course info', '', '2022-02-22 00:31:35', '2022-02-22 00:31:55'),
(1244, 2, 'course-info', 'কোর্স ইনফো', '', '2022-02-22 00:31:42', '2022-03-23 01:25:40'),
(1245, 1, 'batch-info', 'Batch info', '', '2022-02-22 00:32:15', '2022-02-22 00:32:15'),
(1246, 2, 'batch-info', 'ব্যাচ তথ্য', '', '2022-02-22 00:32:26', '2022-02-22 00:32:26'),
(1247, 1, 'enrollment-settings', 'Enrollment settings', '', '2022-02-22 00:32:52', '2022-02-22 00:32:52'),
(1248, 2, 'enrollment-settings', 'এনরোলমেন্ট সেটিং', '', '2022-02-22 00:33:06', '2022-03-28 23:05:17'),
(1249, 2, 'muktopaath_blogs', 'মুক্তপাঠ ব্লগ', '', '2022-02-22 00:43:06', '2022-02-22 00:43:06'),
(1250, 1, 'muktopaath_blogs', 'Muktopaath Blog', '', '2022-02-22 00:43:20', '2022-02-22 00:43:20'),
(1251, 1, 'all_courses', 'All courses', '', '2022-02-22 01:05:26', '2022-02-22 01:05:26'),
(1252, 2, 'all_courses', 'অল কোর্সেস', '', '2022-02-22 01:05:38', '2022-03-23 00:34:00'),
(1253, 1, 'ongoing_courses', 'Ongoing courses', '', '2022-02-22 01:08:14', '2022-02-22 01:08:14'),
(1254, 2, 'ongoing_courses', 'অনগোয়িং কোর্সেস', '', '2022-02-22 01:08:26', '2022-03-23 00:18:04'),
(1255, 1, 'draft_courses', 'Draft courses', '', '2022-02-22 01:08:44', '2022-02-22 01:08:44'),
(1256, 2, 'draft_courses', 'ড্রাফ্‌ট কোর্সেস', '', '2022-02-22 01:08:59', '2022-03-23 00:23:09'),
(1257, 1, 'certificate_issued', 'Certificate issued', '', '2022-02-22 01:09:16', '2022-02-22 01:09:16'),
(1258, 2, 'certificate_issued', 'সার্টিফিকেট ইস্যু', '', '2022-02-22 01:09:34', '2022-03-15 03:00:53'),
(1259, 1, 'new_course', 'New course', '', '2022-02-22 01:21:29', '2022-02-22 01:21:29'),
(1260, 2, 'new_course', 'নতুন কোর্স', '', '2022-02-22 01:21:45', '2022-02-22 01:21:45'),
(1261, 1, 'courses', 'Courses', '', '2022-02-22 01:23:28', '2022-02-22 01:23:28'),
(1262, 2, 'courses', 'কোর্স', '', '2022-02-22 01:24:06', '2022-02-22 01:24:06'),
(1263, 1, 'peer_review', 'Peer review', '', '2022-02-22 04:40:25', '2022-02-22 04:40:25'),
(1264, 2, 'peer_review', 'সহকর্মী পর্যালোচনা', '', '2022-02-22 04:40:41', '2022-02-22 04:40:41'),
(1265, 1, 'yes', 'Yes', '', '2022-02-22 04:44:12', '2022-02-22 04:44:12'),
(1266, 2, 'yes', 'ইয়েস', '', '2022-02-22 04:44:32', '2022-03-21 04:17:25'),
(1267, 1, 'no', 'No', '', '2022-02-22 04:44:49', '2022-02-22 04:44:49'),
(1268, 2, 'no', 'নো', '', '2022-02-22 04:45:07', '2022-03-21 04:17:47'),
(1269, 1, 'limit', 'Limit', '', '2022-02-22 04:46:11', '2022-02-22 04:46:11'),
(1270, 2, 'limit', 'লিমিট', '', '2022-02-22 04:46:25', '2022-03-21 04:27:52'),
(1271, 1, 'choose', 'Choose', '', '2022-02-22 06:18:03', '2022-02-22 06:18:03'),
(1272, 2, 'choose', 'নির্বাচন করুন', '', '2022-02-22 06:18:30', '2022-02-22 06:18:30'),
(1273, 1, 'maximum_file_size', 'Maximum file size', '', '2022-02-22 06:24:59', '2022-02-22 06:24:59'),
(1274, 2, 'maximum_file_size', 'সর্বোচ্চ ফাইল সাইজ', '', '2022-02-22 06:25:32', '2022-02-22 06:25:32'),
(1275, 1, 'builder', 'Builder', '', '2022-02-22 22:29:51', '2022-02-22 22:29:51'),
(1276, 2, 'builder', 'বিল্ডার', '', '2022-02-22 22:30:22', '2022-02-22 22:30:22'),
(1277, 1, 'course-page', 'Course page', '', '2022-02-22 22:31:39', '2022-02-22 22:31:39'),
(1278, 2, 'course-page', 'কোর্স পেজ', '', '2022-02-22 22:31:45', '2022-03-21 02:24:17'),
(1279, 1, 'batch-settings', 'Batch settings', '', '2022-02-22 22:32:05', '2022-02-22 22:32:05'),
(1280, 2, 'batch-settings', 'ব্যাচ সেটিংস', '', '2022-02-22 22:32:23', '2022-02-22 22:32:23'),
(1281, 1, 'learners-outcome', 'Learners outcome', '', '2022-02-22 22:33:00', '2022-02-22 22:33:00'),
(1282, 2, 'learners-outcome', 'শিক্ষার্থীদের ফলাফল', '', '2022-02-22 22:33:33', '2022-02-22 22:33:33'),
(1283, 1, 'course-image-and-promotional-videos', 'Course image and promotional videos', '', '2022-02-22 22:43:30', '2022-02-23 22:35:32'),
(1284, 2, 'course-image-and-promotional-videos', 'কোর্সের ছবি এবং প্রচারমূলক ভিডিও', '', '2022-02-22 22:43:41', '2022-02-23 22:35:01'),
(1285, 1, 'new_lesson', 'New lesson', '', '2022-02-22 23:06:24', '2022-02-22 23:06:24'),
(1286, 2, 'new_lesson', 'নিউ লেসন', '', '2022-02-22 23:06:40', '2022-03-21 02:10:55'),
(1287, 1, 'import_lesson', 'Import lesson', '', '2022-02-22 23:06:54', '2022-02-22 23:06:54'),
(1288, 2, 'import_lesson', 'ইম্পোর্ট লেসন', '', '2022-02-22 23:07:26', '2022-03-27 01:03:14'),
(1289, 1, 'course_unit', 'Course unit', '', '2022-02-23 00:07:18', '2022-02-23 00:07:18'),
(1290, 2, 'course_unit', 'কোর্স ইউনিট', '', '2022-02-23 00:07:35', '2022-02-23 00:07:35'),
(1291, 1, 'delete_unit', 'Delete unit', '', '2022-02-23 02:10:22', '2022-02-23 02:10:22'),
(1292, 2, 'delete_unit', 'ডিলিট ইউনিট', '', '2022-02-23 02:10:41', '2022-03-21 02:12:03'),
(1293, 1, 'responses', 'Responses', '', '2022-02-23 22:22:00', '2022-02-23 22:22:00'),
(1294, 2, 'responses', 'রেসপন্স', '', '2022-02-23 22:22:26', '2022-03-21 02:23:19'),
(1295, 1, 'publish', 'Publish', '', '2022-02-23 22:22:47', '2022-02-23 22:22:47'),
(1296, 2, 'publish', 'পাবলিশ', '', '2022-02-23 22:22:59', '2022-03-21 02:22:22'),
(1297, 1, 'course-performance', 'Course performance', '', '2022-02-23 22:24:17', '2022-02-23 22:24:17'),
(1298, 2, 'course-performance', 'কোর্স পারফরমেন্স', '', '2022-02-23 22:24:54', '2022-02-23 22:24:54'),
(1299, 1, 'pending-manual-grading', 'Pending manual grading', '', '2022-02-23 22:25:32', '2022-02-23 22:25:32'),
(1300, 2, 'pending-manual-grading', 'পেন্ডিং ম্যানুয়াল গ্রেডিং', '', '2022-02-23 22:26:29', '2022-03-21 02:31:04'),
(1301, 1, 'question-analytics', 'Question analytics', '', '2022-02-23 22:26:49', '2022-02-23 22:26:49'),
(1302, 2, 'question-analytics', 'কোশ্চেন এনালিটিক্স', '', '2022-02-23 22:27:02', '2022-03-21 02:32:46'),
(1303, 1, 'publishing-status', 'Publishing Status', '', '2022-02-23 22:28:20', '2022-03-15 04:06:20'),
(1304, 2, 'publishing-status', 'পাবলিশিং স্টেটাস', '', '2022-02-23 22:28:40', '2022-02-23 22:28:40'),
(1305, 1, 'access-control', 'Access control', '', '2022-02-23 22:29:17', '2022-02-23 22:29:17'),
(1306, 2, 'access-control', 'এক্সেস কন্ট্রল', '', '2022-02-23 22:29:35', '2022-03-21 02:25:31'),
(1307, 1, 'exam-link-sharing', 'Exam link sharing', '', '2022-02-23 22:30:27', '2022-02-23 22:30:27'),
(1308, 2, 'exam-link-sharing', 'পরীক্ষার লিঙ্ক শেয়ারিং', '', '2022-02-23 22:30:39', '2022-02-23 22:30:39'),
(1309, 2, 'course-link-sharing', 'কোর্স লিঙ্ক শেয়ারিং', '', '2022-02-23 22:31:02', '2022-02-23 22:31:02'),
(1310, 1, 'course-link-sharing', 'Course link sharing', '', '2022-02-23 22:31:12', '2022-02-23 22:31:12'),
(1311, 1, 'embade-code', 'Embade code', '', '2022-02-23 22:31:59', '2022-02-23 22:31:59'),
(1312, 2, 'embade-code', 'এম্বেড-কোড', '', '2022-02-23 22:32:09', '2022-02-23 22:32:09'),
(1313, 1, 'unit', 'Unit', '', '2022-02-25 02:58:46', '2022-02-25 02:58:46'),
(1314, 2, 'unit', 'ইউনিট', '', '2022-02-25 02:58:58', '2022-02-25 02:58:58'),
(1315, 2, 'science', 'বিজ্ঞান', '', '2022-02-27 01:55:33', '2022-02-27 01:55:33'),
(1316, 1, 'science', 'Science', '', '2022-02-27 01:55:50', '2022-02-27 01:55:50'),
(1317, 1, 'have_disability', 'Any physical disabilities.?', '', '2022-02-27 03:53:18', '2022-02-27 03:53:18'),
(1318, 2, 'have_disability', 'শারীরিক অক্ষমতা ?', '', '2022-02-27 03:54:07', '2022-02-27 03:54:07'),
(1319, 1, 'have', 'Yes', '', '2022-02-27 03:54:48', '2022-02-27 03:54:48'),
(1320, 2, 'have', 'আছে', '', '2022-02-27 03:54:57', '2022-02-27 03:54:57'),
(1321, 1, 'have_not', 'No', '', '2022-02-27 03:55:17', '2022-02-27 03:55:17'),
(1322, 2, 'have_not', 'নেই', '', '2022-02-27 03:55:23', '2022-02-27 03:55:23'),
(1323, 1, 'disability_type', 'Physical disability ?', '', '2022-02-27 05:35:26', '2022-06-09 04:50:06'),
(1324, 2, 'disability_type', 'শারীরিক অক্ষমতা ?', '', '2022-02-27 05:35:52', '2022-06-09 04:49:43'),
(1325, 1, 'sort_by_class', 'Sort by Class', '', '2022-03-02 07:02:19', '2022-03-02 07:02:19');
INSERT INTO `lang_values` (`id`, `language_id`, `universal`, `value`, `message`, `created_at`, `updated_at`) VALUES
(1326, 2, 'sort_by_class', 'ক্লাস ক্রমানুসারে', '', '2022-03-02 07:03:04', '2022-03-02 07:03:04'),
(1327, 2, 'restricted', 'রেস্ট্রিকটেড', '', '2022-03-06 00:00:30', '2022-03-15 01:10:36'),
(1328, 1, 'restricted', 'Restricted', '', '2022-03-06 00:00:52', '2022-03-06 00:00:52'),
(1329, 1, 'auto_approval', 'Auto Approval', '', '2022-03-06 00:02:27', '2022-03-06 00:02:27'),
(1330, 2, 'auto_approval', 'স্বয়ংক্রিয় অনুমোদন', '', '2022-03-06 00:03:16', '2022-03-06 00:03:16'),
(1331, 1, 'atleast_3_coutcomes', 'List at least 3 outcomes for participants of this exam.', '', '2022-03-06 00:14:02', '2022-03-06 00:14:02'),
(1332, 2, 'atleast_3_coutcomes', 'এই পরীক্ষায় অংশগ্রহণকারীদের জন্য কমপক্ষে 3টি ফলাফল তালিকাভুক্ত করুন।', '', '2022-03-06 00:14:22', '2022-03-06 00:14:22'),
(1333, 1, 'which_participant_get_exam', 'Which participants will get in this exam?', '', '2022-03-06 00:20:36', '2022-03-06 00:20:36'),
(1334, 2, 'which_participant_get_exam', 'এই পরীক্ষা কোন অংশগ্রহণকারীরা পাবে?', '', '2022-03-06 00:21:18', '2022-03-06 00:21:18'),
(1335, 2, 'course_title', 'কোর্স টাইটেল', '', '2022-03-06 01:07:40', '2022-03-23 01:26:38'),
(1336, 2, 'course_sub_title', 'পাঠ্যক্রমের উপশিরোনাম', '', '2022-03-06 01:11:22', '2022-03-06 01:11:22'),
(1337, 2, 'advance_info', 'অগ্রিম তথ্য', '', '2022-03-06 01:14:54', '2022-03-06 01:14:54'),
(1338, 1, 'which_are_requirement', 'What are the requirements for prerequisites for taking your course?', '', '2022-03-06 01:14:58', '2022-03-06 01:14:58'),
(1339, 2, 'which_are_requirement', 'আপনার কোর্স নেওয়ার জন্য পূর্বশর্তগুলির জন্য প্রয়োজনীয়তাগুলি কী কী?', '', '2022-03-06 01:15:20', '2022-03-06 01:15:20'),
(1340, 2, 'assessment_for', 'মূল্যায়ন', '', '2022-03-06 01:18:20', '2022-03-15 05:34:47'),
(1341, 2, 'public', 'পাবলিক', '', '2022-03-06 01:22:50', '2022-03-15 05:24:54'),
(1342, 2, 'step_by_step', 'স্টেপ বাই স্টেপ', '', '2022-03-06 01:28:56', '2022-03-21 02:18:26'),
(1343, 1, 'on', 'On', '', '2022-03-06 01:31:28', '2022-03-15 01:28:31'),
(1344, 1, 'off', 'Off', '', '2022-03-06 01:41:29', '2022-03-15 01:26:26'),
(1345, 1, 'list_the_require_skill', 'List the required skills, experience, tools or equipment learners should have prior to taking your course. If there are no requirements, use this space as an opportunity to lower the barrier for biginners.', '', '2022-03-06 01:46:47', '2022-03-06 01:46:47'),
(1346, 2, 'assessment_duration', 'মূল্যায়নের সময়কাল', '', '2022-03-06 01:47:00', '2022-03-06 01:48:46'),
(1347, 2, 'list_the_require_skill', 'আপনার কোর্স করার আগে প্রয়োজনীয় দক্ষতা, অভিজ্ঞতা, সরঞ্জাম বা সরঞ্জামের শিক্ষার্থীদের তালিকাভুক্ত করুন। যদি কোন প্রয়োজনীয়তা না থাকে, তাহলে বড়দের জন্য বাধা কম করার সুযোগ হিসাবে এই স্থানটি ব্যবহার করুন।', '', '2022-03-06 01:47:53', '2022-03-06 01:47:53'),
(1348, 2, 'enrollment', 'এনরোলমেন্ট ', '', '2022-03-06 01:52:56', '2022-03-15 05:23:58'),
(1349, 2, 'approval_needed', 'অনুমোদন প্রয়োজন', '', '2022-03-06 02:04:14', '2022-03-08 23:52:41'),
(1350, 1, 'who_is_course_for', 'Who is this course for?', '', '2022-03-06 02:06:31', '2022-03-06 02:06:31'),
(1351, 2, 'who_is_course_for', 'এই কোর্সটি কার জন্য?', '', '2022-03-06 02:06:53', '2022-03-06 02:06:53'),
(1352, 1, 'write_clear_description', 'Write a clear description of the intended learners for your course who will find your course content valuable. This will help you attract the right learners to your course.', '', '2022-03-06 02:09:36', '2022-03-06 02:09:36'),
(1353, 2, 'write_clear_description', 'আপনার কোর্সের জন্য উদ্দিষ্ট শিক্ষার্থীদের একটি স্পষ্ট বিবরণ লিখুন যারা আপনার কোর্সের বিষয়বস্তু মূল্যবান বলে মনে করবেন। এটি আপনাকে আপনার কোর্সে সঠিক শিক্ষার্থীদের আকৃষ্ট করতে সাহায্য করবে।', '', '2022-03-06 02:09:57', '2022-03-06 02:09:57'),
(1354, 1, 'exam_thumbnail_image', 'Exam Thumbnail Image', '', '2022-03-06 03:48:46', '2022-03-06 03:48:46'),
(1355, 2, 'exam_thumbnail_image', 'পরীক্ষার থাম্বনেইল চিত্র', '', '2022-03-06 03:49:18', '2022-03-06 03:49:18'),
(1357, 1, 'clone', 'Clone', '', '2022-03-06 03:52:34', '2022-03-06 03:52:34'),
(1358, 2, 'clone', 'ক্লোন', '', '2022-03-06 03:53:00', '2022-03-06 03:53:00'),
(1359, 1, 'update_your_course_image', 'Upload your course image here. ', '', '2022-03-06 03:53:36', '2022-03-06 03:53:36'),
(1360, 2, 'update_your_course_image', 'এখানে আপনার কোর্স ইমেজ আপলোড করুন.', '', '2022-03-06 03:54:17', '2022-03-06 03:54:17'),
(1361, 1, 'important_guidelines', 'Important guidelines: 750*422 pixels: .jpg, .jpeg, .gif, or .png. no text on the image.', '', '2022-03-06 03:58:52', '2022-03-06 03:58:52'),
(1362, 2, 'important_guidelines', 'গুরুত্বপূর্ণ নির্দেশিকা: 750*422 পিক্সেল: .jpg, .jpeg, .gif, বা .png। ছবিতে কোন লেখা নেই।', '', '2022-03-06 03:59:24', '2022-03-06 03:59:24'),
(1363, 1, 'clone_confirm', 'Are you sure to make a clone of this course.?', '', '2022-03-06 05:11:52', '2022-03-06 05:11:52'),
(1364, 2, 'clone_confirm', 'আপনি কি এই কোর্স এর একটি ক্লোন তৈরী করতে চান।?', '', '2022-03-06 05:12:37', '2022-03-06 05:12:37'),
(1365, 1, 'exam_promotional_video', 'Exam Promotional Video', '', '2022-03-06 05:14:07', '2022-03-06 05:14:07'),
(1366, 2, 'exam_promotional_video', 'পরীক্ষার প্রচারমূলক ভিডিও', '', '2022-03-06 05:15:07', '2022-03-06 05:15:07'),
(1367, 1, 'cloned', 'Successfully cloned.!', '', '2022-03-06 05:18:07', '2022-03-06 05:18:07'),
(1368, 2, 'cloned', 'অনুরূপ ক্লোন তৈরী করা হয়েছে।!', '', '2022-03-06 05:18:39', '2022-03-06 05:18:39'),
(1369, 1, 'student_who_watch', 'Students who watch a will-made promo video are 5X more likely  to enroll in your exam. We\'ve seen that statistic go up to 10X for exceptionally good videos.', '', '2022-03-06 05:19:13', '2022-03-06 05:19:13'),
(1370, 2, 'student_who_watch', 'যে সমস্ত ছাত্র-ছাত্রীরা ইচ্ছাকৃত প্রোমো ভিডিও দেখে তাদের আপনার পরীক্ষায় নথিভুক্ত হওয়ার সম্ভাবনা 5X বেশি। আমরা দেখেছি যে অসাধারণ ভালো ভিডিওর জন্য পরিসংখ্যান 10X পর্যন্ত যায়।', '', '2022-03-06 05:19:33', '2022-03-06 05:19:33'),
(1371, 1, 'learn_how_to_make', 'Learn how to make yours good!', '', '2022-03-06 05:25:41', '2022-03-06 05:25:41'),
(1372, 2, 'learn_how_to_make', 'কিভাবে আপনার ভাল করতে শিখুন!', '', '2022-03-06 05:26:12', '2022-03-06 05:26:12'),
(1373, 1, 'configure_zoom_api', 'Configure zoom api', '', '2022-03-07 21:36:46', '2022-03-07 21:36:46'),
(1374, 2, 'configure_zoom_api', 'জুম এপিআই কনফিগার করুন', '', '2022-03-07 21:36:54', '2022-03-07 21:36:54'),
(1375, 2, 'zoom_api', 'জুম এপিআই', '', '2022-03-07 21:37:03', '2022-03-07 21:37:03'),
(1376, 1, 'zoom_api', 'Zoom api', '', '2022-03-07 21:37:14', '2022-03-07 21:37:14'),
(1377, 1, 'filter', 'Filter', '', '2022-03-07 22:54:50', '2022-03-07 22:54:50'),
(1378, 2, 'filter', 'ফিল্টার', '', '2022-03-07 22:55:01', '2022-03-07 22:55:01'),
(1379, 1, 'accounts', 'Accounts', '', '2022-03-07 23:20:22', '2022-03-07 23:20:22'),
(1380, 2, 'accounts', 'অ্যাকাউন্ট', '', '2022-03-07 23:20:40', '2022-03-23 01:52:05'),
(1381, 1, 'fixed', 'Fixed', '', '2022-03-08 02:05:08', '2022-03-08 02:05:08'),
(1382, 2, 'fixed', 'ফিক্সড', '', '2022-03-08 02:05:25', '2022-03-21 05:43:58'),
(1384, 2, 'percentage', 'পারসেন্টেজ', '', '2022-03-08 02:08:14', '2022-03-21 05:44:47'),
(1385, 2, 'pass_mark_type', 'পাশ মার্কের ধরণ', '', '2022-03-08 02:11:25', '2022-03-08 02:11:25'),
(1386, 1, 'pass_mark_type', 'Pass Mark Type', '', '2022-03-08 02:11:43', '2022-03-08 02:11:43'),
(1387, 1, 'approval_needed', 'Approval Needed', '', '2022-03-08 23:53:32', '2022-03-08 23:53:32'),
(1388, 1, 'batch_name', 'Batch Name', '', '2022-03-08 23:54:40', '2022-03-08 23:54:40'),
(1389, 2, 'batch_name', 'ব্যাচের নাম', '', '2022-03-08 23:55:25', '2022-03-08 23:55:25'),
(1390, 1, 'course_display_name_in_bangla', 'Course display name in Bangla', '', '2022-03-08 23:56:54', '2022-03-08 23:56:54'),
(1391, 2, 'course_display_name_in_bangla', 'কোর্স ডিসপ্লে নেম ইন বাংলা', '', '2022-03-08 23:59:23', '2022-03-21 03:35:36'),
(1392, 1, 'course_display_name_in_english', 'Course display name in English', '', '2022-03-09 00:00:00', '2022-03-09 00:00:00'),
(1393, 2, 'course_display_name_in_english', 'কোর্স ডিসপ্লে নেম ইন ইংলিশ', '', '2022-03-09 00:00:22', '2022-03-21 03:37:14'),
(1394, 1, 'certificate_display_name', 'Certificate display name', '', '2022-03-09 00:01:10', '2022-03-09 00:01:10'),
(1395, 2, 'certificate_display_name', 'সার্টিফিকেট ডিসপ্লে নেম', '', '2022-03-09 00:01:50', '2022-03-21 03:37:45'),
(1396, 1, 'admission', 'Admission', '', '2022-03-09 00:02:24', '2022-03-09 00:02:24'),
(1397, 2, 'admission', 'অ্যাডমিশন', '', '2022-03-09 00:02:37', '2022-03-21 04:24:50'),
(1398, 1, 'limitted', 'Limited', '', '2022-03-09 00:03:24', '2022-03-09 00:03:24'),
(1399, 2, 'limitted', 'সীমিত', '', '2022-03-09 00:03:44', '2022-03-09 00:03:44'),
(1400, 1, 'select_template', 'Select template', '', '2022-03-09 00:05:12', '2022-03-09 00:05:12'),
(1401, 2, 'select_template', 'সিলেক্ট টেম্পলেট ', '', '2022-03-09 00:05:42', '2022-03-21 03:51:43'),
(1402, 1, 'auto', 'Auto', '', '2022-03-09 00:06:38', '2022-03-09 00:06:38'),
(1403, 2, 'auto', 'অটো', '', '2022-03-09 00:06:58', '2022-03-21 03:49:09'),
(1404, 1, 'manual', 'Manual', '', '2022-03-09 00:07:41', '2022-03-09 00:07:41'),
(1405, 2, 'manual', 'ম্যানুয়াল', '', '2022-03-09 00:08:11', '2022-03-09 00:08:11'),
(1406, 1, 'field', 'Field', '', '2022-03-09 00:10:53', '2022-03-09 00:10:53'),
(1407, 2, 'field', 'ফিল্ড', '', '2022-03-09 00:11:04', '2022-03-09 00:11:04'),
(1408, 1, 'pass_mark(%_of_each_marks)', 'Pass Mark(% of each marks)', '', '2022-03-09 00:15:39', '2022-03-09 00:15:39'),
(1409, 2, 'pass_mark(%_of_each_marks)', 'পাস মার্ক(শতাংশ অনুপাতে)', '', '2022-03-09 00:17:14', '2022-03-09 00:17:14'),
(1410, 1, 'pass_mark_%', 'Pass Mark %', '', '2022-03-09 00:53:22', '2022-03-09 00:53:22'),
(1411, 2, 'pass_mark_%', 'পাস মার্ক %', '', '2022-03-09 00:53:39', '2022-03-09 00:53:39'),
(1412, 1, 'select_payment_method', 'Select payment method', '', '2022-03-09 00:54:40', '2022-03-09 00:54:40'),
(1413, 2, 'select_payment_method', 'সিলেক্ট পেমেন্ট মেথড', '', '2022-03-09 00:55:34', '2022-03-21 04:00:17'),
(1414, 1, 'paid', 'Paid', '', '2022-03-09 00:56:25', '2022-03-09 00:56:25'),
(1415, 2, 'paid', 'পেইড', '', '2022-03-09 00:57:32', '2022-03-09 00:57:32'),
(1416, 1, 'payment_point_configuration', 'Payment point configuration', '', '2022-03-09 00:59:04', '2022-03-09 00:59:04'),
(1417, 2, 'payment_point_configuration', 'পেমেন্ট পয়েন্ট কনফিগারেশন', '', '2022-03-09 00:59:21', '2022-03-09 00:59:21'),
(1418, 1, 'select_payment', 'Select payment period', '', '2022-03-09 01:00:05', '2022-04-21 03:24:33'),
(1419, 2, 'select_payment', 'সিলেক্ট পেমেন্ট পিড়িয়ড', '', '2022-03-09 01:00:23', '2022-04-21 03:25:52'),
(1420, 1, 'setup_amount', 'Setup amount ', '', '2022-03-09 01:02:31', '2022-03-09 01:02:31'),
(1421, 2, 'setup_amount', 'সেটাপ আমাউণ্ট', '', '2022-03-09 01:03:09', '2022-03-21 04:11:08'),
(1422, 1, 'bdt', 'BDT', '', '2022-03-09 01:03:52', '2022-03-09 01:03:52'),
(1423, 2, 'bdt', 'বিডিটি', '', '2022-03-09 01:04:02', '2022-03-21 04:16:54'),
(1424, 1, 'discount', 'Discount', '', '2022-03-09 01:04:36', '2022-03-09 01:04:36'),
(1425, 2, 'discount', 'ডিসকাউন্ট', '', '2022-03-09 01:05:07', '2022-03-09 01:05:07'),
(1426, 1, 'update_configure_zoom_api', 'Update Configure Zoom Api', '', '2022-03-10 00:40:10', '2022-03-10 00:40:10'),
(1427, 2, 'update_configure_zoom_api', 'জুম এপিআই কনফিগার করা হয়েছে', '', '2022-03-10 00:40:26', '2022-06-23 12:25:42'),
(1428, 1, 'available_amount', 'Available Amount:', '', '2022-03-10 04:11:25', '2022-03-10 04:11:25'),
(1429, 2, 'available_amount', 'এভেইলেবল এমাউন্ট:', '', '2022-03-10 04:12:33', '2022-03-10 04:12:33'),
(1430, 1, 'already_requested', 'Already Requested:', '', '2022-03-10 04:13:00', '2022-03-10 04:13:00'),
(1431, 2, 'already_requested', 'ইতিমধ্যে অনুরোধ করা হয়েছে:', '', '2022-03-10 04:13:22', '2022-03-10 04:13:22'),
(1432, 1, 'enter_amount', 'Enter Amount', '', '2022-03-10 05:02:37', '2022-03-10 05:02:37'),
(1433, 2, 'enter_amount', 'পরিমান লিখুন', '', '2022-03-10 05:03:08', '2022-03-10 05:03:08'),
(1434, 1, 'request_for_payment', 'Request For Payment', '', '2022-03-10 05:04:09', '2022-03-10 05:04:09'),
(1435, 2, 'request_for_payment', 'পরিশোধের জন্য অনুরোধ', '', '2022-03-10 05:04:41', '2022-03-10 05:04:41'),
(1436, 1, 'publishing_status', 'Publishing Status', '', '2022-03-15 00:34:57', '2022-03-15 00:34:57'),
(1437, 2, 'publishing_status', 'পাবলিশিং স্টাটাস', '', '2022-03-15 00:35:44', '2022-03-15 00:35:44'),
(1438, 1, 'in_draft', 'in draft', '', '2022-03-15 00:37:35', '2022-03-15 00:37:35'),
(1439, 2, 'in_draft', 'ড্রাফট', '', '2022-03-15 00:38:07', '2022-03-21 02:27:10'),
(1440, 1, 'new_unit', 'New Unit', '', '2022-03-15 01:15:15', '2022-03-15 01:15:15'),
(1441, 2, 'new_unit', 'নতুন ইউনিট', '', '2022-03-15 01:15:38', '2022-03-15 01:15:38'),
(1442, 1, 'change_lesson', 'Change Lesson', '', '2022-03-15 01:23:26', '2022-03-15 01:23:26'),
(1443, 2, 'change_lesson', 'লেসন পরিবর্তন ', '', '2022-03-15 01:24:04', '2022-03-15 01:24:04'),
(1445, 2, 'off', 'বন্ধ', '', '2022-03-15 01:36:13', '2022-03-15 01:36:13'),
(1446, 2, 'on', 'চালু', '', '2022-03-15 01:37:19', '2022-03-15 01:37:19'),
(1447, 2, 'courses_for_status', 'কোর্স স্ট্যাটাস', '', '2022-03-15 01:52:14', '2022-03-21 05:37:42'),
(1448, 1, 'courses_for_status', 'Courses Status', '', '2022-03-15 01:53:58', '2022-03-15 01:53:58'),
(1449, 2, 'private', 'প্রাইভেট', '', '2022-03-15 01:55:59', '2022-03-21 02:27:47'),
(1450, 2, 'Batch-1', 'ব্যাচ-১', '', '2022-03-15 03:17:56', '2022-03-15 03:17:56'),
(1451, 2, 'back', 'পেছনে', '', '2022-03-15 03:42:32', '2022-03-15 03:42:32'),
(1452, 2, 'add_more', 'আরও যুক্ত করুন', '', '2022-03-15 03:50:35', '2022-03-15 03:50:35'),
(1453, 1, 'বন্ধ', 'Off', '', '2022-03-15 03:57:35', '2022-03-15 03:57:35'),
(1454, 2, 'বন্ধ', 'অফ', '', '2022-03-15 03:58:12', '2022-03-15 03:58:12'),
(1455, 1, 'in draft', 'In Draft', '', '2022-03-15 05:06:34', '2022-03-15 05:06:34'),
(1456, 1, 'Email address', 'Email Address', '', '2022-03-15 05:11:58', '2022-03-15 05:11:58'),
(1457, 1, 'পাতা 1 এর 1', 'Page 1 of 1', '', '2022-03-15 05:13:30', '2022-03-15 05:13:30'),
(1458, 1, 'View attendance', 'View Attendance', '', '2022-03-15 05:15:56', '2022-03-15 05:15:56'),
(1459, 1, 'transaction_report', 'Transaction Report', '', '2022-03-15 05:18:21', '2022-03-15 05:18:21'),
(1460, 1, 'enroller_student', 'Enroller Student', '', '2022-03-15 05:19:39', '2022-03-15 05:19:39'),
(1461, 2, 'enroll_time', 'এনরোল টাইম ', '', '2022-03-15 05:20:13', '2022-03-15 05:23:13'),
(1462, 2, 'course_completeness', 'কোর্স কমপ্লিটনেস', '', '2022-03-15 05:20:50', '2022-03-21 05:48:00'),
(1463, 1, 'Course performance', 'Course Performance', '', '2022-03-15 05:26:25', '2022-03-15 05:26:25'),
(1464, 1, 'Pending manual grading', 'Pending Manual Grading', '', '2022-03-15 05:26:54', '2022-03-15 05:26:54'),
(1465, 1, 'Question analytics', 'Question Analytics', '', '2022-03-15 05:28:20', '2022-03-15 05:28:20'),
(1466, 2, 'transaction_report', 'লেনদেনের রিপোর্ট', '', '2022-03-15 05:30:15', '2022-03-15 05:30:15'),
(1467, 1, 'assessment_for', 'Assessment For', '', '2022-03-15 05:36:18', '2022-03-15 05:36:18'),
(1468, 1, 'step_by_step', 'Step By Step', '', '2022-03-15 05:36:49', '2022-03-15 05:36:49'),
(1469, 1, 'enrollment', 'Enrollment', '', '2022-03-15 05:38:14', '2022-03-15 05:38:14'),
(1470, 1, 'public', 'Public', '', '2022-03-15 05:38:36', '2022-03-15 05:38:36'),
(1471, 1, 'Enrollment settings', 'Enrollment Settings', '', '2022-03-15 05:57:58', '2022-03-15 05:57:58'),
(1472, 1, 'enrollment-publish', 'Enrollment Publish', '', '2022-03-15 05:59:43', '2022-03-15 05:59:43'),
(1474, 1, 'enroll_time', 'Enroll Time', '', '2022-03-15 06:00:32', '2022-03-15 06:00:32'),
(1475, 1, 'course_completeness', 'Course Completeness', '', '2022-03-15 06:00:56', '2022-03-15 06:00:56'),
(1476, 2, 'enrollment-publish', 'এনরোলমেন্ট পাবলিশ ', '', '2022-03-15 06:03:01', '2022-03-15 06:03:01'),
(1478, 2, 'enroller_student', 'এনরোলার স্টুডেন্ট', '', '2022-03-15 06:04:35', '2022-03-28 23:21:04'),
(1479, 1, 'Access control', 'Access Control', '', '2022-03-15 06:05:56', '2022-03-15 06:05:56'),
(1480, 1, 'private', 'Private', '', '2022-03-15 06:07:53', '2022-03-15 06:07:53'),
(1481, 1, 'start_date', 'Start date', '', '2022-03-15 23:16:55', '2022-03-15 23:16:55'),
(1482, 2, 'start_date', 'স্টার্ট ডেট', '', '2022-03-15 23:17:11', '2022-03-21 04:25:32'),
(1483, 1, 'learner_payment', 'Learner Payment', '', '2022-03-15 23:17:37', '2022-03-15 23:17:37'),
(1484, 1, 'end_date', 'end date', '', '2022-03-15 23:17:39', '2022-03-27 04:52:26'),
(1485, 2, 'end_date', 'এন্ড ডেট', '', '2022-03-15 23:17:52', '2022-03-27 04:52:10'),
(1486, 2, 'learner_payment', 'লার্নার পেমেন্ট', '', '2022-03-15 23:17:58', '2022-03-23 01:52:41'),
(1487, 1, 'payment_request', 'Payment Request', '', '2022-03-15 23:18:24', '2022-03-15 23:18:24'),
(1488, 2, 'payment_request', 'পেমেন্ট রিকোয়েস্ট', '', '2022-03-15 23:18:38', '2022-03-23 01:53:24'),
(1489, 1, 'payment_list', 'Payment List', '', '2022-03-16 00:05:28', '2022-03-16 00:05:28'),
(1490, 2, 'payment_list', 'পেমেন্ট লিস্ট', '', '2022-03-16 00:05:51', '2022-03-16 00:05:51'),
(1491, 1, 'partner_name', 'Partner Name', '', '2022-03-16 00:06:16', '2022-03-16 00:06:16'),
(1492, 2, 'partner_name', 'অংশীদারের নাম', '', '2022-03-16 00:06:49', '2022-03-16 00:06:49'),
(1493, 1, 'course_name', 'Course Name', '', '2022-03-16 00:07:20', '2022-03-16 00:07:20'),
(1494, 2, 'course_name', 'কোর্সের নাম', '', '2022-03-16 00:07:47', '2022-03-16 00:07:47'),
(1495, 1, 'total_amount', 'Total Amount', '', '2022-03-16 00:08:14', '2022-03-16 00:08:14'),
(1496, 2, 'total_amount', 'সর্বমোট পরিমাণ', '', '2022-03-16 00:08:35', '2022-03-16 00:08:35'),
(1497, 1, 'requested_amount', 'Requested Amount', '', '2022-03-16 00:09:00', '2022-03-16 00:09:00'),
(1498, 2, 'requested_amount', 'অনুরোধকৃত পরিমাণ', '', '2022-03-16 00:09:20', '2022-03-16 00:09:20'),
(1499, 1, 'rest_of_balance', 'Rest Of Balance', '', '2022-03-16 00:10:04', '2022-03-16 00:10:04'),
(1500, 2, 'rest_of_balance', 'বাকি ভারসাম্য', '', '2022-03-16 00:10:27', '2022-03-16 00:10:27'),
(1501, 1, 'date_and_time', 'Date And Time', '', '2022-03-16 00:40:15', '2022-03-16 00:40:15'),
(1502, 2, 'date_and_time', 'তারিখ এবং সময়', '', '2022-03-16 00:40:26', '2022-03-16 00:40:26'),
(1503, 1, 'course_thumbnail_image', 'Course thumbnail image', '', '2022-03-16 02:10:20', '2022-03-16 02:10:20'),
(1504, 2, 'course_thumbnail_image', 'কোর্স থাম্বনেইল ইমেজ', '', '2022-03-16 02:11:06', '2022-03-16 02:11:06'),
(1507, 1, 'course_promotional_video', 'Course promotional video', '', '2022-03-16 02:13:57', '2022-03-16 02:13:57'),
(1508, 2, 'course_promotional_video', 'কোর্স প্রমোশনাল ভিডিও', '', '2022-03-16 02:17:55', '2022-03-16 02:17:55'),
(1509, 1, 'enroll_list', 'Enroll List', '', '2022-03-16 02:23:37', '2022-03-16 02:23:37'),
(1510, 2, 'enroll_list', 'এনরোল লিস্ট', '', '2022-03-16 02:23:57', '2022-03-16 02:23:57'),
(1511, 1, 'choose_user', 'Choose User', '', '2022-03-16 02:25:11', '2022-03-16 02:25:11'),
(1512, 2, 'choose_user', 'ইউসার নির্বাচন করুন', '', '2022-03-16 02:25:53', '2022-03-16 02:25:53'),
(1513, 1, 'content_type', 'Content Type', '', '2022-03-16 02:27:40', '2022-03-16 02:27:40'),
(1514, 2, 'content_type', 'কন্টেন্টের ধরন', '', '2022-03-16 02:28:14', '2022-03-16 02:28:14'),
(1516, 2, ' Admission', 'এডমিশন ', '', '2022-03-21 00:42:36', '2022-03-21 00:42:36'),
(1517, 1, 'lesson_type', 'Lesson Type', '', '2022-03-21 02:05:39', '2022-03-21 02:05:39'),
(1518, 2, 'lesson_type', 'লেসন টাইপ', '', '2022-03-21 02:06:02', '2022-03-21 05:33:01'),
(1519, 1, 'content_title', 'Content Title', '', '2022-03-21 02:07:46', '2022-03-21 02:07:46'),
(1520, 2, 'content_title', 'কন্টেন্ট টাইটেল', '', '2022-03-21 02:08:17', '2022-03-21 02:08:17'),
(1521, 1, 'lesson_performance', 'Lesson Performance', '', '2022-03-21 02:35:45', '2022-03-21 02:35:45'),
(1522, 2, 'lesson_performance', 'লেসন পারফর্মেন্স', '', '2022-03-21 02:36:39', '2022-03-21 02:36:39'),
(1523, 1, 'in_progress', 'In progress', '', '2022-03-21 02:38:08', '2022-05-10 10:11:44'),
(1524, 2, 'in_progress', 'ইন প্রগ্রেস', '', '2022-03-21 02:39:48', '2022-05-10 10:12:17'),
(1525, 1, 'expire_date', 'Expire Date', '', '2022-03-21 05:39:24', '2022-03-21 05:39:24'),
(1526, 2, 'expire_date', 'এক্সপাইয়ার ডেট', '', '2022-03-21 05:39:49', '2022-03-21 05:39:49'),
(1527, 1, 'discount_type', 'Discount Type', '', '2022-03-21 05:40:38', '2022-03-21 05:40:38'),
(1528, 2, 'discount_type', 'ডিসকাউন্ড টাইপ', '', '2022-03-21 05:41:06', '2022-03-21 05:41:06'),
(1529, 1, 'amount', 'Amount', '', '2022-03-21 05:42:37', '2022-03-21 05:42:37'),
(1530, 2, 'amount', 'এমাউন্ট', '', '2022-03-21 05:42:56', '2022-03-21 05:42:56'),
(1531, 2, 'certificate_intro', 'সার্টিফিকেট ইন্ট্র', '', '2022-03-23 01:56:45', '2022-04-26 04:46:58'),
(1532, 2, 'text_before_student_name', 'টেক্সট বিফর স্টুডেন্ট নেম', '', '2022-03-23 01:57:58', '2022-03-23 01:57:58'),
(1533, 2, 'text_for_held_on ', 'টেক্সট ফর হেল্ড অন', '', '2022-03-23 01:58:28', '2022-03-23 01:58:28'),
(1534, 2, 'text_for_obtain_grade', 'টেক্সট ফর অবটেইন গ্রেড', '', '2022-03-23 01:59:09', '2022-03-23 01:59:09'),
(1535, 2, 'barcode_position', 'বারকোড পোসিশন', '', '2022-03-23 01:59:58', '2022-03-23 01:59:58'),
(1536, 2, 'text_before_course_name', 'টেক্সট বিফর কোর্স নেম', '', '2022-03-23 02:00:54', '2022-03-23 02:00:54'),
(1537, 1, 'participated_courses', 'Participated Courses', '', '2022-03-23 23:01:06', '2022-03-23 23:01:06'),
(1538, 2, 'participated_courses', 'অংশগ্রহণকৃত কোর্স', '', '2022-03-23 23:01:30', '2022-03-30 04:13:19'),
(1539, 1, 'learning-outcomes', 'The purpose of the course', '', '2022-03-27 00:13:19', '2022-03-27 00:13:19'),
(1540, 2, 'learning-outcomes', 'কোর্সের উদ্দেশ্য ', '', '2022-03-27 00:13:34', '2022-03-27 00:13:34'),
(1541, 1, 'course_for', 'This course will be better for those who have prior knowledge about:', '', '2022-03-27 00:16:36', '2022-04-04 23:44:10'),
(1542, 2, 'course_for', 'কোর্সটি যাদের জন্য প্রযোজ্য ', '', '2022-03-27 00:16:51', '2022-03-27 00:16:51'),
(1543, 1, 'new', 'New', '', '2022-03-27 01:01:48', '2022-03-27 01:01:48'),
(1544, 2, 'new', 'নিউ', '', '2022-03-27 01:01:59', '2022-03-27 01:01:59'),
(1545, 1, 'payments_statements', 'Payment statements', '', '2022-03-27 02:45:31', '2022-03-27 02:45:31'),
(1546, 2, 'payments_statements', 'পেমেন্ট বিবৃতি', '', '2022-03-27 02:45:51', '2022-03-27 02:45:51'),
(1547, 1, 'overall_transactions', 'Overall transactions', '', '2022-03-27 02:55:59', '2022-03-27 02:55:59'),
(1548, 2, 'overall_transactions', 'একনজরে লেনদেন', '', '2022-03-27 02:58:58', '2022-03-27 02:58:58'),
(1549, 1, 'choose_folder', 'Choose folder', '', '2022-03-28 03:41:51', '2022-03-28 03:41:51'),
(1550, 2, 'choose_folder', 'ফোল্ডার বাছাই করুন', '', '2022-03-28 03:42:35', '2022-03-28 03:42:35'),
(1551, 1, 'end_enroll', 'Sorry!Enrollment date is expired', '', '2022-03-28 22:49:03', '2022-03-28 22:56:39'),
(1552, 2, 'end_enroll', 'দুঃখিত এনরোলমেন্টের সময় শেষ', '', '2022-03-28 22:50:29', '2022-03-28 22:55:34'),
(1553, 1, 'wait_for_enroll', 'Enrollment is not open yet', '', '2022-03-28 22:58:49', '2022-03-28 22:58:49'),
(1554, 2, 'wait_for_enroll', 'এনরোলমেন্ট এখনো ওপেন হয় নি', '', '2022-03-28 23:01:35', '2022-03-28 23:01:35'),
(1555, 1, 'admission_status', 'Admission Status', '', '2022-03-28 23:06:17', '2022-03-28 23:06:17'),
(1556, 2, 'admission_status', 'এডমিশন স্টাটাস', '', '2022-03-28 23:06:38', '2022-03-28 23:06:38'),
(1557, 1, 'enrolment_approval_status', 'Documents for enrollment', '', '2022-03-28 23:11:05', '2022-03-28 23:11:05'),
(1558, 2, 'enrolment_approval_status', 'এনরোলমেন্টের জন্য ডকুমেন্ট', '', '2022-03-28 23:11:56', '2022-03-28 23:11:56'),
(1559, 1, 'course_bn_title', 'Course title (BN)', '', '2022-03-28 23:12:57', '2022-03-28 23:12:57'),
(1560, 2, 'course_bn_title', 'কোর্স টাইটেল (বাংলা)', '', '2022-03-28 23:13:27', '2022-03-28 23:13:27'),
(1561, 1, 'batch_code', 'Batch code', '', '2022-03-28 23:14:34', '2022-03-28 23:14:34'),
(1562, 2, 'batch_code', 'ব্যাচ কোড', '', '2022-03-28 23:15:32', '2022-03-28 23:15:32'),
(1563, 1, 'forward', 'Forward', '', '2022-03-28 23:49:11', '2022-03-28 23:49:11'),
(1564, 2, 'forward', 'ফরওয়ার্ড', '', '2022-03-28 23:49:39', '2022-03-28 23:49:39'),
(1565, 1, 'downloadable', 'Download able', '', '2022-03-28 23:50:27', '2022-03-28 23:50:27'),
(1566, 2, 'downloadable', 'ডাউনলোডেবল', '', '2022-03-28 23:50:56', '2022-03-28 23:50:56'),
(1567, 1, 'more_settings', 'More Settings', '', '2022-03-28 23:51:28', '2022-03-28 23:51:28'),
(1568, 2, 'more_settings', 'মোর সেটিংস', '', '2022-03-28 23:52:12', '2022-03-28 23:52:12'),
(1569, 1, 'completion_time', 'Completion time', '', '2022-03-28 23:55:17', '2022-03-28 23:55:17'),
(1570, 2, 'completion_time', 'কমপ্লিশন টাইম', '', '2022-03-28 23:55:59', '2022-03-28 23:55:59'),
(1571, 1, 'auto_setup', 'Auto setup', '', '2022-03-28 23:59:48', '2022-03-28 23:59:48'),
(1572, 2, 'auto_setup', 'অটো সেটআপ', '', '2022-03-29 00:00:38', '2022-03-29 00:00:38'),
(1573, 1, 'requirment', 'Requirement', '', '2022-03-29 04:56:20', '2022-03-29 04:56:20'),
(1574, 2, 'requirment', 'রিকোয়ারমেন্ট', '', '2022-03-29 04:56:38', '2022-03-29 04:56:38'),
(1575, 1, 'write_a_reply', 'Write a repy', '', '2022-03-30 04:51:44', '2022-03-30 04:51:44'),
(1576, 2, 'write_a_reply', 'একটি প্রতিউত্তর লিখুন', '', '2022-03-30 04:52:23', '2022-03-30 04:52:23'),
(1577, 1, 'click_here_to_join', 'Click here to join', '', '2022-03-30 05:58:36', '2022-03-30 05:58:36'),
(1578, 2, 'click_here_to_join', 'যোগদানের জন্য এখানে চাপ দিন', '', '2022-03-30 05:58:53', '2022-03-30 05:58:53'),
(1579, 1, 'go_for_certificate', 'Go for certificate', '', '2022-04-03 00:12:57', '2022-04-03 00:12:57'),
(1581, 2, 'go_for_certificate', 'সার্টিফিকেটের জন্য যান', '', '2022-04-03 00:14:03', '2022-04-03 00:14:03'),
(1582, 1, 'whose_course_for', 'This course is for:', '', '2022-04-03 01:43:24', '2022-04-04 23:45:02'),
(1583, 2, 'whose_course_for', 'যার জন্য কোর্স', '', '2022-04-03 01:43:49', '2022-04-03 01:43:49'),
(1584, 1, 'retry', 'Retry', '', '2022-04-04 01:20:11', '2022-04-04 01:20:11'),
(1585, 2, 'retry', 'পুনরায় চেষ্টা করুন', '', '2022-04-04 01:20:47', '2022-04-04 01:22:06'),
(1586, 1, 'link', 'Link', '', '2022-04-05 01:53:21', '2022-04-05 01:53:21'),
(1587, 2, 'link', 'লিঙ্ক', '', '2022-04-05 01:53:44', '2022-04-05 01:53:44'),
(1588, 1, 'browse_from_filemanager', 'Browse from filemanager', '', '2022-04-05 01:54:09', '2022-04-05 01:54:09'),
(1589, 2, 'browse_from_filemanager', 'ফাইল ম্যানেজার থেকে ব্রাউজ করুন', '', '2022-04-05 01:54:21', '2022-04-05 01:54:21'),
(1590, 1, 'add_description', 'Add description ', '', '2022-04-05 01:54:54', '2022-04-05 01:54:54'),
(1591, 2, 'add_description', 'অ্যাড ডেসক্রিপশন', '', '2022-04-05 01:55:22', '2022-04-05 01:55:22'),
(1592, 2, 'add_instruction', 'অ্যাড ইন্সট্রাকশন', '', '2022-04-05 01:55:52', '2022-04-05 01:55:52'),
(1593, 1, 'add_instruction', 'Add instruction', '', '2022-04-05 01:56:02', '2022-04-05 01:56:02'),
(1594, 1, 'add_popup_quiz', 'Add popup quiz ', '', '2022-04-05 01:56:26', '2022-04-05 01:56:26'),
(1595, 2, 'add_popup_quiz', 'অ্যাড পপ আপ কুইজ', '', '2022-04-05 01:57:02', '2022-04-05 01:57:02'),
(1596, 1, 'quiz_trigger_time', 'Quiz trigger time', '', '2022-04-05 01:57:26', '2022-04-05 01:57:26'),
(1597, 2, 'quiz_trigger_time', 'কুইজ ট্রিগার টাইম', '', '2022-04-05 01:57:46', '2022-04-05 01:57:46'),
(1598, 1, 'shuffle_question_order', 'Shuffle question order', '', '2022-04-05 01:59:14', '2022-04-05 01:59:14'),
(1599, 2, 'shuffle_question_order', 'প্রশ্ন ক্রম এলোমেলো', '', '2022-04-05 02:01:29', '2022-04-05 02:01:29'),
(1600, 1, 'shuffle_options_order', 'Shuffle options order', '', '2022-04-05 02:03:50', '2022-04-07 00:37:54'),
(1601, 2, 'shuffle_options_order', 'প্রশ্ন অপশনস এলোমেলো', '', '2022-04-05 02:04:41', '2022-04-07 00:37:29'),
(1602, 1, ' instruction', 'Instruction', '', '2022-04-05 02:05:34', '2022-04-05 02:05:34'),
(1603, 2, ' instruction', 'ইন্সট্রাকশন', '', '2022-04-05 02:06:11', '2022-04-05 02:06:11'),
(1604, 1, 'import_quiz', 'Import Questions', '', '2022-04-05 09:13:18', '2022-06-06 08:12:28'),
(1605, 2, 'import_quiz', 'প্রশ্ন ইম্পোর্ট করুন', '', '2022-04-05 09:14:26', '2022-06-06 08:11:58'),
(1606, 2, 'included_file', 'ফাইল অন্তর্ভুক্ত ', '', '2022-04-05 21:51:42', '2022-04-05 21:51:42'),
(1607, 1, 'included_file', 'Included file', '', '2022-04-05 21:51:52', '2022-04-05 21:51:52'),
(1608, 1, 'waiting_for_approval', 'Waiting for approval', '', '2022-04-05 21:52:14', '2022-04-05 21:52:14'),
(1609, 2, 'waiting_for_approval', 'অনুমোদনের জন্য অপেক্ষা করছে', '', '2022-04-05 21:52:36', '2022-04-05 21:52:36'),
(1610, 2, 'upload_requirement', 'প্রয়োজনীয় তথ্য এবং নথি দিন', '', '2022-04-05 21:53:20', '2022-04-05 21:53:43'),
(1611, 1, 'upload_requirement', 'Give requirement info and document', '', '2022-04-05 21:53:30', '2022-04-05 21:53:30'),
(1612, 1, 'upload', 'Upload', '', '2022-04-05 21:54:29', '2022-04-05 21:54:29'),
(1613, 2, 'upload', 'আপলোড', '', '2022-04-05 21:54:38', '2022-04-05 21:54:38'),
(1614, 1, 'items', 'items', '', '2022-04-05 22:13:46', '2022-04-05 22:13:46'),
(1615, 2, 'items', 'আইটেম', '', '2022-04-05 22:13:57', '2022-04-05 22:13:57'),
(1616, 1, 'find_your_preferred_course', 'Find your preferred course', '', '2022-04-06 01:23:53', '2022-04-06 01:23:53'),
(1617, 2, 'find_your_preferred_course', 'আপনার পছন্দসই কোর্স খুঁজুন', '', '2022-04-06 01:24:04', '2022-04-06 01:24:04'),
(1618, 1, 'you_have_not_yet_enrolled', 'You have not yet enrolled in any course', '', '2022-04-06 01:24:46', '2022-04-06 01:24:46'),
(1619, 2, 'you_have_not_yet_enrolled', 'আপনি এখনো কোন কোর্সে এনরোল করেন নি', '', '2022-04-06 01:24:57', '2022-04-06 01:24:57'),
(1620, 1, 'opportunity_to_try_again', 'Opportunity to try again', '', '2022-04-06 04:47:30', '2022-04-06 04:47:30'),
(1621, 2, 'opportunity_to_try_again', 'পুনঃ চেষ্টার সুযোগ', '', '2022-04-06 04:48:21', '2022-04-06 04:48:21'),
(1622, 1, 'home', 'Home', '', '2022-04-06 07:27:10', '2022-04-06 07:27:10'),
(1623, 2, 'home', 'হোম', '', '2022-04-06 07:27:19', '2022-04-06 07:27:19'),
(1624, 1, 'mail', 'Email', '', '2022-04-06 22:55:44', '2022-04-06 22:55:44'),
(1625, 2, 'mail', 'ইমেইল', '', '2022-04-06 22:55:55', '2022-04-06 22:55:55'),
(1626, 1, 'pending_request', 'Request Pending', '', '2022-04-06 22:57:20', '2022-04-06 22:57:20'),
(1627, 2, 'pending_request', 'রিকুয়েস্ট পেন্ডিং', '', '2022-04-06 22:57:46', '2022-04-06 22:57:46'),
(1628, 1, 'course_batch', 'Course Batch', '', '2022-04-06 22:58:56', '2022-04-06 22:58:56'),
(1629, 2, 'course_batch', 'কোর্স ব্যাচ', '', '2022-04-06 22:59:14', '2022-04-06 22:59:14'),
(1630, 1, 'total_enrolled', 'Total Enrolled', '', '2022-04-06 22:59:57', '2022-04-06 22:59:57'),
(1631, 2, 'total_enrolled', 'টোটাল এনরোল্ড', '', '2022-04-06 23:00:21', '2022-04-06 23:00:21'),
(1632, 1, 'due_amount', 'Due Amount', '', '2022-04-06 23:00:56', '2022-04-06 23:00:56'),
(1633, 2, 'due_amount', 'ডিউ এমাউন্ড', '', '2022-04-06 23:01:26', '2022-04-06 23:01:26'),
(1634, 1, 'withdrawed', 'Withdrawn', '', '2022-04-06 23:03:28', '2022-04-06 23:03:28'),
(1635, 2, 'withdrawed', 'তোলা হয়েছে', '', '2022-04-06 23:06:22', '2022-04-06 23:06:22'),
(1636, 1, 'earned_certificate', 'Earned Certificate', '', '2022-04-06 23:53:51', '2022-04-06 23:53:51'),
(1637, 2, 'earned_certificate', 'অর্জিত সার্টিফিকেট', '', '2022-04-06 23:54:04', '2022-04-06 23:54:04'),
(1638, 1, 'see_certificate', 'See Certificate', '', '2022-04-06 23:59:04', '2022-04-06 23:59:04'),
(1639, 2, 'see_certificate', 'সার্টিফিকেট দেখুন', '', '2022-04-06 23:59:34', '2022-04-06 23:59:34'),
(1640, 1, 'with_success', 'Success with', '', '2022-04-07 03:18:23', '2022-04-07 03:18:23'),
(1641, 2, 'with_success', 'সফলতার সাথে', '', '2022-04-07 03:18:34', '2022-04-07 03:18:34'),
(1642, 1, 'course_completed', 'Course Completed', '', '2022-04-07 03:21:42', '2022-04-07 03:21:42'),
(1643, 2, 'course_completed', 'কোর্সটি সম্পন্ন করেছেন।', '', '2022-04-07 03:21:55', '2022-04-07 03:21:55'),
(1644, 1, 'see_this_course', 'See this course', '', '2022-04-07 03:27:06', '2022-04-07 03:27:06'),
(1645, 2, 'see_this_course', 'এই কোর্সটি দেখুন ', '', '2022-04-07 03:28:15', '2022-04-07 03:28:15'),
(1646, 1, 'not_achive_any_certificate', 'You do not achieve any certificate', '', '2022-04-09 00:47:34', '2022-04-09 00:47:34'),
(1647, 2, 'not_achive_any_certificate', 'আপনি কোন সার্টিফিকেট অর্জন করবেন না', '', '2022-04-09 00:47:46', '2022-04-09 00:47:46'),
(1648, 1, 'tried', 'Tried', '', '2022-04-09 03:19:44', '2022-04-09 03:19:44'),
(1649, 2, 'tried', 'চেষ্টা করেছেন', '', '2022-04-09 03:19:48', '2022-04-09 03:19:48'),
(1650, 1, 'create_certificate', 'Reload certificate', '', '2022-04-09 03:43:48', '2022-04-18 02:03:14'),
(1651, 2, 'create_certificate', 'সার্টিফিকেট রিলোড করুন', '', '2022-04-09 03:43:52', '2022-04-18 02:01:54'),
(1652, 2, 'wait_create_certificate', 'সার্টিফিকেট তৈরী হচ্ছে', '', '2022-04-09 03:48:15', '2022-04-09 03:48:15'),
(1653, 1, 'wait_create_certificate', 'Creating certificate', '', '2022-04-09 03:48:27', '2022-04-09 03:48:27'),
(1654, 1, 'download_certificate', 'Download certificate', '', '2022-04-09 03:48:44', '2022-04-09 03:48:44'),
(1655, 2, 'download_certificate', 'ডাউনলো সার্টিফিকেট', '', '2022-04-09 03:49:12', '2022-04-09 03:49:12'),
(1656, 1, 'congratulation', 'Congratulation', '', '2022-04-09 21:33:39', '2022-04-09 21:33:39'),
(1657, 2, 'congratulation', 'অভিনন্দন', '', '2022-04-09 21:33:59', '2022-04-09 21:33:59'),
(1658, 1, 'you_are_successful', 'You are successful', '', '2022-04-09 21:35:17', '2022-04-09 21:35:17'),
(1659, 2, 'you_are_successful', 'আপনি সফলতার সাথে', '', '2022-04-09 21:35:28', '2022-04-09 21:35:28'),
(1660, 1, 'have_completed_the_course', 'Have completed the course', '', '2022-04-09 21:38:30', '2022-04-09 21:38:30'),
(1661, 2, 'have_completed_the_course', 'কোর্সটি সম্পন্ন করেছেন', '', '2022-04-09 21:38:45', '2022-04-09 21:38:45'),
(1662, 2, 'see_the_certificate', 'সার্টিফিকেটটি দেখুন', '', '2022-04-09 21:39:52', '2022-04-09 21:39:52'),
(1663, 1, 'see_the_certificate', 'See the certificate', '', '2022-04-09 21:40:02', '2022-04-09 21:40:02'),
(1664, 1, 'peer_review_limit', 'Peer review limit', '', '2022-04-10 01:11:54', '2022-04-10 01:11:54'),
(1665, 2, 'peer_review_limit', 'সহকর্মী পর্যালোচনা সীমা', '', '2022-04-10 01:12:11', '2022-04-10 01:12:11'),
(1666, 2, 'collect_certificate', 'সার্টিফিকেট সংগ্রহ করুন', '', '2022-04-10 12:09:41', '2022-04-10 12:09:41'),
(1667, 1, 'collect_certificate', 'Collect certificate', '', '2022-04-10 12:09:54', '2022-04-10 12:09:54'),
(1668, 1, 'submit_course_rating', 'Submit course rating', '', '2022-04-10 12:13:18', '2022-04-10 12:13:18'),
(1669, 2, 'submit_course_rating', 'কোর্স রেটিং দিন', '', '2022-04-10 12:13:29', '2022-04-10 12:13:29'),
(1670, 2, 'submit_your_valuable_comments', 'আপনার মূল্যবান মতামত দিন', '', '2022-04-10 12:35:43', '2022-04-10 12:35:43'),
(1671, 1, 'submit_your_valuable_comments', 'Submit your valuable comments', '', '2022-04-10 12:36:00', '2022-04-10 12:36:00'),
(1672, 2, 'how_much_would_you_ratings_the_course', 'আপনি কোর্সটিকে কত রেটিং দেবেন', '', '2022-04-10 12:51:18', '2022-04-10 12:51:18'),
(1673, 1, 'how_much_would_you_ratings_the_course', 'How much would you ratings the course', '', '2022-04-10 12:51:32', '2022-04-10 12:51:32'),
(1674, 1, 'give_your_opinion_about_the_course', 'Give your opinion about the course', '', '2022-04-10 12:56:20', '2022-04-10 12:56:20'),
(1675, 2, 'give_your_opinion_about_the_course', 'কোর্সটি সম্পর্কে আপনার মতামত দিন', '', '2022-04-10 12:56:31', '2022-04-10 12:56:31'),
(1676, 2, 'thank_you_so_much_for_your_valuable_comments', 'আপনার মূল্যবান মতামত জন্য অসংখ্য ধন্যবাদ!', '', '2022-04-10 13:41:13', '2022-04-10 13:41:13'),
(1677, 1, 'thank_you_so_much_for_your_valuable_comments', 'Thank you so much for your valuable comments', '', '2022-04-10 13:41:39', '2022-04-10 13:41:39'),
(1678, 1, 'current_folder', 'Current Folder', '', '2022-04-11 23:32:36', '2022-04-11 23:32:36'),
(1679, 2, 'current_folder', 'বর্তমান ফোল্ডার', '', '2022-04-11 23:33:01', '2022-04-11 23:33:01'),
(1680, 1, 'logo', 'Logo', '', '2022-04-12 23:37:25', '2022-04-12 23:37:25'),
(1681, 2, 'logo', 'লোগো', '', '2022-04-12 23:37:46', '2022-04-12 23:37:46'),
(1682, 1, 'cover_photo ', 'Cover photo ', '', '2022-04-12 23:38:10', '2022-04-12 23:38:10'),
(1683, 2, 'cover_photo ', 'কভার ফটো', '', '2022-04-12 23:38:27', '2022-04-12 23:38:27'),
(1684, 1, 'not_yet_to_start', 'Not yet to start', '', '2022-04-13 04:39:59', '2022-04-13 04:39:59'),
(1685, 2, 'not_yet_to_start', 'এখনো শুরু করা হয়নি', '', '2022-04-13 04:40:08', '2022-04-13 04:40:08'),
(1686, 1, 'e_phone_required', 'The field must be a valid phone number.', '', '2022-04-17 02:30:41', '2022-04-17 02:30:41'),
(1687, 2, 'e_phone_required', 'এটি  অবশ্যই একটি বৈধ ফোন নম্বর হতে হবে৷', '', '2022-04-17 02:33:01', '2022-04-17 02:33:01'),
(1688, 1, 'see', 'See...', '', '2022-04-17 22:22:48', '2022-04-17 22:22:48'),
(1689, 2, 'see', 'দেখুন...', '', '2022-04-17 22:23:05', '2022-04-17 22:23:05'),
(1690, 1, 'about', 'About', '', '2022-04-17 23:02:32', '2022-04-17 23:02:32'),
(1691, 2, 'about', 'সম্পর্কিত', '', '2022-04-17 23:02:38', '2022-04-17 23:02:38'),
(1692, 1, 'about_bn', 'About (Bangla)', '', '2022-04-17 23:03:49', '2022-04-17 23:03:49'),
(1693, 2, 'about_bn', 'সম্পর্কে (বাংলা)', '', '2022-04-17 23:04:04', '2022-04-17 23:04:04'),
(1694, 1, 'certificate_not_create', 'Certificate not create', '', '2022-04-17 23:09:53', '2022-04-17 23:09:53'),
(1695, 2, 'certificate_not_create', 'সার্টিফিকেট তৈরী হয় নাই', '', '2022-04-17 23:12:04', '2022-04-17 23:14:17'),
(1696, 1, 'facebook', 'Facebook', '', '2022-04-18 01:53:27', '2022-04-18 01:53:27'),
(1697, 2, 'facebook', 'ফেসবুক', '', '2022-04-18 01:53:56', '2022-04-18 01:53:56'),
(1698, 1, 'google', 'Google', '', '2022-04-18 01:54:12', '2022-04-18 01:54:12'),
(1699, 2, 'google', 'গুগল', '', '2022-04-18 01:54:30', '2022-04-18 01:54:30'),
(1700, 1, 'twitter', 'Twitter', '', '2022-04-18 01:54:50', '2022-04-18 01:54:50'),
(1701, 2, 'twitter', 'টুইটার', '', '2022-04-18 01:55:08', '2022-04-18 01:55:08'),
(1702, 1, 'youtube', 'Youtube', '', '2022-04-18 01:55:33', '2022-04-18 01:55:33'),
(1703, 2, 'youtube', 'ইউটিউব', '', '2022-04-18 01:55:50', '2022-04-18 01:55:50'),
(1704, 1, 'yet_to_grade', 'Yet to grade', '', '2022-04-18 02:08:55', '2022-04-18 02:08:55'),
(1705, 1, 'instruction', 'Instruction', '', '2022-04-18 04:14:36', '2022-04-18 04:14:36'),
(1706, 2, 'instruction', 'ইন্সট্রাকশন', '', '2022-04-18 04:14:53', '2022-04-18 04:14:53'),
(1707, 1, 'presentation', 'Presentation', '', '2022-04-18 04:28:02', '2022-04-18 04:28:02'),
(1708, 2, 'presentation', 'প্রেসেন্টেশন', '', '2022-04-18 04:28:15', '2022-04-18 04:28:15'),
(1709, 1, 'attachment_info', 'Attachment Info', '', '2022-04-19 00:55:34', '2022-04-19 00:55:34'),
(1710, 2, 'attachment_info', 'সংযুক্তি তথ্য', '', '2022-04-19 00:56:07', '2022-04-19 00:56:07'),
(1711, 1, 'join_class', 'Join Class', '', '2022-04-19 22:40:35', '2022-04-19 22:40:35'),
(1712, 2, 'join_class', 'জয়েন ক্লাস', '', '2022-04-19 22:41:20', '2022-04-19 22:41:20'),
(1713, 1, 'zoom', 'Zoom', '', '2022-04-20 00:20:49', '2022-04-20 00:20:49'),
(1714, 2, 'zoom', 'জুম', '', '2022-04-20 00:21:00', '2022-04-20 00:21:00'),
(1715, 2, 'meet', 'মিট', '', '2022-04-20 00:21:44', '2022-04-20 00:21:44'),
(1716, 1, 'meet', 'Meet', '', '2022-04-20 00:21:51', '2022-04-20 00:21:51'),
(1717, 1, 'class_code', 'Class code', '', '2022-04-20 01:43:52', '2022-04-20 01:43:52'),
(1718, 2, 'class_code', 'ক্লাস কোড', '', '2022-04-20 01:44:07', '2022-04-20 01:44:07'),
(1719, 1, 'old', 'Old', '', '2022-04-20 22:40:05', '2022-04-20 22:40:05'),
(1720, 2, 'old', 'পুরাতন', '', '2022-04-20 22:40:32', '2022-04-20 22:40:32'),
(1721, 1, 'instructor_add', 'Add Instructor', '', '2022-04-20 22:45:12', '2022-04-20 22:45:12'),
(1722, 2, 'instructor_add', 'প্রশিক্ষক যোগ করুন', '', '2022-04-20 22:45:36', '2022-04-20 22:45:36'),
(1723, 1, 'step_by_step_description', 'Step by Step is to progress gradually from one step to the next.', '', '2022-04-22 07:26:15', '2022-04-22 07:46:36'),
(1724, 2, 'step_by_step_description', 'স্টেপ বাই স্টেপ হল যেখানে এক ধাপ থেকে পরের ধাপে ধীরে ধীরে যাওয়া।', '', '2022-04-22 07:27:28', '2022-04-22 07:47:17'),
(1725, 1, 'step_by_step_title', 'Step by Step', '', '2022-04-22 07:31:10', '2022-04-22 07:31:10'),
(1726, 2, 'step_by_step_title', 'স্টেপ বাই স্টেপ', '', '2022-04-22 07:31:31', '2022-04-22 07:31:31'),
(1727, 2, 'admission_status_title', 'এডমিশন স্টাটাস ', '', '2022-04-22 07:32:20', '2022-04-22 07:34:59'),
(1728, 1, 'admission_status_title_description', 'Admission Status is simply where a course enrollment date and start date are fixed for admission of the students.', '', '2022-04-22 07:44:32', '2022-04-22 07:44:32'),
(1729, 2, 'admission_status_title_description', ' এডমিশন স্টাটাস হল যেখানে শিক্ষার্থীদের ভর্তির জন্য একটি কোর্স নথিভুক্তির তারিখ এবং শুরুর তারিখ নির্ধারণ করা হয়।', '', '2022-04-22 07:45:11', '2022-04-22 07:45:11'),
(1730, 1, 'enrolment_approval_status_title', 'Enrollment Approval Status ', '', '2022-04-22 07:49:22', '2022-04-22 07:49:22'),
(1731, 2, 'enrolment_approval_status_title', 'এনরোলমেন্টের অনুমোদন স্টাটাস ', '', '2022-04-22 07:51:27', '2022-04-22 07:54:23'),
(1734, 1, 'publish_date', 'Publish date', '', '2022-04-23 22:25:41', '2022-04-23 22:25:41'),
(1735, 2, 'publish_date', 'প্রকাশের তারিখ', '', '2022-04-23 22:26:28', '2022-04-23 22:26:28'),
(1736, 1, 'created_date', 'Created date', '', '2022-04-23 22:27:02', '2022-04-23 22:27:02'),
(1737, 2, 'created_date', 'তৈরীর তারিখ', '', '2022-04-23 22:27:11', '2022-04-23 22:27:11'),
(1738, 1, 'zoom_email', 'Zoom Email ID', '', '2022-04-24 03:25:56', '2022-04-24 03:25:56'),
(1739, 2, 'zoom_email', 'জুম ইমেইল আই ডি', '', '2022-04-24 03:26:18', '2022-04-24 03:26:18'),
(1740, 1, 'zoom_api_key', 'Zoom API Key', '', '2022-04-24 03:27:39', '2022-04-24 03:27:39'),
(1741, 2, 'zoom_api_key', 'জুম এ পি আই কি', '', '2022-04-24 03:28:45', '2022-04-24 03:28:45'),
(1743, 1, 'zoom_api_secret', 'Zoom API Secret', '', '2022-04-24 03:30:51', '2022-04-24 03:30:51'),
(1744, 2, 'zoom_api_secret', 'জুম এপি আই সিক্রেট', '', '2022-04-24 03:31:18', '2022-04-24 03:31:18'),
(1746, 1, 'save_alert', 'You want to change the save', '', '2022-04-24 03:33:05', '2022-04-24 03:38:50'),
(1747, 2, 'save_alert', 'আপনি কি সেভ করতে চাচ্ছেন', '', '2022-04-24 03:33:22', '2022-04-24 03:36:05'),
(1748, 1, 'save_alert_body', 'Before you go please save your changed data', '', '2022-04-24 03:40:55', '2022-04-24 03:48:29'),
(1749, 2, 'save_alert_body', 'বের হয়ে যাওয়ার পূর্বে আপনি পরিবর্তিত ডেটা সংরক্ষণ করুন', '', '2022-04-24 03:41:24', '2022-04-24 03:47:57'),
(1750, 1, 'certificate_title', 'Certificate title', '', '2022-04-24 03:49:14', '2022-04-24 03:49:14'),
(1751, 2, 'certificate_title', 'সার্টিফিকেট টাইটেল', '', '2022-04-24 03:49:36', '2022-04-24 03:49:36'),
(1752, 1, 'certificate_desc', 'Certificate Description', '', '2022-04-24 03:50:29', '2022-04-24 03:50:29'),
(1753, 2, 'certificate_desc', 'সার্টিফিকেট ডেস্ক্রিপশন', '', '2022-04-24 03:50:59', '2022-04-24 03:50:59'),
(1754, 1, 'enroll_status', 'Enroll Status', '', '2022-04-24 03:58:05', '2022-04-24 03:58:05'),
(1755, 2, 'enroll_status', 'এনরোল স্টাটাস', '', '2022-04-24 03:58:28', '2022-04-24 03:58:28'),
(1756, 1, 'deletefolder_with_ques', 'With Questions', '', '2022-04-25 00:53:47', '2022-04-25 00:53:47'),
(1757, 2, 'deletefolder_with_ques', 'যাবতীয় প্রশ্ন সহ', '', '2022-04-25 00:54:31', '2022-04-25 00:54:31'),
(1758, 1, 'deletefolder_only', 'Folder only', '', '2022-04-25 00:55:40', '2022-04-25 00:56:10'),
(1759, 2, 'deletefolder_only', 'শুধুমাত্র ফোল্ডার', '', '2022-04-25 00:56:35', '2022-04-25 00:56:35'),
(1760, 1, 'certificate_approved', 'Approved', '', '2022-04-26 03:33:25', '2022-04-26 03:33:25'),
(1761, 1, 'certificate_unapproved', 'Approval Pending', '', '2022-04-26 03:34:37', '2022-04-26 03:34:37'),
(1762, 2, 'certificate_unapproved', 'এপ্রুভাল পেন্ডিং', '', '2022-04-26 03:34:56', '2022-04-26 03:34:56'),
(1763, 2, 'certificate_approved', 'এপ্রুভড', '', '2022-04-26 03:35:30', '2022-04-26 03:35:30'),
(1764, 1, 'restricted_hints', 'If you want to set a deadline for this part', '', '2022-04-26 04:24:35', '2022-04-26 04:24:35'),
(1765, 2, 'restricted_hints', 'আপনি যদি এই অংশের নির্ধারিত সময়সীমা বেঁধে দিতে চান', '', '2022-04-26 04:24:48', '2022-04-26 04:24:48'),
(1766, 1, 'lesson_publish_hints', 'If you want to make this part public', '', '2022-04-26 04:26:40', '2022-04-26 04:26:40'),
(1767, 2, 'lesson_publish_hints', 'আপনি যদি এই অংশ পাবলিক করে দিতে চান', '', '2022-04-26 04:27:02', '2022-04-26 04:27:02'),
(1768, 1, 'lesson_preview_hints', 'If you want to allow public preview of this part', '', '2022-04-26 04:29:05', '2022-04-26 04:29:05'),
(1769, 2, 'lesson_preview_hints', 'আপনি যদি এই অংশের পাবলিক প্রিভিউ অনুমতি দিতে চান', '', '2022-04-26 04:29:16', '2022-04-26 04:29:16'),
(1771, 1, 'apply_for_the_certificate', 'Apply for the certificate.', '', '2022-04-26 04:33:24', '2022-04-26 04:34:56'),
(1772, 1, 'save_alert_title', 'Save Alert', '', '2022-04-26 04:33:30', '2022-04-26 04:33:30'),
(1773, 2, 'apply_for_the_certificate', 'সার্টিফিকেটের জন্য আবেদন করুন ।', '', '2022-04-26 04:33:34', '2022-04-26 04:34:27'),
(1775, 2, 'save_alert_title', 'সেভ সতর্কতা', '', '2022-04-26 04:35:08', '2022-04-26 04:35:08'),
(1776, 1, 'copy_the_certificate_code', 'Copy the certificate code.', '', '2022-04-26 04:36:45', '2022-04-26 04:36:45'),
(1777, 2, 'copy_the_certificate_code', 'সার্টিফিকেট কোড কপি করুন।', '', '2022-04-26 04:37:03', '2022-04-26 04:37:03'),
(1778, 2, 'certificate_code', 'সার্টিফিকেট কোড', '', '2022-04-26 04:38:11', '2022-04-26 04:38:11'),
(1779, 1, 'certificate_code', 'Certificate Code', '', '2022-04-26 04:38:21', '2022-04-26 04:38:21'),
(1781, 2, 'certificate_special_note', 'বিশেষ দ্রষ্টব্যঃ- সার্টিফিকেটে যদি কোনো সমস্যা থাকে তাহলে সার্টিফিকেট দাবি করুন বাটন এ ক্লিক করুন।', '', '2022-04-26 04:40:03', '2022-04-26 04:40:03'),
(1782, 1, 'certificate_special_note', 'Special Note: - If there is any problem in the certificate then click on the claim certificate button.', '', '2022-04-26 04:40:17', '2022-04-26 04:40:17'),
(1783, 1, 'certificate_awaiting_for_approval', 'Your certificate is awaiting approval.', '', '2022-04-26 04:42:10', '2022-04-26 04:43:10'),
(1784, 2, 'certificate_awaiting_for_approval', 'আপনার সার্টিফিকেটটি অনুমোদনের অপেক্ষায় আছে ।', '', '2022-04-26 04:42:22', '2022-04-26 04:42:48'),
(1785, 1, 'enrolment_desc', 'Enrollment Approval Status is the stage at which each prospective student\'s application is being reviewed. The outcome of the review will determine if a prospective student will gain admission in the course or not.', '', '2022-04-26 04:45:51', '2022-04-26 04:45:51'),
(1786, 2, 'enrolment_desc', 'এনরোলমেন্ট অনুমোদন স্টাটাস প্রতিটি সম্ভাব্য শিক্ষার্থীর আবেদন পর্যালোচনা করা হচ্ছে সেই পর্যায়ে। পর্যালোচনার ফলাফল নির্ধারণ করবে যে একজন সম্ভাব্য শিক্ষার্থী কোর্সে ভর্তি হবে কি না।', '', '2022-04-26 04:46:11', '2022-04-26 04:46:11'),
(1787, 1, 'certificate_intro', 'Certificate intro', '', '2022-04-26 04:47:15', '2022-04-26 04:47:15'),
(1789, 1, 'add_linkedin', 'Add to linkedin profile', '', '2022-04-26 06:20:45', '2022-04-26 07:27:03'),
(1790, 2, 'add_linkedin', 'লিঙ্কডইন প্রোফাইলে যোগ করুন', '', '2022-04-26 06:21:03', '2022-04-26 07:26:28'),
(1791, 1, 'validation.regex', 'Phone number is not valid', '', '2022-04-26 07:18:58', '2022-04-26 07:18:58'),
(1792, 2, 'validation.regex', 'ফোন নম্বর সঠিক নয়', '', '2022-04-26 07:19:43', '2022-04-26 08:05:05'),
(1793, 1, 'date_of_receipt', 'Date of receipt', '', '2022-04-26 07:34:21', '2022-04-26 07:34:21'),
(1794, 2, 'date_of_receipt', 'প্রাপ্তির তারিখ', '', '2022-04-26 07:34:31', '2022-04-26 07:34:31'),
(1795, 1, 'view_certificate', 'View certificate', '', '2022-04-26 07:39:27', '2022-04-26 07:39:27'),
(1796, 2, 'view_certificate', 'প্রশংসাপত্র দেখুন', '', '2022-04-26 07:39:50', '2022-04-26 07:39:50'),
(1798, 2, 'my_course', 'আমার কোর্স', '', '2022-04-27 09:47:34', '2022-04-27 09:47:34'),
(1799, 1, 'my_course', 'My course', '', '2022-04-27 09:47:51', '2022-04-27 09:47:51'),
(1800, 1, 'my_certificate', 'My certificate', '', '2022-04-27 09:48:18', '2022-04-27 09:48:18'),
(1801, 2, 'my_certificate', 'আমার সার্টিফিকেট', '', '2022-04-27 09:48:31', '2022-04-27 09:48:31'),
(1802, 1, 'my_blogs', 'My blogs', '', '2022-04-27 09:48:50', '2022-04-27 09:48:50'),
(1803, 2, 'my_blogs', 'আমার ব্লগ', '', '2022-04-27 09:49:07', '2022-04-27 09:49:07'),
(1804, 1, 'my_tutorials', 'My tutorials', '', '2022-04-27 09:49:33', '2022-04-27 09:49:33'),
(1805, 2, 'my_tutorials', 'আমার টিউটোরিয়াল', '', '2022-04-27 09:49:50', '2022-04-27 09:49:50'),
(1806, 1, 'go_ahead', 'Go ahead', '', '2022-04-27 10:54:50', '2022-04-27 10:54:50'),
(1807, 2, 'go_ahead', 'এগিয়ে যান', '', '2022-04-27 10:55:25', '2022-04-27 10:55:25'),
(1808, 1, 'reports', 'Reports', '', '2022-04-28 08:16:43', '2022-04-28 08:16:43'),
(1809, 2, 'reports', 'রিপোর্ট', '', '2022-04-28 08:17:07', '2022-04-28 08:17:07'),
(1810, 1, 'learner-report', 'Learner Report', '', '2022-04-28 08:24:20', '2022-04-28 08:24:20'),
(1811, 2, 'learner-report', 'লার্নার রিপোর্ট', '', '2022-04-28 08:24:37', '2022-04-28 08:24:37'),
(1812, 1, 'course-report', 'Course Report', '', '2022-04-28 08:25:01', '2022-04-28 08:25:01'),
(1813, 2, 'course-report', 'কোর্স রিপোর্ট', '', '2022-04-28 08:25:21', '2022-04-28 08:25:21'),
(1814, 1, 'enroll_courses', 'Enrolled Courses', '', '2022-05-08 10:08:38', '2022-05-08 10:08:38'),
(1815, 2, 'enroll_courses', 'নথিভুক্ত কোর্স', '', '2022-05-08 10:09:40', '2022-05-08 10:09:40'),
(1816, 1, 'joining_date', 'Joining Date', '', '2022-05-08 10:10:20', '2022-05-08 10:10:20'),
(1817, 2, 'joining_date', 'যোগদানের তারিখ', '', '2022-05-08 10:11:04', '2022-05-08 10:11:04'),
(1818, 1, 'not_shared', 'Not Shared', '', '2022-05-09 05:03:15', '2022-05-09 05:03:15'),
(1819, 2, 'not_shared', 'শেয়ার করা হয়নি', '', '2022-05-09 05:03:42', '2022-05-09 05:03:42'),
(1820, 1, 'not_started', 'Not Started', '', '2022-05-09 05:23:55', '2022-05-09 05:23:55'),
(1821, 2, 'not_started', 'শুরু করেননি', '', '2022-05-09 05:24:59', '2022-05-09 05:24:59'),
(1822, 1, 'manage_course', 'Manage Course', '', '2022-05-09 11:40:08', '2022-05-09 11:40:08'),
(1823, 2, 'manage_course', 'ম্যানেজ কোর্স', '', '2022-05-09 11:40:44', '2022-05-09 11:40:44'),
(1824, 1, 'enrolled_history', 'Enrolled History', '', '2022-05-09 11:41:37', '2022-05-09 11:41:37'),
(1825, 2, 'enrolled_history', 'নথিভুক্ত ইতিহাস', '', '2022-05-09 11:42:04', '2022-05-09 11:42:04'),
(1826, 1, 'enrolled_by', 'Enrolled By', '', '2022-05-10 09:45:58', '2022-05-10 09:45:58'),
(1827, 2, 'enrolled_by', 'নথিভুক্ত দ্বারা ', '', '2022-05-10 09:46:40', '2022-05-10 09:46:40'),
(1828, 1, 'grade', 'Grade', '', '2022-05-10 09:47:36', '2022-05-10 09:47:36'),
(1829, 2, 'grade', 'গ্রেড', '', '2022-05-10 09:48:10', '2022-05-10 09:48:10'),
(1830, 1, 'completion_date', 'Completion Date', '', '2022-05-10 09:50:59', '2022-05-10 09:50:59'),
(1831, 2, 'completion_date', 'সমাপ্তির সময়', '', '2022-05-10 09:51:35', '2022-05-10 09:51:35');
INSERT INTO `lang_values` (`id`, `language_id`, `universal`, `value`, `message`, `created_at`, `updated_at`) VALUES
(1832, 1, 'total_earned', 'Total Earned', '', '2022-05-10 09:58:18', '2022-05-10 09:58:18'),
(1833, 2, 'total_earned', 'মোট অর্জিত', '', '2022-05-10 09:58:46', '2022-05-10 09:58:46'),
(1834, 1, 'progress', 'Progress', '', '2022-05-10 10:12:41', '2022-05-10 10:12:41'),
(1835, 2, 'progress', 'প্রগ্রেস', '', '2022-05-10 10:13:03', '2022-05-10 10:13:03'),
(1836, 1, 'admin', 'Admin', '', '2022-05-11 05:22:00', '2022-05-11 05:22:00'),
(1837, 2, 'admin', 'অ্যাডমিন', '', '2022-05-11 05:22:18', '2022-05-11 05:22:18'),
(1838, 1, 'self', 'Self', '', '2022-05-11 05:22:33', '2022-05-11 05:22:33'),
(1839, 2, 'self', 'নিজে', '', '2022-05-11 05:23:59', '2022-05-11 05:23:59'),
(1840, 1, 'students', 'Students', '', '2022-05-12 07:02:14', '2022-05-12 07:02:14'),
(1841, 2, 'students', 'শিক্ষার্থীসমূহ', '', '2022-05-12 07:02:45', '2022-05-12 07:02:45'),
(1842, 1, 'add_student', 'Add Student', '', '2022-05-12 07:04:06', '2022-05-12 07:04:06'),
(1843, 2, 'add_student', 'শিক্ষার্থী যোগ করুন', '', '2022-05-12 07:04:14', '2022-05-12 07:04:14'),
(1844, 1, 'teachers', 'Teachers', '', '2022-05-12 07:10:11', '2022-05-12 07:10:11'),
(1845, 2, 'teachers', 'শিক্ষকসমূহ', '', '2022-05-12 07:10:28', '2022-05-12 07:10:28'),
(1846, 1, 'add_teacher', 'Add Teacher', '', '2022-05-12 07:11:21', '2022-05-12 07:11:21'),
(1847, 2, 'add_teacher', 'শিক্ষক যোগ করুন', '', '2022-05-12 07:11:40', '2022-05-12 07:11:40'),
(1848, 1, 'update_configure_zoom', 'Do update', '', '2022-05-12 09:29:05', '2022-06-23 09:46:32'),
(1849, 2, 'update_configure_zoom', 'আপডেট করুন', '', '2022-05-12 09:29:43', '2022-06-23 09:46:05'),
(1850, 1, 'select_start_date', 'Select a start date', '', '2022-05-18 04:22:45', '2022-05-18 04:22:45'),
(1851, 2, 'select_start_date', 'সিলেক্ট স্টার্ট ডেট', '', '2022-05-18 04:23:45', '2022-05-18 04:23:45'),
(1852, 1, 'pass_mark_type_hints', 'Type how many mark needed to pass (Percentage or Fixed mark)', '', '2022-05-18 04:29:45', '2022-05-18 04:29:45'),
(1853, 2, 'pass_mark_type_hints', 'পাস করতে কত নম্বরের প্রয়োজন টাইপ করুন (শতাংশ বা নির্দিষ্ট মার্ক)', '', '2022-05-18 04:30:17', '2022-05-18 04:30:17'),
(1854, 1, 'join_live_class', 'Join live Class', '', '2022-05-18 05:38:14', '2022-05-18 05:38:14'),
(1855, 2, 'join_live_class', 'লাইভ ক্লাসে জয়েন করুন', '', '2022-05-18 05:38:43', '2022-05-18 05:38:43'),
(1856, 1, 'assessment_title', 'Assessment title', '', '2022-05-18 14:23:33', '2022-05-18 14:23:33'),
(1857, 2, 'assessment_title', 'এসেসমেন্ট টাইটেল', '', '2022-05-18 14:23:47', '2022-05-18 14:23:47'),
(1858, 1, 'configure_zoom', 'Configure Zoom', '', '2022-05-19 07:13:57', '2022-05-19 07:13:57'),
(1859, 2, 'configure_zoom', 'জুম কনফিগার করুন', '', '2022-05-19 07:14:29', '2022-05-19 07:14:29'),
(1860, 1, 'resend_token', 'Resend code.?', '', '2022-05-26 11:55:32', '2022-05-29 09:38:21'),
(1861, 2, 'resend_token', 'আবার কোড পাঠান ?', '', '2022-05-26 11:56:46', '2022-05-29 09:38:01'),
(1862, 1, 'no_more_token_request', 'You can\'t send any more code request for today.', '', '2022-05-29 09:34:15', '2022-05-29 09:34:15'),
(1863, 2, 'no_more_token_request', 'আপনি আজকের জন্য আর কোড রিকোয়েস্ট পাঠাতে পারবেন না', '', '2022-05-29 09:34:56', '2022-05-29 09:34:56'),
(1866, 1, 'purchase_files', 'Purchase files', '', '2022-05-31 06:12:40', '2022-05-31 06:12:55'),
(1867, 2, 'purchase_files', 'ক্রয় ফাইল', '', '2022-05-31 06:13:17', '2022-05-31 06:13:31'),
(1868, 1, 'shared_files', 'Shared files', '', '2022-05-31 06:13:51', '2022-05-31 06:13:51'),
(1869, 2, 'shared_files', 'শেয়ার করা ফাইল', '', '2022-05-31 06:14:05', '2022-05-31 06:14:05'),
(1870, 1, 'others_files', 'Other\'s Files', '', '2022-05-31 06:14:44', '2022-05-31 06:14:44'),
(1871, 1, 'minimum_one_unit_required', 'Minimum one unit required', '', '2022-06-01 07:19:52', '2022-06-01 07:19:52'),
(1872, 2, 'minimum_one_unit_required', 'ন্যূনতম এক ইউনিট প্রয়োজন', '', '2022-06-01 07:20:23', '2022-06-01 07:20:23'),
(1873, 1, 'view_all', 'View all', '', '2022-06-02 05:12:06', '2022-06-02 05:12:06'),
(1874, 2, 'view_all', 'ভিউ অল', '', '2022-06-02 05:12:26', '2022-06-02 05:12:26'),
(1875, 1, 'pending_task', 'Pending Task', '', '2022-06-02 05:13:16', '2022-06-02 05:13:16'),
(1876, 2, 'pending_task', 'পেন্ডিং টাস্ক', '', '2022-06-02 05:13:34', '2022-06-02 05:13:34'),
(1877, 1, 'task_type', 'Task type', '', '2022-06-02 05:14:11', '2022-06-02 05:14:11'),
(1878, 2, 'task_type', 'টাস্ক টাইপ', '', '2022-06-02 05:14:25', '2022-06-02 05:14:25'),
(1879, 1, 'learner_name', 'Learner Name', '', '2022-06-02 05:14:51', '2022-06-02 05:14:51'),
(1880, 2, 'learner_name', 'লার্নার নেম', '', '2022-06-02 05:15:09', '2022-06-02 05:15:09'),
(1881, 1, 'search_type', 'Search type', '', '2022-06-02 05:16:18', '2022-06-02 05:16:18'),
(1882, 2, 'search_type', 'সার্চ টাইপ', '', '2022-06-02 05:16:39', '2022-06-02 05:16:39'),
(1883, 1, 'collect_info', 'Collect Info', '', '2022-06-08 06:20:08', '2022-06-08 06:20:08'),
(1884, 2, 'collect_info', 'তথ্য সংগ্রহ', '', '2022-06-08 06:20:15', '2022-06-08 06:20:15'),
(1885, 1, 'muktopaath_tutorials', 'Muktopaath Tutorials', '', '2022-06-08 06:30:19', '2022-06-08 06:30:19'),
(1886, 2, 'muktopaath_tutorials', 'মুক্তপাঠ টিউটোরিয়াল', '', '2022-06-08 06:31:09', '2022-06-08 06:31:09'),
(1887, 1, 'are_you_sure_to_submit', 'Are you sure to submit', '', '2022-06-08 09:09:05', '2022-06-08 09:09:05'),
(1888, 2, 'are_you_sure_to_submit', 'আপনি কি সাবমিট করতে চাচ্ছেন', '', '2022-06-08 09:09:58', '2022-06-08 09:09:58'),
(1889, 1, 'are_you_sure_to_submit?', 'Are you sure to submit?', '', '2022-06-08 09:12:55', '2022-06-08 09:12:55'),
(1890, 2, 'are_you_sure_to_submit?', 'আপনি কি সাবমিট করতে চাচ্ছেন?', '', '2022-06-08 09:13:15', '2022-06-08 09:13:15'),
(1891, 1, 'certificate_creating', 'Certificate Creating', '', '2022-06-08 09:15:08', '2022-06-08 09:15:08'),
(1892, 2, 'certificate_creating', 'সার্টিফিকেট তৈরি হচ্ছে', '', '2022-06-08 09:17:55', '2022-06-08 09:17:55'),
(1893, 1, 'add_to_linkedin_profile', 'Add to linkedin profile', '', '2022-06-08 09:19:12', '2022-06-08 09:19:12'),
(1894, 2, 'add_to_linkedin_profile', 'লিঙ্কডইন প্রোফাইলে যুক্ত করুন', '', '2022-06-08 09:20:04', '2022-06-08 09:20:04'),
(1895, 1, 'none', 'none', '', '2022-06-08 10:52:25', '2022-06-08 10:52:25'),
(1896, 2, 'none', 'নাই', '', '2022-06-08 10:52:45', '2022-06-08 10:52:45'),
(1897, 1, 'related_tutorial', 'Related Tutorials', '', '2022-06-08 10:55:04', '2022-06-08 10:55:04'),
(1898, 2, 'related_tutorial', 'সম্পর্কিত টিউটোরিয়াল', '', '2022-06-08 10:56:01', '2022-06-08 10:56:01'),
(1899, 1, 'muktopaath_articles', 'Muktopaath Articles', '', '2022-06-19 04:49:26', '2022-06-19 04:49:26'),
(1900, 2, 'muktopaath_articles', 'মুক্তপাঠ প্রবন্ধ', '', '2022-06-19 04:50:05', '2022-06-19 04:50:05'),
(1901, 1, 'comment', 'Comment', '', '2022-06-20 09:14:42', '2022-06-20 09:14:42'),
(1902, 2, 'comment', 'কমেন্ট করুন', '', '2022-06-20 09:15:04', '2022-06-20 09:15:04'),
(1903, 1, 'ads', 'Ads', '', '2022-06-22 05:28:23', '2022-06-22 05:28:23'),
(1904, 2, 'ads', 'বিজ্ঞাপন', '', '2022-06-22 05:28:33', '2022-06-22 05:28:33'),
(1905, 1, 'internal-course', 'Internal Course', '', '2022-06-22 05:30:03', '2022-06-22 05:30:03'),
(1906, 2, 'internal-course', 'অভ্যন্তরীণ কোর্স', '', '2022-06-22 05:30:25', '2022-06-22 05:30:25'),
(1907, 1, 'external-course', 'External Course', '', '2022-06-22 05:32:50', '2022-06-22 05:32:50'),
(1908, 2, 'external-course', 'বাহ্যিক কোর্স', '', '2022-06-22 05:33:14', '2022-06-22 05:33:14'),
(1909, 1, 'jobs', 'Jobs', '', '2022-06-22 05:35:07', '2022-06-22 05:35:07'),
(1910, 2, 'jobs', 'চাকরি', '', '2022-06-22 05:35:32', '2022-06-22 05:35:32'),
(1911, 1, 'promotion_manager', 'Promotion Manager', '', '2022-06-22 05:37:18', '2022-06-22 05:37:18'),
(1912, 2, 'promotion_manager', 'প্রমোশন ম্যানেজার', '', '2022-06-22 05:38:10', '2022-06-22 05:38:10'),
(1913, 1, 'articles', 'Articles', '', '2022-06-22 06:44:23', '2022-06-22 06:44:23'),
(1914, 2, 'articles', 'প্রবন্ধ', '', '2022-06-22 06:44:50', '2022-06-22 06:44:50'),
(1915, 1, 'invitation_success', 'invitation', '', '2022-06-23 11:21:04', '2022-06-23 11:21:04'),
(1916, 2, 'invitation_success', 'আমন্ত্রন', '', '2022-06-23 11:21:39', '2022-06-23 11:21:39'),
(1917, 1, 'location', 'Location', '', '2022-06-26 10:25:32', '2022-06-26 10:25:32'),
(1918, 2, 'location', 'স্থান', '', '2022-06-26 10:27:09', '2022-06-26 10:27:09'),
(1919, 1, 'thumbnail', 'Thumbnail Image', '', '2022-06-26 10:29:27', '2022-06-26 10:29:27'),
(1920, 2, 'thumbnail', 'থাম্বনেইল চিত্র', '', '2022-06-26 10:30:00', '2022-06-26 10:30:00'),
(1922, 1, 'Unpublished', 'Unpublished', '', '2022-06-30 06:22:42', '2022-06-30 06:22:42'),
(1923, 2, 'Unpublished', 'অপ্রকাশিত', '', '2022-06-30 06:23:55', '2022-06-30 06:23:55'),
(1924, 1, 'promotion', 'Promotion', '', '2022-06-30 06:24:56', '2022-06-30 06:24:56'),
(1925, 2, 'promotion', 'প্রমোশন', '', '2022-06-30 06:25:08', '2022-06-30 06:25:08'),
(1926, 1, 'skip_for_now', 'Skip for now', '', '2022-06-30 08:08:29', '2022-06-30 08:08:29'),
(1927, 2, 'skip_for_now', 'এগিয়ে যান', '', '2022-06-30 08:08:48', '2022-06-30 08:08:48'),
(1928, 1, 'contact_us', 'Contact Us', '', '2022-07-03 09:39:31', '2022-07-03 09:39:31'),
(1929, 2, 'contact_us', 'যোগাযোগ করুন', '', '2022-07-03 09:39:42', '2022-07-03 09:39:42'),
(1930, 1, 'muktopaath_support_title', 'The medium of communication in the free text support center', '', '2022-07-03 09:43:39', '2022-07-03 09:43:39'),
(1931, 2, 'muktopaath_support_title', 'মুক্তপাঠ সাপোর্ট সেন্টারে যোগাযোগের মাধ্যম ', '', '2022-07-03 09:44:32', '2022-07-03 09:44:32'),
(1932, 1, 'email_send', 'Email', '', '2022-07-03 10:22:02', '2022-07-03 10:22:02'),
(1933, 2, 'email_send', 'ইমেইল করুন', '', '2022-07-03 10:22:12', '2022-07-03 10:22:12'),
(1934, 1, 'support_email', 'support@muktopaath.gov.bd', '', '2022-07-03 10:48:54', '2022-07-03 10:48:54'),
(1935, 2, 'support_email', 'support@muktopaath.gov.bd', '', '2022-07-03 10:49:05', '2022-07-03 10:49:05'),
(1936, 1, 'call', 'Call', '', '2022-07-03 10:55:03', '2022-07-03 10:55:03'),
(1937, 2, 'call', 'কল করুন', '', '2022-07-03 10:55:10', '2022-07-03 10:55:10'),
(1938, 1, 'support_phone', '+8801302879227', '', '2022-07-03 10:55:47', '2022-07-17 08:42:50'),
(1939, 2, 'support_phone', '+৮৮০১৩০২৮৭৯২২৭	', '', '2022-07-03 10:55:53', '2022-07-17 08:42:33'),
(1940, 1, 'a2i_place_desc', 'Access to Information (A2I) program Department of Information and Communication Technology, ICT Tower, Agargaon, Dhaka.', '', '2022-07-04 05:04:28', '2022-07-04 05:04:28'),
(1941, 2, 'a2i_place_desc', 'একসেস টু ইনফরমেশন (এটুআই) প্রোগ্রাম তথ্য ও যোগাযোগ প্রযুক্তি বিভাগ, আইসিটি টাওয়ার, আগারগাঁও, ঢাকা।', '', '2022-07-04 05:04:46', '2022-07-04 05:04:46'),
(1942, 1, 'see_map', 'See Map', '', '2022-07-04 05:16:27', '2022-07-04 05:16:27'),
(1943, 2, 'see_map', 'ম্যাপ দেখুন', '', '2022-07-04 05:17:27', '2022-07-04 05:17:27'),
(1944, 1, 'your_faq_ques', 'Do you have any questions? ', '', '2022-07-04 10:18:04', '2022-07-04 10:22:12'),
(1945, 2, 'your_faq_ques', 'আপনার কি কোন প্রশ্ন আছে?', '', '2022-07-04 10:18:19', '2022-07-04 10:22:23'),
(1946, 1, 'your_faq_ques_ans', 'You will find the answers to all the questions here', '', '2022-07-04 10:23:04', '2022-07-04 10:23:04'),
(1947, 2, 'your_faq_ques_ans', 'সকল প্রশ্নের উত্তর এখানে পেয়ে যাবেন', '', '2022-07-04 10:23:20', '2022-07-04 10:23:20'),
(1948, 1, 'commonly_asked', 'Commonly asked', '', '2022-07-04 10:44:46', '2022-07-04 10:44:46'),
(1949, 2, 'commonly_asked', 'সচরাচর জিজ্ঞাসা', '', '2022-07-04 10:45:12', '2022-07-04 10:45:12'),
(1950, 1, 'about_learner', 'About Learner', '', '2022-07-04 12:07:11', '2022-07-04 12:07:11'),
(1951, 2, 'about_learner', 'লার্নার সম্পর্কে', '', '2022-07-04 12:07:19', '2022-07-04 12:07:19'),
(1952, 1, 'what_is_muktopaath', 'What is muktopaath', '', '2022-07-05 06:13:56', '2022-07-05 06:13:56'),
(1953, 2, 'what_is_muktopaath', 'মুক্তপাঠ আসলে কি? ', '', '2022-07-05 06:14:04', '2022-07-05 06:14:04'),
(1954, 1, 'type_of_muktopaath', 'What kind of activities are conducted in free text?', '', '2022-07-05 07:00:18', '2022-07-05 07:00:18'),
(1955, 2, 'type_of_muktopaath', 'মুক্তপাঠে কি কি ধরণের কার্যক্রম পরিচালনা করা হয়?', '', '2022-07-05 07:00:32', '2022-07-05 07:00:32'),
(1956, 1, 'about_teacher', 'About Teacher', '', '2022-07-05 07:39:59', '2022-07-05 07:39:59'),
(1957, 2, 'about_teacher', 'শিক্ষক সম্পর্কে', '', '2022-07-05 07:40:17', '2022-07-05 07:40:17'),
(1958, 1, 'about_institution', 'About Institution', '', '2022-07-05 07:51:11', '2022-07-05 07:51:11'),
(1959, 2, 'about_institution', 'প্রতিষ্ঠান সম্পর্কে', '', '2022-07-05 07:51:37', '2022-07-05 07:51:37'),
(1960, 1, 'about_contributor', 'About Contributor', '', '2022-07-05 07:52:15', '2022-07-05 07:52:15'),
(1961, 2, 'about_contributor', 'কোর্স কন্ট্রিবিউটর সম্পর্কে', '', '2022-07-05 07:52:33', '2022-07-05 07:52:33'),
(1962, 1, 'see_more', 'See More', '', '2022-07-05 11:31:23', '2022-07-05 11:31:23'),
(1963, 2, 'see_more', 'আরও দেখুন', '', '2022-07-05 11:31:35', '2022-07-05 11:31:35'),
(1964, 1, 'add_info', 'Add Information', '', '2022-07-24 05:52:55', '2022-07-24 05:52:55'),
(1965, 2, 'add_info', 'তথ্য যোগ করুন', '', '2022-07-24 05:53:17', '2022-07-24 05:53:17'),
(1966, 1, 'recommended_course_label', 'Recommended course for you', '', '2022-08-02 09:16:20', '2022-08-02 09:16:20'),
(1967, 2, 'recommended_course_label', 'আপনার জন্য প্রস্তাবিত কোর্স', '', '2022-08-02 09:16:33', '2022-08-02 09:16:33'),
(1968, 1, 'recommended_job_label', 'Recommended job for you', '', '2022-08-02 09:17:45', '2022-08-02 09:17:45'),
(1969, 2, 'recommended_job_label', 'আপনার জন্য প্রস্তাবিত চাকরি', '', '2022-08-02 09:19:17', '2022-08-02 09:19:17'),
(1970, 1, 'api_tutorial', 'API Tutorial', '', '2022-08-03 06:38:26', '2022-08-03 06:38:26'),
(1971, 2, 'api_tutorial', 'এ পি আই টিউটোরিয়াল', '', '2022-08-03 06:39:06', '2022-08-03 06:39:06'),
(1972, 1, 'invite_your_students', 'Invite your students', '', '2022-08-03 07:21:11', '2022-08-03 07:21:11'),
(1973, 2, 'invite_your_students', 'আপনার ছাত্রদের আমন্ত্রণ জানান', '', '2022-08-03 07:21:30', '2022-08-03 07:21:30'),
(1974, 1, 'classroom_is_created', 'Classroom is created', '', '2022-08-03 07:22:56', '2022-08-03 07:22:56'),
(1975, 2, 'classroom_is_created', 'শ্রেণীকক্ষ তৈরি করা হয়', '', '2022-08-03 07:23:14', '2022-08-03 07:23:14'),
(1976, 1, 'another_info', 'Another Info', '', '2022-08-03 10:16:46', '2022-08-03 10:16:46'),
(1977, 2, 'another_info', 'অন্যান্য তথ্যাদি', '', '2022-08-03 10:17:04', '2022-08-03 10:17:04'),
(1978, 1, 'fillup_below_form', 'Complete the form below to create your CV.', '', '2022-08-03 10:32:11', '2022-08-03 10:32:11'),
(1979, 2, 'fillup_below_form', 'আপনার সিভি তৈরি করার জন্য নিচের ফর্মটি সম্পূর্ণ করুন', '', '2022-08-03 10:32:30', '2022-08-03 10:32:30'),
(1980, 1, 'recommended_tutorial_label', 'For improve your course you can follow this tutorials', '', '2022-08-07 06:42:22', '2022-08-07 06:42:22'),
(1981, 2, 'recommended_tutorial_label', 'আপনার কোর্সের উন্নতির জন্য আপনি এই টিউটোরিয়ালগুলি অনুসরণ করতে পারেন', '', '2022-08-07 06:42:27', '2022-08-07 06:42:27'),
(1982, 1, 'recommended_course_admin_label', 'Recommended course for you for improve your course ', '', '2022-08-07 06:44:49', '2022-08-07 06:44:49'),
(1983, 2, 'recommended_course_admin_label', 'আপনার কোর্স উন্নত করার জন্য আপনার জন্য প্রস্তাবিত কোর্স', '', '2022-08-07 06:45:01', '2022-08-07 06:45:01'),
(1984, 1, 'reco_bn', 'Recommendation', '', '2022-08-07 07:04:05', '2022-08-07 07:04:05'),
(1985, 2, 'reco_bn', 'সুপারিশ', '', '2022-08-07 07:04:17', '2022-08-07 07:04:17'),
(1986, 1, 'view_marksheet', 'View Marksheet', '', '2022-08-11 06:51:25', '2022-08-11 06:51:25'),
(1987, 2, 'view_marksheet', 'মার্কশীট দেখুন', '', '2022-08-11 06:55:40', '2022-08-11 06:55:40'),
(1988, 1, 'do_marking', 'Do Marking', '', '2022-08-17 09:44:05', '2022-08-17 09:44:05'),
(1989, 2, 'do_marking', 'মার্কিং করুন', '', '2022-08-17 09:44:25', '2022-08-17 09:44:25'),
(1990, 1, 'your_name', 'Your Name', '', '2022-08-31 03:52:54', '2022-08-31 03:52:54'),
(1991, 2, 'your_name', 'আপনার নাম', '', '2022-08-31 03:53:03', '2022-08-31 03:53:03'),
(1992, 1, 'website_link', 'Website Link', '', '2022-08-31 04:21:54', '2022-08-31 04:21:54'),
(1993, 2, 'website_link', 'ওয়েবসাইট লিংক', '', '2022-08-31 04:22:17', '2022-08-31 04:22:17'),
(1994, 1, 'select_type', 'Select Type', '', '2022-08-31 04:26:23', '2022-08-31 04:26:23'),
(1995, 2, 'select_type', 'প্রকার নির্বাচন করুন', '', '2022-08-31 04:27:38', '2022-08-31 04:27:38'),
(1996, 1, 'about_you', 'About You', '', '2022-08-31 05:09:40', '2022-08-31 05:09:40'),
(1997, 2, 'about_you', 'তোমার সম্পর্কে', '', '2022-08-31 05:09:48', '2022-08-31 05:09:48'),
(1998, 1, 'work_experience', 'Work Experience', '', '2022-08-31 05:13:29', '2022-08-31 05:13:29'),
(1999, 2, 'work_experience', 'কর্মদক্ষতা', '', '2022-08-31 05:13:49', '2022-08-31 05:13:49'),
(2000, 1, 'job_title', 'Job Title', '', '2022-08-31 05:14:22', '2022-08-31 05:14:22'),
(2001, 2, 'job_title', 'কাজের শিরোনাম', '', '2022-08-31 05:14:38', '2022-08-31 05:14:38'),
(2002, 1, 'degree_exam_name', 'Degree/Exam name', '', '2022-08-31 05:22:09', '2022-08-31 05:22:09'),
(2003, 1, 'field_of_study', 'Field of study', '', '2022-08-31 05:28:06', '2022-08-31 05:28:06'),
(2004, 2, 'field_of_study', 'অধ্যয়নের ক্ষেত্র', '', '2022-08-31 05:34:30', '2022-08-31 05:34:30'),
(2005, 1, 'cgpa_or_result', 'Cgpa/Result', '', '2022-08-31 05:35:10', '2022-08-31 05:35:10'),
(2006, 2, 'cgpa_or_result', 'সিজিপিএ/ফলাফল', '', '2022-08-31 05:35:35', '2022-08-31 05:35:35'),
(2007, 1, 'start_year', 'Start Year', '', '2022-08-31 05:38:09', '2022-08-31 05:38:09'),
(2008, 2, 'start_year', 'শুরুর বছর', '', '2022-08-31 05:38:29', '2022-08-31 05:38:29'),
(2009, 2, 'end_year', 'শেষ বছর', '', '2022-08-31 05:40:04', '2022-08-31 05:41:44'),
(2010, 1, 'end_year', 'End Year', '', '2022-08-31 05:40:52', '2022-08-31 05:41:25'),
(2011, 1, 'licence_of_certificate', 'Licence of certificate', '', '2022-08-31 05:44:04', '2022-08-31 05:44:04'),
(2012, 2, 'licence_of_certificate', 'শংসাপত্রের লাইসেন্স', '', '2022-08-31 05:45:13', '2022-08-31 05:45:13'),
(2013, 1, 'licence_or_certificate_name', 'Licence or certification name', '', '2022-08-31 05:49:05', '2022-08-31 05:49:05'),
(2014, 2, 'licence_or_certificate_name', 'লাইসেন্স বা শংসাপত্রের নাম', '', '2022-08-31 05:50:26', '2022-08-31 05:50:26'),
(2015, 1, 'licence_or_certificate', 'Licence or certification', '', '2022-08-31 05:52:20', '2022-08-31 05:52:20'),
(2016, 2, 'licence_or_certificate', 'লাইসেন্স বা শংসাপত্র', '', '2022-08-31 05:52:47', '2022-08-31 05:52:47'),
(2017, 1, 'issue_date', 'Issue Date', '', '2022-08-31 05:53:18', '2022-08-31 05:53:18'),
(2018, 2, 'issue_date', 'প্রদানের তারিখ', '', '2022-08-31 05:53:44', '2022-08-31 05:53:44'),
(2019, 1, 'skill', 'Skill', '', '2022-08-31 06:15:57', '2022-08-31 06:15:57'),
(2020, 2, 'skill', 'দক্ষতা', '', '2022-08-31 06:16:16', '2022-08-31 06:16:16'),
(2021, 1, 'reference', 'References', '', '2022-08-31 06:23:37', '2022-08-31 06:23:37'),
(2022, 2, 'reference', 'তথ্যসূত্র', '', '2022-08-31 06:23:59', '2022-08-31 06:23:59'),
(2023, 2, 'degree_exam_name', 'ডিগ্রি/পরীক্ষার নাম', '', '2022-08-31 06:41:31', '2022-08-31 06:41:31'),
(2024, 1, 'dhaka', 'Dhaka', '', '2022-09-08 09:23:25', '2022-09-08 09:23:25'),
(2025, 2, 'dhaka', 'ঢাকা', '', '2022-09-08 09:23:52', '2022-09-08 09:23:52'),
(2026, 1, 'certificate_list', 'Certificate List', '', '2022-09-19 09:31:31', '2022-09-19 09:31:31'),
(2027, 2, 'certificate_list', 'সার্টিফিকেটের তালিকা', '', '2022-09-19 09:32:10', '2022-09-19 09:34:20'),
(2028, 1, 'certificate_status', 'Certificate Status', '', '2022-09-22 06:40:29', '2022-09-22 06:40:29'),
(2029, 2, 'certificate_status', 'সার্টিফিকেট স্ট্যাটাস', '', '2022-09-22 06:40:49', '2022-09-22 06:40:49'),
(2030, 1, 'enrollment_id', 'Enrollment Id', '', '2022-09-22 06:41:23', '2022-09-22 06:41:23'),
(2031, 2, 'enrollment_id', 'এনরোলমেন্ট  আইডি ', '', '2022-09-22 06:43:05', '2022-09-22 06:43:05'),
(2032, 1, 'taka', 'Taka', '', '2022-09-27 04:20:29', '2022-09-27 04:20:29'),
(2033, 2, 'taka', 'টাকা', '', '2022-09-27 04:20:58', '2022-09-27 04:20:58'),
(2034, 1, 'trainee_transaction_type', 'Trainee transaction type', '', '2022-10-06 05:23:20', '2022-10-06 05:23:20'),
(2035, 2, 'trainee_transaction_type', 'লেনদেনের ধরণ', '', '2022-10-06 05:25:31', '2022-10-06 05:25:31'),
(2036, 1, 'trainee_pay_type', 'Trainee will receive money', '', '2022-10-06 05:27:24', '2022-10-06 05:29:26'),
(2037, 2, 'trainee_pay_type', 'কখন টাকা পাবেন', '', '2022-10-06 05:30:25', '2022-10-06 05:30:25'),
(2038, 1, 'transactions', 'Transactions', '', '2022-10-06 05:48:36', '2022-10-06 05:48:36'),
(2039, 2, 'transactions', 'লেনদেন', '', '2022-10-06 05:48:55', '2022-10-06 05:48:55'),
(2040, 1, 'per_session', 'Per session', '', '2022-10-06 06:24:57', '2022-10-06 06:24:57'),
(2041, 2, 'per_session', 'প্রতি সেশন', '', '2022-10-06 06:25:14', '2022-10-06 06:25:14'),
(2042, 1, 'full_training', 'Full training', '', '2022-10-06 06:26:05', '2022-10-06 06:26:05'),
(2043, 2, 'full_training', 'পুরো ট্রেনিং (এককালীন)', '', '2022-10-06 06:26:33', '2022-10-06 06:26:33'),
(2044, 1, 'payable', 'Will pay', '', '2022-10-06 06:51:38', '2022-10-06 06:51:38'),
(2045, 2, 'payable', 'টাকা প্রদান করবে', '', '2022-10-06 06:52:31', '2022-10-06 06:52:31'),
(2046, 1, 'take', 'will receive money', '', '2022-10-06 06:52:47', '2022-10-06 06:52:47'),
(2047, 2, 'take', 'টাকা গ্রহণ হবে', '', '2022-10-06 06:53:50', '2022-10-06 06:53:50'),
(2048, 1, 'trainee_transaction', 'Trainee transaction Information', '', '2022-10-06 06:56:18', '2022-10-06 06:56:18'),
(2049, 2, 'trainee_transaction', 'প্রশিক্ষণার্থীর লেনদেন সংক্রান্ত তথ্য', '', '2022-10-06 06:56:37', '2022-10-06 07:00:59'),
(2050, 1, 'trainer_transaction', 'Trainer Transaction information', '', '2022-10-06 07:05:00', '2022-10-06 07:05:00'),
(2051, 2, 'trainer_transaction', 'প্রশিক্ষকের লেনদেন সংক্রান্ত তথ্য', '', '2022-10-06 07:05:05', '2022-10-06 07:05:05'),
(2052, 1, 'trainer_transaction_type', 'Trainer transaction type', '', '2022-10-06 07:06:10', '2022-10-06 07:06:10'),
(2053, 2, 'trainer_transaction_type', 'লেনদেনের তথ্য', '', '2022-10-06 07:07:10', '2022-10-06 07:07:10'),
(2054, 1, 'pay', 'Pay', '', '2022-10-11 04:33:01', '2022-10-11 04:33:01'),
(2055, 2, 'pay', 'পে করুন', '', '2022-10-11 04:35:06', '2022-10-11 04:35:06'),
(2056, 1, 'pay_all', 'Pay All', '', '2022-10-11 06:51:15', '2022-10-11 06:51:15'),
(2057, 2, 'pay_all', 'সকলকে পে করুন', '', '2022-10-11 06:53:05', '2022-10-11 06:53:05'),
(2058, 1, 'unpay', 'Reback status to unpay.?', '', '2022-10-13 08:55:40', '2022-10-13 08:55:40'),
(2059, 2, 'unpay', 'পুর্বের অবস্থানে ফিরিয়ে নিতে চান ?', '', '2022-10-13 08:58:51', '2022-10-13 09:20:20');

-- --------------------------------------------------------

--
-- Table structure for table `migrations`
--

CREATE TABLE `migrations` (
  `id` int(10) UNSIGNED NOT NULL,
  `migration` varchar(255) COLLATE utf8_unicode_ci NOT NULL,
  `batch` int(11) NOT NULL
) ENGINE=InnoDB DEFAULT CHARSET=utf8 COLLATE=utf8_unicode_ci;

--
-- Dumping data for table `migrations`
--

INSERT INTO `migrations` (`id`, `migration`, `batch`) VALUES
(1, '2021_05_23_185940_create_partner_categories_table', 1),
(2, '2021_05_23_190421_create_questions_table', 1),
(3, '2021_05_31_042347_create_tests_table', 1),
(4, '2021_06_10_070804_create_education_levels_table', 2),
(5, '2021_06_10_073203_create_degrees_table', 3),
(6, '2021_06_10_091335_create_professions_table', 4),
(7, '2021_06_10_092932_create_working_fields_table', 5);

-- --------------------------------------------------------

--
-- Table structure for table `muktopaath`
--

CREATE TABLE `muktopaath` (
  `id` int(11) NOT NULL,
  `title` text COLLATE utf8_unicode_ci NOT NULL,
  `tags` varchar(32) COLLATE utf8_unicode_ci NOT NULL
) ENGINE=InnoDB DEFAULT CHARSET=utf8 COLLATE=utf8_unicode_ci;

--
-- Dumping data for table `muktopaath`
--

INSERT INTO `muktopaath` (`id`, `title`, `tags`) VALUES
(1, 'Introduction to MySQL', 'MySQL'),
(2, 'Introduction to Solr', 'Solr');

-- --------------------------------------------------------

--
-- Table structure for table `packages`
--

CREATE TABLE `packages` (
  `id` bigint(20) UNSIGNED NOT NULL,
  `product_id` bigint(20) UNSIGNED NOT NULL,
  `title` varchar(255) COLLATE utf8_unicode_ci NOT NULL,
  `file_id` int(11) DEFAULT NULL,
  `summary` text COLLATE utf8_unicode_ci DEFAULT NULL,
  `details` text COLLATE utf8_unicode_ci DEFAULT NULL,
  `features` text COLLATE utf8_unicode_ci DEFAULT NULL,
  `package_type` varchar(255) COLLATE utf8_unicode_ci DEFAULT NULL,
  `user_limit` int(11) DEFAULT NULL,
  `product_limit` int(11) DEFAULT NULL,
  `type` varchar(255) COLLATE utf8_unicode_ci DEFAULT NULL,
  `price_type` varchar(255) COLLATE utf8_unicode_ci DEFAULT NULL,
  `price` double DEFAULT NULL,
  `created_at` timestamp NULL DEFAULT NULL,
  `updated_at` timestamp NULL DEFAULT NULL
) ENGINE=InnoDB DEFAULT CHARSET=utf8 COLLATE=utf8_unicode_ci;

--
-- Dumping data for table `packages`
--

INSERT INTO `packages` (`id`, `product_id`, `title`, `file_id`, `summary`, `details`, `features`, `package_type`, `user_limit`, `product_limit`, `type`, `price_type`, `price`, `created_at`, `updated_at`) VALUES
(1, 1, 'Mega classroom package', 1, '\"\"', '', '\"\"', '', 1000, 100, 'mm', '', 0, '2022-06-07 05:15:50', '2022-06-22 05:53:11'),
(3, 1, 'Mega package extra', 1, '\"\"', '', '\"\"', '', 1000, 100, 'mm', '', 0, '2022-06-22 05:53:04', '2022-06-22 05:53:04');

-- --------------------------------------------------------

--
-- Table structure for table `package_bills`
--

CREATE TABLE `package_bills` (
  `id` bigint(20) UNSIGNED NOT NULL,
  `invoice_no` varchar(255) COLLATE utf8_unicode_ci DEFAULT NULL,
  `package_id` bigint(20) UNSIGNED DEFAULT NULL,
  `owner_id` bigint(20) UNSIGNED DEFAULT NULL,
  `month` datetime DEFAULT NULL,
  `amount` double NOT NULL,
  `payment_status` tinyint(4) NOT NULL DEFAULT 0,
  `payment_date` datetime DEFAULT NULL,
  `created_at` timestamp NULL DEFAULT NULL,
  `updated_at` timestamp NULL DEFAULT NULL
) ENGINE=InnoDB DEFAULT CHARSET=utf8 COLLATE=utf8_unicode_ci;

--
-- Dumping data for table `package_bills`
--

INSERT INTO `package_bills` (`id`, `invoice_no`, `package_id`, `owner_id`, `month`, `amount`, `payment_status`, `payment_date`, `created_at`, `updated_at`) VALUES
(1, '00000001', 1, NULL, '2022-06-07 11:15:50', 100, 1, '2022-06-22 11:54:26', '2022-06-07 23:16:39', '2022-06-22 05:54:26'),
(2, '00000002', 1, NULL, '2022-06-07 11:15:50', 100, 0, NULL, '2022-06-22 05:54:11', '2022-06-22 05:54:11');

-- --------------------------------------------------------

--
-- Table structure for table `products`
--

CREATE TABLE `products` (
  `id` bigint(20) UNSIGNED NOT NULL,
  `title` varchar(255) COLLATE utf8_unicode_ci NOT NULL,
  `summary` varchar(255) COLLATE utf8_unicode_ci NOT NULL,
  `file_id` int(11) DEFAULT NULL,
  `created_at` timestamp NULL DEFAULT NULL,
  `updated_at` timestamp NULL DEFAULT NULL
) ENGINE=InnoDB DEFAULT CHARSET=utf8 COLLATE=utf8_unicode_ci;

--
-- Dumping data for table `products`
--

INSERT INTO `products` (`id`, `title`, `summary`, `file_id`, `created_at`, `updated_at`) VALUES
(1, 'Class Room', '\"\"', 1, NULL, '2022-06-07 04:31:37'),
(3, 'Course', '\"\"', 8, '2022-06-07 03:12:29', '2022-06-07 03:12:29'),
(4, 'Course', '\"\"', 8, '2022-06-07 03:12:56', '2022-06-07 03:12:56'),
(5, 'Course', '\"\"', 8, '2022-06-07 03:13:08', '2022-06-07 03:13:08'),
(6, 'Course', '\"\"', 8, '2022-06-07 03:14:15', '2022-06-07 03:14:15'),
(7, 'Course', '\"\"', 8, '2022-06-07 03:14:40', '2022-06-07 03:14:40'),
(8, 'Course', '\"\"', 1, '2022-06-07 03:19:28', '2022-06-07 03:19:28'),
(9, 'Course', '\"\"', 1, '2022-06-07 03:20:45', '2022-06-07 03:20:45'),
(10, 'Course', '\"\"', 1, '2022-06-07 03:21:18', '2022-06-07 03:21:18'),
(11, 'Course', '\"\"', 1, '2022-06-07 03:23:41', '2022-06-07 03:23:41'),
(12, 'Course', '\"\"', 1, '2022-06-22 05:52:07', '2022-06-22 05:52:07'),
(13, 'Course', '\"\"', 1, '2022-06-26 06:15:55', '2022-06-26 06:15:55'),
(14, 'bhag bhag bhag', '\"\"', 1, '2022-06-26 06:16:26', '2022-06-26 06:16:26'),
(15, 'bhag bhag bhag', '\"\"', 14, '2022-06-26 06:18:47', '2022-06-26 06:18:47'),
(16, 'bhag bhag bhag', '\"\"', 14, '2022-06-26 06:25:55', '2022-06-26 06:25:55'),
(17, 'bhag bhag bhag', '\"\"', 14, '2022-06-26 06:26:12', '2022-06-26 06:26:12'),
(18, 'bhag bhag bhag', '\"\"', 14, '2022-06-26 06:26:49', '2022-06-26 06:26:49');

-- --------------------------------------------------------

--
-- Table structure for table `professions`
--

CREATE TABLE `professions` (
  `id` int(10) UNSIGNED NOT NULL,
  `title` varchar(191) COLLATE utf8mb4_unicode_ci NOT NULL,
  `bn_title` varchar(191) COLLATE utf8mb4_unicode_ci NOT NULL,
  `status` varchar(191) COLLATE utf8mb4_unicode_ci DEFAULT NULL,
  `order_number` int(11) DEFAULT NULL,
  `created_by` int(10) UNSIGNED DEFAULT NULL,
  `updated_by` int(10) UNSIGNED DEFAULT NULL,
  `created_at` timestamp NULL DEFAULT NULL,
  `updated_at` timestamp NULL DEFAULT NULL
) ENGINE=InnoDB DEFAULT CHARSET=utf8mb4 COLLATE=utf8mb4_unicode_ci;

--
-- Dumping data for table `professions`
--

INSERT INTO `professions` (`id`, `title`, `bn_title`, `status`, `order_number`, `created_by`, `updated_by`, `created_at`, `updated_at`) VALUES
(1, 'Teacher', 'শিক্ষকতা', '1', 1, NULL, NULL, '2019-03-18 11:29:02', '2019-07-26 07:10:00'),
(2, 'Student', 'শিক্ষার্থী', '1', 2, NULL, NULL, '2019-03-18 11:29:34', '2019-07-26 06:37:51'),
(4, 'Unemployed', 'বেকার', '0', 3, NULL, NULL, '2019-03-18 11:30:16', '2019-09-25 00:35:32'),
(5, 'Banker', 'ব্যাংকার', '1', 4, NULL, NULL, '2019-03-18 11:31:09', '2019-07-26 06:38:06'),
(6, 'Doctor', 'ডাক্তার', '1', 5, NULL, NULL, '2019-03-18 11:31:38', '2019-07-26 06:38:14'),
(7, 'Lawyer', 'আইনজীবী', '1', 9, NULL, NULL, '2019-03-31 03:58:47', '2020-03-30 00:46:40'),
(8, 'Journalist', 'সাংবাদিক', '1', 9, NULL, NULL, '2019-04-03 06:19:45', '2020-03-30 00:47:38'),
(9, 'Businessman', 'ব্যবসায়ী', '1', 8, NULL, NULL, '2019-05-03 01:49:44', '2019-07-26 06:38:35'),
(10, 'Self-employment', 'আত্মকর্মসংস্থান', '1', 17, NULL, NULL, '2019-05-16 07:08:38', '2020-03-30 00:50:44'),
(11, 'Government Employees', 'সরকারি চাকুরিজীবি', '1', 10, NULL, NULL, '2019-05-16 07:09:46', '2019-07-26 06:38:47'),
(12, 'Non-Government Employees', 'বেসরকারি চাকুরিজীবি', '1', 11, NULL, NULL, '2019-05-16 07:13:34', '2019-08-19 01:53:03'),
(13, 'Retired', 'অবসরপ্রাপ্ত', '1', 12, NULL, NULL, '2019-05-16 07:15:52', '2019-07-26 06:39:07'),
(14, 'Housewife', 'গৃহিণী', '1', 13, NULL, NULL, '2019-05-16 07:17:22', '2019-07-26 06:39:15'),
(15, 'Engineer', 'প্রকৌশলী', '1', 14, NULL, NULL, '2019-05-16 07:18:38', '2019-07-26 06:39:21'),
(16, 'Paid Employee', 'বেতনভুক্ত কর্মচারী', '0', 15, NULL, NULL, '2019-06-26 14:00:00', '2019-09-25 00:37:31'),
(18, 'Senior Staff Nurse/Staff Nurse', 'সিনিয়র স্টাফ নার্স/ স্টাফ নার্স', '1', 6, NULL, NULL, '2020-03-30 00:43:17', '2020-03-30 00:44:56'),
(19, 'Midwife', 'মিডওয়াইফ', '1', 7, NULL, NULL, '2020-03-30 00:46:09', '2020-03-30 00:46:09'),
(20, 'Health Worker', 'স্বাস্থ্যকর্মী', '1', 19, NULL, NULL, '2020-04-05 21:46:07', '2020-04-07 15:27:47'),
(21, 'Other\'s', 'অন্যান্য', '1', 18, NULL, NULL, '2019-07-10 03:18:50', '2020-03-30 00:49:10');

-- --------------------------------------------------------

--
-- Table structure for table `sliders`
--

CREATE TABLE `sliders` (
  `id` int(10) UNSIGNED NOT NULL,
  `title` varchar(255) COLLATE utf8_unicode_ci DEFAULT NULL,
  `button_text` varchar(255) COLLATE utf8_unicode_ci DEFAULT NULL,
  `button_url` varchar(255) COLLATE utf8_unicode_ci DEFAULT NULL,
  `bn_title` varchar(255) COLLATE utf8_unicode_ci DEFAULT NULL,
  `url` varchar(255) COLLATE utf8_unicode_ci DEFAULT NULL,
  `description` longtext COLLATE utf8_unicode_ci DEFAULT NULL,
  `content_id` int(10) UNSIGNED DEFAULT NULL,
  `created_by` int(11) DEFAULT NULL,
  `updated_by` int(11) DEFAULT NULL,
  `created_at` timestamp NULL DEFAULT NULL,
  `updated_at` timestamp NULL DEFAULT NULL
) ENGINE=InnoDB DEFAULT CHARSET=utf8 COLLATE=utf8_unicode_ci;

--
-- Dumping data for table `sliders`
--

INSERT INTO `sliders` (`id`, `title`, `button_text`, `button_url`, `bn_title`, `url`, `description`, `content_id`, `created_by`, `updated_by`, `created_at`, `updated_at`) VALUES
(2, 'test', NULL, NULL, NULL, 'https:www.muktopaath.gov.bd', NULL, 2, NULL, NULL, '2021-12-26 01:06:56', '2021-12-26 01:06:56'),
(4, 'cricket', NULL, NULL, NULL, 'https://www.muktopaath.gov.bd', 'My favourite game.', 1, NULL, NULL, '2022-01-17 05:28:44', '2022-01-17 05:28:44'),
(5, 'sdfdfdf', 'sdf', 'https://www.muktopaath.gov.bd', 'sciences', 'https://www.muktopaath.gov.bd', 'sdf', 145, NULL, NULL, '2022-03-08 04:42:20', '2022-03-08 04:42:20');

-- --------------------------------------------------------

--
-- Table structure for table `tags`
--

CREATE TABLE `tags` (
  `id` int(10) UNSIGNED NOT NULL,
  `title` varchar(191) COLLATE utf8mb4_unicode_ci NOT NULL,
  `type` tinyint(4) DEFAULT NULL,
  `created_at` timestamp NULL DEFAULT NULL,
  `updated_at` timestamp NULL DEFAULT NULL
) ENGINE=InnoDB DEFAULT CHARSET=utf8mb4 COLLATE=utf8mb4_unicode_ci;

--
-- Dumping data for table `tags`
--

INSERT INTO `tags` (`id`, `title`, `type`, `created_at`, `updated_at`) VALUES
(1, 'Java', 1, '2002-03-27 21:31:58', '2009-04-12 17:50:57'),
(2, 'Web Development', 1, '2015-10-03 11:22:37', '1990-02-24 11:47:38'),
(3, 'PHP', 1, '1971-06-04 08:25:07', '1994-04-06 08:59:28'),
(4, 'Laravel', 1, '1975-05-09 04:49:28', '1984-03-25 16:03:38'),
(5, 'Vue Js', 1, '2018-06-18 22:02:12', '1971-10-21 19:56:43'),
(6, 'সৃজনশীল প্রশ্নের উত্তরপত্র', 1, '2019-04-29 20:17:47', '2019-04-29 20:17:47'),
(7, 'বাংলাদেশ ও বিশ্ব পরিচয়', 1, '2019-04-29 20:17:47', '2019-04-29 20:17:47'),
(8, 'education', 1, '2019-04-29 20:38:18', '2019-04-29 20:38:18'),
(12, 'Future Education', 1, '2019-04-30 16:40:48', '2019-04-30 16:40:48'),
(13, 'Jaago', 1, '2019-05-15 20:25:45', '2019-05-15 20:25:45'),
(14, 'teacher', 1, '2019-05-15 20:25:45', '2019-05-15 20:25:45'),
(15, 'Class Room Management', 1, '2019-05-18 16:17:37', '2019-05-18 16:17:37'),
(19, 'ডিজিটাল নিরাপত্তা', 1, '2019-05-29 16:29:40', '2019-05-29 16:29:40'),
(20, 'abc', 1, '2019-06-17 20:46:15', '2019-06-17 20:46:15'),
(21, 'Raises', 1, '2019-06-17 20:53:58', '2019-06-17 20:53:58'),
(22, 'Raised bed', 1, '2019-06-17 20:53:58', '2019-06-17 20:53:58'),
(23, 'Ofiice Management', 1, '2019-06-17 20:54:09', '2019-06-17 20:54:09'),
(24, 'Office Skills', 1, '2019-06-17 20:54:09', '2019-06-17 20:54:09'),
(25, 'office', 1, '2019-06-17 20:54:09', '2019-06-17 20:54:09'),
(26, 'Basic SEO', 1, '2019-07-01 17:40:57', '2019-07-01 17:40:57'),
(27, 'Basic English', 1, '2019-07-05 16:55:32', '2019-07-05 16:55:32'),
(28, 'বিনিয়োগের প্রাথমিক ধারণা', 1, '2019-07-06 18:35:22', '2019-07-06 18:35:22'),
(29, 'Basic Investor Day Long Program', 1, '2019-07-06 18:35:22', '2019-07-06 18:35:22'),
(30, 'Share Market', 1, '2019-07-06 18:35:22', '2019-07-06 18:35:22'),
(31, 'SEO', 1, '2019-07-06 18:36:36', '2019-07-06 18:36:36'),
(32, 'পঞ্চবার্ষিক পরিকল্পনা', 1, '2019-07-06 18:40:37', '2019-07-06 18:40:37'),
(33, 'পরিকল্পনা', 1, '2019-07-06 18:40:37', '2019-07-06 18:40:37'),
(34, 'পঞ্চবার্ষিকী', 1, '2019-07-06 18:40:37', '2019-07-06 18:40:37'),
(35, '5 years Plan', 1, '2019-07-06 18:40:37', '2019-07-06 18:40:37'),
(36, 'UP Plan', 1, '2019-07-06 18:40:37', '2019-07-06 18:40:37'),
(37, 'Union Parishad', 1, '2019-07-06 18:40:37', '2019-07-06 18:40:37'),
(38, 'ইউনিয়ন পরিষদ পরিকল্পনা', 1, '2019-07-06 18:40:37', '2019-07-06 18:40:37'),
(39, 'পরিকল্পনা প্রণয়ন', 1, '2019-07-06 18:40:37', '2019-07-06 18:40:37'),
(42, 'Gender', 1, '2019-07-06 19:10:25', '2019-07-06 19:10:25'),
(43, 'Equality', 1, '2019-07-06 19:10:26', '2019-07-06 19:10:26'),
(44, 'Basic Journalism', 1, '2019-07-06 19:12:31', '2019-07-06 19:12:31'),
(45, 'ঋণ বিতরণ ও আদায়', 1, '2019-07-06 20:29:38', '2019-07-06 20:29:38'),
(46, 'কেবি', 1, '2019-07-07 13:43:29', '2019-07-07 13:43:29'),
(47, 'কাগজপত্র', 1, '2019-07-07 13:43:29', '2019-07-07 13:43:29'),
(48, 'creative question bangla', 1, '2019-07-07 15:23:25', '2019-07-07 15:23:25'),
(49, 'bangla', 1, '2019-07-07 15:23:25', '2019-07-07 15:23:25'),
(50, 'assessment of bangla', 1, '2019-07-07 15:23:25', '2019-07-07 15:23:25'),
(51, 'টিসিভি', 1, '2019-07-18 21:07:45', '2019-07-18 21:07:45'),
(52, 'গবেষণা', 1, '2019-07-18 21:07:45', '2019-07-18 21:07:45'),
(53, 'টিসিভি গবেষণা', 1, '2019-07-18 21:07:45', '2019-07-18 21:07:45'),
(54, 'টিসিভি গবেষণা কোর্স', 1, '2019-07-18 21:07:45', '2019-07-18 21:07:45'),
(55, 'গবেষণা কোর্স', 1, '2019-07-18 21:07:45', '2019-07-18 21:07:45'),
(56, 'টিসিভি কোর্স', 1, '2019-07-18 21:07:45', '2019-07-18 21:07:45'),
(57, 'world', 1, '2019-07-21 18:15:03', '2019-07-21 18:15:03'),
(58, 'পড়তে শেখার নির্দেশনা', 1, '2019-08-01 15:45:41', '2019-08-01 15:45:41'),
(59, 'Reading Instruction', 1, '2019-08-01 15:45:41', '2019-08-01 15:45:41'),
(60, 'সঠিকভাবে পড়তে শেখা', 1, '2019-08-04 17:10:08', '2019-08-04 17:10:08'),
(61, 'Supplemantery Reading Materials Development', 1, '2019-08-04 17:10:08', '2019-08-04 17:10:08'),
(62, 'জেন্ডার সংবেদনশীলতা', 1, '2019-08-23 16:18:59', '2019-08-23 16:18:59'),
(63, 'জেন্ডার রেসপনসিভ', 1, '2019-08-23 16:18:59', '2019-08-23 16:18:59'),
(64, 'জেন্ডার রেসপনসিভ পরিবেশ উন্নয়ন', 1, '2019-08-23 16:18:59', '2019-08-23 16:18:59'),
(65, 'জেন্ডার সংবেদনশীলতা ও জেন্ডার রেসপনসিভ পরিবেশ উন্নয়ন', 1, '2019-08-23 16:18:59', '2019-08-23 16:18:59'),
(66, 'জেন্ডার এবং সেক্স', 1, '2019-08-23 16:41:44', '2019-08-23 16:41:44'),
(67, 'agriculture', 1, '2019-08-25 16:38:40', '2019-08-25 16:38:40'),
(68, 'পুকুরে মিশ্র মাছ চাষের কৌশল', 1, '2019-08-25 16:38:40', '2019-08-25 16:38:40'),
(69, 'cyber', 1, '2019-08-25 16:43:00', '2019-08-25 16:43:00'),
(70, 'সাইবার সিকিউরিটি', 1, '2019-09-04 12:10:36', '2019-09-04 12:10:36'),
(71, 'Digital Security', 1, '2019-09-04 12:10:36', '2019-09-04 12:10:36'),
(72, 'Cyber Security', 1, '2019-09-04 12:10:36', '2019-09-04 12:10:36'),
(75, 'lkasdaj', 1, '2019-09-04 17:37:33', '2019-09-04 17:37:33'),
(76, 'ডিজিটাল', 1, '2019-09-07 02:28:09', '2019-09-07 02:28:09'),
(77, 'নিরাপত্তা', 1, '2019-09-07 02:28:09', '2019-09-07 02:28:09'),
(78, 'Digital', 1, '2019-09-07 02:28:09', '2019-09-07 02:28:09'),
(79, 'Security', 1, '2019-09-07 02:28:09', '2019-09-07 02:28:09'),
(80, 'সমস্যা সমাধানভিত্তিক শিখন ও গাঠনিক মূল্যায়ন', 1, '2019-09-07 12:51:35', '2019-09-07 12:51:35'),
(81, 'Problem-based Learning and Formative Assessment', 1, '2019-09-07 12:51:35', '2019-09-07 12:51:35'),
(82, 'ইনহাউস ট্রেনিং', 1, '2019-09-09 14:40:33', '2019-09-09 14:40:33'),
(83, 'NATA', 1, '2019-09-09 16:33:24', '2019-09-09 16:33:24'),
(84, 'Eco Friendly Plant protection', 1, '2019-09-09 16:33:24', '2019-09-09 16:33:24'),
(85, 'পরিবেশ বান্ধব উপায়ে ফসল সুরক্ষা', 1, '2019-09-09 16:33:24', '2019-09-09 16:33:24'),
(86, 'নাটা', 1, '2019-09-09 16:33:24', '2019-09-09 16:33:24'),
(87, 'পরিবেশ', 1, '2019-09-10 11:11:22', '2019-09-10 11:11:22'),
(88, 'পরিবেশ সংক্রান্ত', 1, '2019-09-10 11:20:13', '2019-09-10 11:20:13'),
(89, 'Digital Platform in education', 1, '2019-09-10 17:31:44', '2019-09-10 17:31:44'),
(90, 'মেট্রোপলিটন ,', 1, '2019-09-10 19:34:39', '2019-09-10 19:34:39'),
(91, 'মেশিন রিডেবল পাসপোর্টের', 1, '2019-09-10 19:34:39', '2019-09-10 19:34:39'),
(92, 'a2i photography clas', 1, '2019-09-10 19:40:56', '2019-09-10 19:40:56'),
(93, 'এটুআই ফটোগ্রাফী ক্লাব', 1, '2019-09-10 19:40:56', '2019-09-10 19:40:56'),
(94, 'সার্টিফিকেট গ্রহণ', 1, '2019-09-10 19:40:56', '2019-09-10 19:40:56'),
(95, 'স্বাস্থ্য কথন', 1, '2019-09-12 19:20:07', '2019-09-12 19:20:07'),
(96, 'বঙ্গবন্ধু, জাতির পিতা', 1, '2019-09-13 16:17:02', '2019-09-13 16:17:02'),
(97, 'মুক্তপাঠ উপস্থাপনকারী সহৃদয়বানদের ধন্যবাদ।', 1, '2019-09-15 00:00:52', '2019-09-15 00:00:52'),
(98, 'Digital Security Course', 1, '2019-09-16 11:37:42', '2019-09-16 11:37:42'),
(99, 'ফ্রিতে SEO শিখুন', 1, '2019-09-16 23:34:21', '2019-09-16 23:34:21'),
(100, '৩৯তম', 1, '2019-09-18 16:37:15', '2019-09-18 16:37:15'),
(101, 'বিসিএস', 1, '2019-09-18 16:37:15', '2019-09-18 16:37:15'),
(102, 'স্বাস্থ্য', 1, '2019-09-18 16:37:15', '2019-09-18 16:37:15'),
(103, 'পারিবার', 1, '2019-09-19 12:38:01', '2019-09-19 12:38:01'),
(104, 'পারিবারিক সম্পর্ক', 1, '2019-09-19 12:38:01', '2019-09-19 12:38:01'),
(105, 'মোবাইল', 1, '2019-09-19 17:15:08', '2019-09-19 17:15:08'),
(106, 'কোর্ট', 1, '2019-09-19 17:15:08', '2019-09-19 17:15:08'),
(107, 'পরিচালনা', 1, '2019-09-19 17:15:08', '2019-09-19 17:15:08'),
(108, 'মোবাইল কোর্ট পরিচালনা বিষয়ক কোর্স', 1, '2019-09-19 17:15:08', '2019-09-19 17:15:08'),
(109, 'Mobile', 1, '2019-09-19 17:15:08', '2019-09-19 17:15:08'),
(110, 'Mobile court', 1, '2019-09-19 17:15:08', '2019-09-19 17:15:08'),
(111, 'court', 1, '2019-09-19 17:15:08', '2019-09-19 17:15:08'),
(114, 'গবেষক', 1, '2019-09-22 23:00:52', '2019-09-22 23:00:52'),
(115, 'Research', 1, '2019-09-22 23:00:52', '2019-09-22 23:00:52'),
(116, 'Education,', 1, '2019-09-22 23:00:52', '2019-09-22 23:00:52'),
(117, 'Amiri', 1, '2019-09-22 23:00:52', '2019-09-22 23:00:52'),
(118, 'শিক্ষক বাতায়ন ও mmc এর সহজ ব্যাবহার', 1, '2019-09-24 16:55:43', '2019-09-24 16:55:43'),
(119, 'মুক্তপাঠে প্রশিক্ষণ গ্রহণ', 1, '2019-09-24 16:55:43', '2019-09-24 16:55:43'),
(120, 'সৃজনশীল', 1, '2019-09-25 16:02:57', '2019-09-25 16:02:57'),
(121, 'পদার্থবিজ্ঞান', 1, '2019-09-25 16:02:57', '2019-09-25 16:02:57'),
(122, 'বঙ্গবন্ধু শেখ মুজিবুর রহমান', 1, '2019-09-25 21:25:05', '2019-09-25 21:25:05'),
(123, 'BCS', 1, '2019-09-26 11:15:09', '2019-09-26 11:15:09'),
(124, '39th', 1, '2019-09-26 11:15:09', '2019-09-26 11:15:09'),
(125, '39th BCS', 1, '2019-09-26 11:15:09', '2019-09-26 11:15:09'),
(126, 'Health', 1, '2019-09-26 11:15:09', '2019-09-26 11:15:09'),
(127, 'fefe', 1, '2019-09-26 15:43:00', '2019-09-26 15:43:00'),
(128, 'জেলা শ্রেষ্ঠ শ্রেণি শিক্ষক, যশোর', 1, '2019-09-28 20:16:36', '2019-09-28 20:16:36'),
(129, 'Numeracy Boost', 1, '2019-09-29 13:27:14', '2019-09-29 13:27:14'),
(130, 'Online Training Course', 1, '2019-09-29 13:27:14', '2019-09-29 13:27:14'),
(131, 'মনের জানালা', 1, '2019-09-30 12:58:26', '2019-09-30 12:58:26'),
(132, 'ট্রাবলশ্যুটিং', 1, '2019-09-30 18:20:41', '2019-09-30 18:20:41'),
(133, 'ট্রাবলশ্যুটিং৩', 1, '2019-10-01 10:25:26', '2019-10-01 10:25:26'),
(134, 'ট্রাবলশ্যুটিং২', 1, '2019-10-01 11:16:12', '2019-10-01 11:16:12'),
(140, 'ট্রাবলশ্যুটিং ৪', 1, '2019-10-01 13:41:34', '2019-10-01 13:41:34'),
(141, 'ট্রাবলশ্যুটিং ৫', 1, '2019-10-01 18:43:36', '2019-10-01 18:43:36'),
(142, 'bangladesh Scouts', 1, '2019-10-02 01:53:30', '2019-10-02 01:53:30'),
(143, 'তোপধ্বনি', 1, '2019-10-02 15:33:13', '2019-10-02 15:33:13'),
(144, 'গরু মোটাতাজাকরণ', 1, '2019-10-02 15:46:04', '2019-10-02 15:46:04'),
(145, 'স্বল্প পুঁজিতে কোয়েল পালন', 1, '2019-10-02 17:27:47', '2019-10-02 17:27:47'),
(146, 'মাল্টিমিডিয়া কনটেন্ট তৈরি', 1, '2019-10-03 12:46:12', '2019-10-03 12:46:12'),
(147, 'MMCD', 1, '2019-10-03 12:46:12', '2019-10-03 12:46:12'),
(148, 'গণিত', 1, '2019-10-07 16:06:40', '2019-10-07 16:06:40'),
(150, 'প্রোজেক্ট ভালো ছেলে', 1, '2019-10-07 22:33:04', '2019-10-07 22:33:04'),
(151, 'বাউবি', 1, '2019-10-08 22:07:26', '2019-10-08 22:07:26'),
(152, 'বিএড', 1, '2019-10-08 22:07:26', '2019-10-08 22:07:26'),
(153, 'Classroom Leadership', 1, '2019-10-09 12:48:55', '2019-10-09 12:48:55'),
(154, 'Presentations Skills', 1, '2019-10-09 14:28:51', '2019-10-09 14:28:51'),
(155, 'Communication Skills', 1, '2019-10-09 16:19:17', '2019-10-09 16:19:17'),
(159, 'h', 1, '2019-10-10 17:12:12', '2019-10-10 17:12:12'),
(160, 'মাহফুজুল আলম নমির', 1, '2019-10-11 00:31:09', '2019-10-11 00:31:09'),
(161, 'word', 1, '2019-10-11 13:07:31', '2019-10-11 13:07:31'),
(162, 'ইন্টারনেট', 1, '2019-10-11 22:21:36', '2019-10-11 22:21:36'),
(163, 'ই-নলেজ', 1, '2019-10-11 22:21:36', '2019-10-11 22:21:36'),
(164, 'প্রশ্ন ও উত্তর', 1, '2019-10-11 22:21:36', '2019-10-11 22:21:36'),
(165, 'জ্ঞান শেয়ারিং', 1, '2019-10-11 22:21:36', '2019-10-11 22:21:36'),
(166, 'General Administration and Financial Management Certificate Course', 1, '2019-10-13 15:58:33', '2019-10-13 15:58:33'),
(167, 'facebook', 1, '2019-10-14 02:40:27', '2019-10-14 02:40:27'),
(168, 'personal development', 1, '2019-10-15 22:37:08', '2019-10-15 22:37:08'),
(169, 'SDG', 1, '2019-10-17 09:45:21', '2019-10-17 09:45:21'),
(170, 'এসডিজি', 1, '2019-10-17 09:45:21', '2019-10-17 09:45:21'),
(171, 'টেকসই উন্নয়ন অভীষ্ট', 1, '2019-10-17 09:45:21', '2019-10-17 09:45:21'),
(172, 'ইসলাম ও নারী', 1, '2019-10-17 14:57:29', '2019-10-17 14:57:29'),
(173, 'আমলে সালেহ', 1, '2019-10-17 15:08:16', '2019-10-17 15:08:16'),
(174, 'ইসলাম ও শেখ হাসিনা', 1, '2019-10-17 15:16:44', '2019-10-17 15:16:44'),
(175, '..................', 1, '2019-10-18 04:22:37', '2019-10-18 04:22:37'),
(176, 'life', 1, '2019-10-18 22:29:13', '2019-10-18 22:29:13'),
(177, 'helt', 1, '2019-10-18 22:29:13', '2019-10-18 22:29:13'),
(178, 'Freelancing', 1, '2019-10-20 06:01:20', '2019-10-20 06:01:20'),
(179, 'ফ্রিল্যান্সিং', 1, '2019-10-20 06:01:20', '2019-10-20 06:01:20'),
(180, 'শিক্ষাক্রম', 1, '2019-10-21 12:17:07', '2019-10-21 12:17:07'),
(181, 'বিবর্তণ', 1, '2019-10-21 12:17:07', '2019-10-21 12:17:07'),
(182, 'What Is Blog', 1, '2019-10-25 20:37:06', '2019-10-25 20:37:06'),
(183, 'কারিগরি শিক্ষার ক্ষেত্রেঃ বিশ্ব বনাম বাংলাদেশ', 1, '2019-10-26 08:38:45', '2019-10-26 08:38:45'),
(184, 'বিরাট সাফল্য', 1, '2019-10-27 12:55:59', '2019-10-27 12:55:59'),
(185, 'understanding students', 1, '2019-10-29 12:19:53', '2019-10-29 12:19:53'),
(186, 'CV Writing', 1, '2019-10-30 10:40:25', '2019-10-30 10:40:25'),
(187, 'Interview Skills', 1, '2019-10-30 10:55:27', '2019-10-30 10:55:27'),
(188, 'pib', 1, '2019-10-30 12:35:36', '2019-10-30 12:35:36'),
(189, 'canvas', 1, '2019-10-31 10:43:59', '2019-10-31 10:43:59'),
(190, 'TEYL', 1, '2019-10-31 10:43:59', '2019-10-31 10:43:59'),
(191, 'আমেরিকার জর্জ ম্যাসন ইউনিভার্সিটি', 1, '2019-10-31 10:43:59', '2019-10-31 10:43:59'),
(192, 'পুঁজিবাজারে বিনিয়োগযোগ্য ইন্সট্রুমেন্ট', 1, '2019-10-31 11:35:36', '2019-10-31 11:35:36'),
(193, 'সেফটি', 1, '2019-11-01 19:17:34', '2019-11-01 19:17:34'),
(194, 'life tag', 1, '2019-11-01 19:17:34', '2019-11-01 19:17:34'),
(195, 'Gov. Science College Attached High School', 1, '2019-11-04 23:06:06', '2019-11-04 23:06:06'),
(196, 'Corporate Grooming', 1, '2019-11-05 10:07:22', '2019-11-05 10:07:22'),
(197, 'MS Excel', 1, '2019-11-05 13:54:07', '2019-11-05 13:54:07'),
(198, 'MS PowerPoint', 1, '2019-11-05 13:54:53', '2019-11-05 13:54:53'),
(199, 'MS Word', 1, '2019-11-05 13:56:11', '2019-11-05 13:56:11'),
(201, 'ICT', 1, '2019-11-05 23:38:19', '2019-11-05 23:38:19'),
(202, 'তালেবে ইলমের মর্যাদা ঃ করণীয় ও বর্জনীয়', 1, '2019-11-07 09:55:53', '2019-11-07 09:55:53'),
(203, 'ক্লাসরুম লিডারশীপ', 1, '2019-11-07 17:17:47', '2019-11-07 17:17:47'),
(204, 'ক্লাসরুম', 1, '2019-11-07 17:17:47', '2019-11-07 17:17:47'),
(205, 'মরজাল ইউনিয়ন পরিষদ কার্যালয়', 1, '2019-11-08 08:53:50', '2019-11-08 08:53:50'),
(206, 'সপ্তম শ্রেণির শিক্ষার্থীদের নিয়ে “বঙ্গবন্ধু ও মুক্তিযুদ্ধ” ডুক্সমেন্টারি তৈরি কার্যক্রম', 1, '2019-11-13 09:53:49', '2019-11-13 09:53:49'),
(207, 'Computer', 1, '2019-11-13 12:06:56', '2019-11-13 12:06:56'),
(208, 'Computer Hardware', 1, '2019-11-13 12:06:56', '2019-11-13 12:06:56'),
(209, ' Network and Troubleshooting', 1, '2019-11-13 12:06:56', '2019-11-13 12:06:56'),
(213, 'প্রফেশনাল ভিডিও টিউটোরিয়াল ডেভেলপমেন্ট', 1, '2019-11-13 15:24:01', '2019-11-13 15:24:01'),
(214, 'খোলা জানালা', 1, '2019-11-13 20:17:09', '2019-11-13 20:17:09'),
(215, 'মুক্তপাঠ কর্তৃপক্ষকে ধন্যবাদ।', 1, '2019-11-14 21:36:17', '2019-11-14 21:36:17'),
(216, 'bcs admin academy', 1, '2019-11-16 22:53:18', '2019-11-16 22:53:18'),
(217, 'বিসিএস অ্যাডমিন একাডেমী', 1, '2019-11-16 22:53:18', '2019-11-16 22:53:18'),
(218, 'পরিচালনা বিষয়ক কোর্স', 1, '2019-11-17 10:52:04', '2019-11-17 10:52:04'),
(219, 'nature', 1, '2019-11-18 13:11:03', '2019-11-18 13:11:03'),
(220, 'children', 1, '2019-11-18 13:11:03', '2019-11-18 13:11:03'),
(221, 'শিশুর সুষ্ঠ বিকাশ', 1, '2019-11-18 13:11:03', '2019-11-18 13:11:03'),
(222, 'শিশুর স্বভাব', 1, '2019-11-18 13:11:03', '2019-11-18 13:11:03'),
(223, ' আচরণ', 1, '2019-11-18 13:11:03', '2019-11-18 13:11:03'),
(225, 'parenting', 1, '2019-11-18 15:30:56', '2019-11-18 15:30:56'),
(228, 'Programming', 1, '2019-11-20 14:54:53', '2019-11-20 14:54:53'),
(229, 'Entrepreneurship Support Fund', 1, '2019-11-20 16:26:09', '2019-11-20 16:26:09'),
(230, 'সংক্রান্ত  খাদ্য প্রক্রিয়াজাতকরণ', 1, '2019-11-20 16:26:09', '2019-11-20 16:26:09'),
(231, 'সার্টিফিকেট ইস্যু', 1, '2019-11-22 02:26:52', '2019-11-22 02:26:52'),
(232, 'mental health', 1, '2019-11-24 11:50:01', '2019-11-24 11:50:01'),
(233, 'koyel', 1, '2019-11-24 14:06:22', '2019-11-24 14:06:22'),
(234, 'quail', 1, '2019-11-24 14:06:22', '2019-11-24 14:06:22'),
(235, 'পালন', 1, '2019-11-24 14:06:22', '2019-11-24 14:06:22'),
(236, 'beef fattening', 1, '2019-11-24 14:07:46', '2019-11-24 14:07:46'),
(237, 'রেজওয়ানুল হক, সহকারি অধ্যাপক, ICT, কেশরহাট ডিগ্রি কলেজ, মোহনপুর, রাজশাহী,', 1, '2019-11-24 18:30:50', '2019-11-24 18:30:50'),
(238, 'Child', 1, '2019-11-25 16:29:15', '2019-11-25 16:29:15'),
(239, 'শিশুদের আচরণ', 1, '2019-11-25 16:29:16', '2019-11-25 16:29:16'),
(240, 'শিশুদের ধরণ', 1, '2019-11-25 16:29:16', '2019-11-25 16:29:16'),
(241, 'বাবা মা', 1, '2019-11-25 16:29:16', '2019-11-25 16:29:16'),
(242, 'সন্তান লালন পালন', 1, '2019-11-25 16:29:16', '2019-11-25 16:29:16'),
(243, '.Digital Security Online Course', 1, '2019-11-28 12:03:13', '2019-11-28 12:03:13'),
(244, 'Professional Video Tutorial Development', 1, '2019-11-28 12:04:12', '2019-11-28 12:04:12'),
(246, 'Digital Marketing Fundamentals', 1, '2019-11-28 12:15:35', '2019-11-28 12:15:35'),
(248, 'Basic Journalism Online Course', 1, '2019-12-01 12:56:54', '2019-12-01 12:56:54'),
(251, 'পুরাণ', 1, '2019-12-03 12:27:10', '2019-12-03 12:27:10'),
(252, 'Mythology', 1, '2019-12-03 12:27:10', '2019-12-03 12:27:10'),
(253, 'তারামন্ডল', 1, '2019-12-03 12:27:10', '2019-12-03 12:27:10'),
(254, 'মকর', 1, '2019-12-03 12:27:10', '2019-12-03 12:27:10'),
(255, 'ধনু', 1, '2019-12-03 12:29:03', '2019-12-03 12:29:03'),
(256, 'উক্তি', 1, '2019-12-03 12:36:13', '2019-12-03 12:36:13'),
(257, 'Motivation', 1, '2019-12-03 12:36:13', '2019-12-03 12:36:13'),
(258, 'Quotes', 1, '2019-12-03 12:36:13', '2019-12-03 12:36:13'),
(259, 'অনলাইন সার্টিফিকেট কোর্স অন ইনভেস্টিগেটিভ জার্নালিজম', 1, '2019-12-03 15:52:23', '2019-12-03 15:52:23'),
(264, 'অনলাইন সার্টিফিকেট কোর্স অন ডেভেলপমেন্ট জার্নালিজম', 1, '2019-12-04 10:13:26', '2019-12-04 10:13:26'),
(265, 'Project Management and Appraisal Process', 1, '2019-12-09 16:39:19', '2019-12-09 16:39:19'),
(266, 'Project Management', 1, '2019-12-09 16:39:19', '2019-12-09 16:39:19'),
(270, 'এমএমসিডি', 1, '2019-12-22 09:47:22', '2019-12-22 09:47:22'),
(271, 'এম এম সিডি', 1, '2019-12-22 10:56:14', '2019-12-22 10:56:14'),
(272, 'E-Nothi', 1, '2019-12-23 11:10:36', '2019-12-23 11:10:36'),
(273, 'Mobile Application', 1, '2019-12-23 11:10:36', '2019-12-23 11:10:36'),
(274, 'ই-নথি', 1, '2019-12-23 11:10:36', '2019-12-23 11:10:36'),
(275, 'মোবাইল এপ্লিকেশন', 1, '2019-12-23 11:10:36', '2019-12-23 11:10:36'),
(277, 'Creating Multimedia Content', 1, '2019-12-23 11:15:38', '2019-12-23 11:15:38'),
(278, 'Multimedia Content', 1, '2019-12-23 11:15:38', '2019-12-23 11:15:38'),
(279, 'মাল্টিমিডিয়া কনটেন্ট', 1, '2019-12-23 11:16:54', '2019-12-23 11:16:54'),
(284, 'M M CD', 1, '2019-12-23 11:18:20', '2019-12-23 11:18:20'),
(287, 'মোবাইল কোর্ট', 1, '2019-12-23 11:45:21', '2019-12-23 11:45:21'),
(288, 'Mobile court management course', 1, '2019-12-23 11:45:21', '2019-12-23 11:45:21'),
(289, 'প্রফেশনাল ভিডিও', 1, '2019-12-23 11:51:13', '2019-12-23 11:51:13'),
(290, 'টিউটোরিয়াল', 1, '2019-12-23 11:51:13', '2019-12-23 11:51:13'),
(291, 'পড়া', 1, '2019-12-23 12:07:55', '2019-12-23 12:07:55'),
(292, 'Read', 1, '2019-12-23 00:00:00', '2019-12-23 00:00:00'),
(293, 'Corporate', 1, '2019-12-23 12:13:55', '2019-12-23 12:13:55'),
(294, 'কর্পোরেট গ্রয়োমিং', 1, '2019-12-23 12:13:55', '2019-12-23 12:13:55'),
(295, 'কর্পোরেট', 1, '2019-12-23 12:13:55', '2019-12-23 12:13:55'),
(297, 'Excel', 1, '2019-12-23 12:23:56', '2019-12-23 12:23:56'),
(298, 'Microsoft Excel Basics', 1, '2019-12-23 12:23:56', '2019-12-23 12:23:56'),
(299, 'মাইক্রোসফ্ট এক্সেল বেসিক্স', 1, '2019-12-23 12:23:56', '2019-12-23 12:23:56'),
(300, 'মাইক্রোসফ্ট এক্সেল', 1, '2019-12-23 12:23:56', '2019-12-23 12:23:56'),
(301, 'এক্সেল', 1, '2019-12-23 12:23:56', '2019-12-23 12:23:56'),
(302, 'পাওয়ারপয়েন্ট', 1, '2019-12-23 12:32:59', '2019-12-23 12:32:59'),
(303, 'Microsoft Powerpoint Basics', 1, '2019-12-23 12:32:59', '2019-12-23 12:32:59'),
(304, 'Powerpoint', 1, '2019-12-23 12:32:59', '2019-12-23 12:32:59'),
(305, 'এম এস পাওয়ারপয়েন্ট', 1, '2019-12-23 12:32:59', '2019-12-23 12:32:59'),
(306, 'মাইক্রোসফ্ট পাওয়ারপয়েন্ট বেসিক্স', 1, '2019-12-23 12:32:59', '2019-12-23 12:32:59'),
(307, 'এম এস এক্সেল', 1, '2019-12-23 12:34:38', '2019-12-23 12:34:38'),
(309, 'ইন্টারভিউ স্কিল', 1, '2019-12-23 12:57:27', '2019-12-23 12:57:27'),
(310, 'Interview', 1, '2019-12-23 12:57:27', '2019-12-23 12:57:27'),
(311, 'ইন্টারভিউ', 1, '2019-12-23 12:57:27', '2019-12-23 12:57:27'),
(313, 'CV', 1, '2019-12-23 12:59:55', '2019-12-23 12:59:55'),
(314, 'সিভি রাইটিং', 1, '2019-12-23 12:59:55', '2019-12-23 12:59:55'),
(316, 'সিভি', 1, '2019-12-23 00:00:00', '2019-12-23 00:00:00'),
(317, 'বিনিয়োগ', 1, '2019-12-23 00:00:00', '2019-12-23 00:00:00'),
(318, 'The basic idea of Investment', 1, '2019-12-23 13:04:03', '2019-12-23 13:04:03'),
(320, 'Investment', 1, '2019-12-23 13:06:20', '2019-12-23 13:06:20'),
(321, 'Communication', 1, '2019-12-23 13:08:54', '2019-12-23 13:08:54'),
(322, 'যোগাযোগের দক্ষতা', 1, '2019-12-23 13:08:54', '2019-12-23 13:08:54'),
(323, 'যোগাযোগ', 1, '2019-12-23 13:08:54', '2019-12-23 13:08:54'),
(325, 'Presentation', 1, '2019-12-23 13:10:40', '2019-12-23 13:10:40'),
(326, 'উপস্থাপনা দক্ষতা', 1, '2019-12-23 13:10:40', '2019-12-23 13:10:40'),
(327, 'উপস্থাপনা', 1, '2019-12-23 13:10:40', '2019-12-23 13:10:40'),
(328, 'ক্লাসরুম ম্যানেজমেন্ট', 1, '2019-12-23 13:12:58', '2019-12-23 13:12:58'),
(333, 'লিডারশীপ', 1, '2019-12-23 13:20:08', '2019-12-23 13:20:08'),
(334, 'Leadership', 1, '2019-12-23 13:20:08', '2019-12-23 13:20:08'),
(335, 'Communications & Storytelling', 1, '2019-12-23 13:20:12', '2019-12-23 13:20:12'),
(336, 'Apolitical', 1, '2019-12-23 13:20:12', '2019-12-23 13:20:12'),
(338, '(BTT) বেসিক টিচার্স ট্রেনিং কোর্স', 1, '2019-12-23 13:26:50', '2019-12-23 13:26:50'),
(339, 'Classroom', 1, '2019-12-23 13:26:50', '2019-12-23 13:26:50'),
(340, 'BTT', 1, '2019-12-23 13:26:50', '2019-12-23 13:26:50'),
(341, 'বেসিক টিচার্স ট্রেনিং', 1, '2019-12-23 13:26:50', '2019-12-23 13:26:50'),
(342, '(BTT) Basic Teachers Training Course', 1, '2019-12-23 13:26:50', '2019-12-23 13:26:50'),
(343, 'Basic Teachers Training', 1, '2019-12-23 13:26:50', '2019-12-23 13:26:50'),
(348, 'Training Course for Public Servants', 1, '2019-12-23 13:30:01', '2019-12-23 13:30:01'),
(350, 'বেসিক টিচার্স ট্রেনিং কোর্স', 1, '2019-12-23 13:30:20', '2019-12-23 13:30:20'),
(351, 'কোয়েল পালন', 1, '2019-12-23 13:33:38', '2019-12-23 13:33:38'),
(352, 'Quail Farming in Low Budget', 1, '2019-12-23 13:33:38', '2019-12-23 13:33:38'),
(353, 'Quail Farming', 1, '2019-12-23 13:33:38', '2019-12-23 13:33:38'),
(354, 'পুকুর', 1, '2019-12-23 13:35:42', '2019-12-23 13:35:42'),
(355, 'Fish Polyculture in Pond', 1, '2019-12-23 13:35:42', '2019-12-23 13:35:42'),
(356, 'Fish', 1, '2019-12-23 13:35:42', '2019-12-23 13:35:42'),
(358, 'অপারেটিং সিস্টেম', 1, '2019-12-23 13:38:29', '2019-12-23 13:38:29'),
(359, 'Troubleshooting 5', 1, '2019-12-23 13:38:29', '2019-12-23 13:38:29'),
(360, 'Operating system', 1, '2019-12-23 13:38:29', '2019-12-23 13:38:29'),
(365, 'ট্রাবলশ্যুটিং ৫: অপারেটিং সিস্টেম', 1, '2019-12-23 13:41:51', '2019-12-23 13:41:51'),
(367, 'Troubleshooting 5: Operating system', 1, '2019-12-23 13:48:01', '2019-12-23 13:48:01'),
(368, 'ফাইল প্রেসেসিং ও শেয়ারিং', 1, '2019-12-23 13:51:14', '2019-12-23 13:51:14'),
(369, 'ট্রাবলশ্যুটিং ৪: ফাইল প্রেসেসিং ও শেয়ারিং', 1, '2019-12-23 13:51:14', '2019-12-23 13:51:14'),
(379, 'Troubleshooting 4: File Processing and Sharing', 1, '2019-12-23 14:02:59', '2019-12-23 14:02:59'),
(385, 'Troubleshooting 4', 1, '2019-12-23 14:20:32', '2019-12-23 14:20:32'),
(390, 'কম্পিউটার নিরাপত্তা', 1, '2019-12-23 14:21:50', '2019-12-23 14:21:50'),
(391, 'ট্রাবলশ্যুটিং ৩: কম্পিউটার নিরাপত্তা', 1, '2019-12-23 14:21:50', '2019-12-23 14:21:50'),
(392, 'Troubleshooting 3: Computer Security', 1, '2019-12-23 14:22:21', '2019-12-23 14:22:21'),
(400, 'File Processing and Sharing', 1, '2019-12-23 14:28:43', '2019-12-23 14:28:43'),
(401, 'Troubleshooting 3', 1, '2019-12-23 14:32:02', '2019-12-23 14:32:02'),
(402, 'Computer Security', 1, '2019-12-23 14:32:02', '2019-12-23 14:32:02'),
(403, 'ট্রাবলশ্যুটিং ২', 1, '2019-12-23 14:34:04', '2019-12-23 14:34:04'),
(404, 'ইন্টারনেট সংযোগ সংক্রান্ত', 1, '2019-12-23 14:34:04', '2019-12-23 14:34:04'),
(405, 'ট্রাবলশ্যুটিং ২: ইন্টারনেট সংযোগ সংক্রান্ত', 1, '2019-12-23 14:34:04', '2019-12-23 14:34:04'),
(406, 'Troubleshooting in Internet Connection', 1, '2019-12-23 14:34:04', '2019-12-23 14:34:04'),
(407, 'Troubleshooting 2', 1, '2019-12-23 14:34:04', '2019-12-23 14:34:04'),
(408, 'Internet Connection', 1, '2019-12-23 14:34:04', '2019-12-23 14:34:04'),
(409, 'ট্রাবলশ্যুটিং ১', 1, '2019-12-23 14:36:05', '2019-12-23 14:36:05'),
(410, 'ট্রাবলশ্যুটিং ১: মাল্টিমিডিয়া প্রজেক্টর (৬ষ্ঠ ব্যাচ)', 1, '2019-12-23 14:36:05', '2019-12-23 14:36:05'),
(411, 'মাল্টিমিডিয়া প্রজেক্টর', 1, '2019-12-23 14:36:05', '2019-12-23 14:36:05'),
(412, 'Troubleshooting in Multimedia Projector', 1, '2019-12-23 14:36:05', '2019-12-23 14:36:05'),
(413, 'Troubleshooting 1', 1, '2019-12-23 14:36:05', '2019-12-23 14:36:05'),
(414, 'Multimedia Projector', 1, '2019-12-23 14:36:05', '2019-12-23 14:36:05'),
(415, 'সৃজনশীল প্রশ্নের উত্তরপত্র মূল্যায়ন: বাংলা', 1, '2019-12-23 14:41:45', '2019-12-23 14:41:45'),
(416, 'সৃজনশীল প্রশ্নের উত্তরপত্র মূল্যায়ন', 1, '2019-12-23 14:41:45', '2019-12-23 14:41:45'),
(417, 'Marking in Creative Question System (Subject : Bangla)', 1, '2019-12-23 14:41:45', '2019-12-23 14:41:45'),
(418, 'Marking in Creative Question System', 1, '2019-12-23 14:41:45', '2019-12-23 14:41:45'),
(420, 'বাংলা', 1, '2019-12-23 00:00:00', '2019-12-23 00:00:00'),
(423, 'Marking in Creative Question System (Subject : Physics)', 1, '2019-12-23 14:45:27', '2019-12-23 14:45:27'),
(424, 'Physics', 1, '2019-12-23 14:45:27', '2019-12-23 14:45:27'),
(425, 'সৃজনশীল প্রশ্নের উত্তরপত্র মূল্যায়ন: ফিন্যান্স ও ব্যাংকিং', 1, '2019-12-23 14:46:30', '2019-12-23 14:46:30'),
(426, 'ফিন্যান্স ও ব্যাংকিং', 1, '2019-12-23 14:46:30', '2019-12-23 14:46:30'),
(432, 'Marking in Creative Question System (Subject : Finance & Banking)', 1, '2019-12-23 14:50:08', '2019-12-23 14:50:08'),
(433, 'Finance & Banking', 1, '2019-12-23 14:50:27', '2019-12-23 14:50:27'),
(434, 'সৃজনশীল প্রশ্নের উত্তরপত্র মূল্যায়ন: বাংলাদেশ ও বিশ্ব পরিচয়', 1, '2019-12-23 14:52:23', '2019-12-23 14:52:23'),
(437, 'Marking in Creative Question System (Subject : Bangladesh & Global Studies)', 1, '2019-12-23 14:55:44', '2019-12-23 14:55:44'),
(438, 'Bangladesh & Global Studies', 1, '2019-12-23 14:55:44', '2019-12-23 14:55:44'),
(439, 'সৃজনশীল প্রশ্নের উত্তরপত্র মূল্যায়ন: গণিত', 1, '2019-12-23 14:57:42', '2019-12-23 14:57:42'),
(440, 'Marking in Creative Question System (Subject : Mathematics)', 1, '2019-12-23 14:57:42', '2019-12-23 14:57:42'),
(441, 'Mathematics', 1, '2019-12-23 14:57:42', '2019-12-23 14:57:42'),
(442, 'Numeracy Boost Online Training Course', 1, '2019-12-23 14:59:39', '2019-12-23 14:59:39'),
(443, 'নিউমেরেসি বুস্ট অনলাইন প্রশিক্ষণ কোর্স', 1, '2019-12-23 14:59:39', '2019-12-23 14:59:39'),
(444, 'নিউমেরেসি বুস্ট', 1, '2019-12-23 14:59:39', '2019-12-23 14:59:39'),
(445, 'অনলাইন প্রশিক্ষণ কোর্স', 1, '2019-12-23 14:59:39', '2019-12-23 14:59:39'),
(446, 'ই-নথি (Nothi) অফিস ব্যবস্থাপনা', 1, '2019-12-23 15:03:57', '2019-12-23 15:03:57'),
(447, 'অফিস ব্যবস্থাপনা', 1, '2019-12-23 15:03:57', '2019-12-23 15:03:57'),
(448, 'Nothi (e-File System)', 1, '2019-12-23 15:03:57', '2019-12-23 15:03:57'),
(449, 'হাউস কিপিং: গৃহকর্ম প্রশিক্ষণ (House Keeping)', 1, '2019-12-23 15:05:12', '2019-12-23 15:05:12'),
(450, 'হাউস কিপিং', 1, '2019-12-23 15:05:12', '2019-12-23 15:05:12'),
(451, 'House Keeping', 1, '2019-12-23 15:05:12', '2019-12-23 15:05:12'),
(452, 'গরু মোটাতাজাকরণ (Beef Fattening)', 1, '2019-12-23 15:07:09', '2019-12-23 15:07:09'),
(453, 'TEACHING ENGLISH TO YOUNG LEARNERS', 1, '2019-12-23 15:19:47', '2019-12-23 15:19:47'),
(454, 'মাল্টিমিডিয়া কনটেন্ট তৈরি -MMCD (সকলের জন্য উন্মুক্ত DCD)', 1, '2019-12-23 15:58:22', '2019-12-23 15:58:22'),
(455, 'Multimedia Content Creation', 1, '2019-12-23 15:59:46', '2019-12-23 15:59:46'),
(456, 'কেঁচো সার- (ভার্মিকম্পোস্ট/ Vermicomposting)', 1, '2019-12-23 16:01:02', '2019-12-23 16:01:02'),
(457, 'কেঁচো সার', 1, '2019-12-23 16:01:02', '2019-12-23 16:01:02'),
(458, 'ভার্মিকম্পোস্ট', 1, '2019-12-23 16:01:02', '2019-12-23 16:01:02'),
(459, 'Vermicomposting', 1, '2019-12-23 16:01:02', '2019-12-23 16:01:02'),
(460, 'MIS', 1, '2019-12-23 16:02:39', '2019-12-23 16:02:39'),
(461, 'সমন্বয়কারী : ই-লার্নিং প্ল্যাটফর্মের ভিডিও টিউটোরিয়াল', 1, '2019-12-23 16:05:28', '2019-12-23 16:05:28'),
(462, 'সমন্বয়কারী', 1, '2019-12-23 16:05:28', '2019-12-23 16:05:28'),
(463, 'ই-লার্নিং প্ল্যাটফর্ম', 1, '2019-12-23 16:05:28', '2019-12-23 16:05:28'),
(464, 'শিক্ষক : ই-লার্নিং প্ল্যাটফর্মের ভিডিও টিউটোরিয়াল', 1, '2019-12-23 16:08:43', '2019-12-23 16:08:43'),
(467, 'হাউস কিপিংঃ গৃহকর্ম প্রশিক্ষণ (House Keeping)', 1, '2019-12-23 16:13:03', '2019-12-23 16:13:03'),
(470, 'ইউনিয়ন পরিষদ', 1, '2019-12-23 00:00:00', '2019-12-23 00:00:00'),
(471, 'মাল্টিমিডিয়া কনটেন্ট তৈরি (মনোনীত পিটিআই [PTI] ইন্সট্রাক্টরদের জন্য)', 1, '2019-12-23 16:17:35', '2019-12-23 16:17:35'),
(472, 'PTI', 1, '2019-12-23 16:17:35', '2019-12-23 16:17:35'),
(473, '2017_Competency Based English Communication Skills', 1, '2019-12-23 16:18:24', '2019-12-23 16:18:24'),
(477, 'Competency Based English Communication Skills', 1, '2019-12-23 16:22:14', '2019-12-23 16:22:14'),
(479, 'নথি (Nothi) অফিস ব্যবস্থাপনা (ই-ফাইল সিস্টেম)', 1, '2019-12-23 16:30:52', '2019-12-23 16:30:52'),
(480, 'ই-ফাইল সিস্টেম', 1, '2019-12-23 16:30:52', '2019-12-23 16:30:52'),
(483, 'এমএমসিডি ফলোআপ কোর্স (পিটিআই)', 1, '2019-12-23 16:40:54', '2019-12-23 16:40:54'),
(484, 'স্বল্প পুঁজিতে কোয়েল পালন (Quail Farming in Low Budget)', 1, '2019-12-23 16:43:12', '2019-12-23 16:43:12'),
(485, 'সঠিকভাবে পড়তে শেখা (Supplemantery Reading Materials Development)', 1, '2019-12-23 16:46:52', '2019-12-23 16:46:52'),
(488, 'পড়তে শেখার নির্দেশনা (Reading Instruction) -সকলের জন্য উন্মুক্ত', 1, '2019-12-23 16:52:11', '2019-12-23 16:52:11'),
(492, 'কেঁচো সার (ভার্মিকম্পোস্ট/ Vermicomposting)', 1, '2019-12-23 17:00:59', '2019-12-23 17:00:59'),
(493, 'C-Programming (সি প্রোগ্রামিং)', 1, '2019-12-23 17:02:47', '2019-12-23 17:02:47'),
(494, 'C-Programming', 1, '2019-12-23 17:02:47', '2019-12-23 17:02:47'),
(495, 'সি প্রোগ্রামিং', 1, '2019-12-23 17:02:47', '2019-12-23 17:02:47'),
(498, 'MMCD-মাল্টিমিডিয়া কনটেন্ট তৈরি (সকলের জন্য উন্মুক্ত)', 1, '2019-12-23 17:06:07', '2019-12-23 17:06:07'),
(499, 'ইলাসট্রেটর (Graphics : Illustrator)', 1, '2019-12-23 17:13:47', '2019-12-23 17:13:47'),
(500, 'ইলাসট্রেটর', 1, '2019-12-23 17:13:47', '2019-12-23 17:13:47'),
(501, 'Graphics : Illustrator', 1, '2019-12-23 17:13:47', '2019-12-23 17:13:47'),
(510, 'এমএমসিডি ফলোআপ কোর্স (পিটিআই ২০১৬ ব্যাচ)', 1, '2019-12-23 17:19:30', '2019-12-23 17:19:30'),
(511, 'পিটিআই ২০১৬ ব্যাচ', 1, '2019-12-23 17:19:30', '2019-12-23 17:19:30'),
(512, 'মাল্টিমিডিয়া ক্লাসরুম মনিটরিং এন্ড মেন্টরিং (১ম ব্যাচ)', 1, '2019-12-23 17:21:33', '2019-12-23 17:21:33'),
(513, 'মাল্টিমিডিয়া ক্লাসরুম মনিটরিং এন্ড মেন্টরিং', 1, '2019-12-23 17:21:33', '2019-12-23 17:21:33'),
(514, 'ধানের ব্লাস্ট রোগ', 1, '2019-12-23 17:23:46', '2019-12-23 17:23:46'),
(515, 'Blast disease of rice', 1, '2019-12-23 17:23:46', '2019-12-23 17:23:46'),
(516, 'rice', 1, '2019-12-23 17:23:46', '2019-12-23 17:23:46'),
(517, 'Graphics', 1, '2019-12-23 17:25:42', '2019-12-23 17:25:42'),
(518, 'ট্রাবলশ্যুটিং ১: মাল্টিমিডিয়া প্রজেক্টর (১ম ব্যাচ)', 1, '2019-12-23 17:26:42', '2019-12-23 17:26:42'),
(521, 'Multimedia Classroom Monitoring and Mentoring', 1, '2019-12-23 17:31:19', '2019-12-23 17:31:19'),
(522, 'জাতীয় তথ্য বাতায়ন ব্যবস্থাপনা', 1, '2019-12-23 17:32:58', '2019-12-23 17:32:58'),
(523, 'তথ্য বাতায়ন', 1, '2019-12-23 17:32:58', '2019-12-23 17:32:58'),
(524, 'National Portal Management', 1, '2019-12-23 17:32:58', '2019-12-23 17:32:58'),
(525, 'জাতীয়', 1, '2019-12-23 17:32:58', '2019-12-23 17:32:58'),
(526, 'বেসিক টিচার্স ট্রেনিং (BTT) কোর্স', 1, '2019-12-23 17:34:19', '2019-12-23 17:34:19'),
(527, 'Basic Teachers Training (BTT) Course', 1, '2019-12-23 17:34:19', '2019-12-23 17:34:19'),
(531, 'Multimedia Classroom', 1, '2019-12-23 17:41:56', '2019-12-23 17:41:56'),
(534, 'পাবলিক স্পিকিং: ধাপে ধাপে আকর্ষণীয় বক্তব্য সাজানোর কৌশল', 1, '2019-12-23 17:46:55', '2019-12-23 17:46:55'),
(535, 'পাবলিক স্পিকিং', 1, '2019-12-23 17:46:55', '2019-12-23 17:46:55'),
(536, 'Public Speaking', 1, '2019-12-23 17:46:55', '2019-12-23 17:46:55'),
(539, 'ট্রাবলশ্যুটিং ১: মাল্টিমিডিয়া প্রজেক্টর- ৪র্থ ব্যাচ', 1, '2019-12-23 17:59:58', '2019-12-23 17:59:58'),
(540, 'ট্রাবলশ্যুটিং ১: মাল্টিমিডিয়া প্রজেক্টর (৩য় ব্যাচ)', 1, '2019-12-23 18:00:55', '2019-12-23 18:00:55'),
(542, 'ট্রাবলশ্যুটিং ১: মাল্টিমিডিয়া প্রজেক্টর (২য় ব্যাচ)', 1, '2019-12-23 18:03:36', '2019-12-23 18:03:36'),
(543, 'এমএমসিডি ফলোআপ কোর্স (২০১৮)', 1, '2019-12-23 18:10:50', '2019-12-23 18:10:50'),
(544, 'Troubleshooting 2: Internet connection', 1, '2019-12-23 18:13:01', '2019-12-23 18:13:01'),
(545, 'ডিজিটাল মার্কেটিং ফান্ডামেন্টালস', 1, '2019-12-23 18:13:56', '2019-12-23 18:13:56'),
(546, 'DMF', 1, '2019-12-23 18:13:56', '2019-12-23 18:13:56'),
(549, 'পড়তে শেখার নির্দেশনা (Reading Instruction) -সকলের জন্য উন্মুক্ত- ২য় ব্যাচ', 1, '2019-12-23 18:16:22', '2019-12-23 18:16:22'),
(550, 'শ্রেণি ব্যবস্থাপনার কৌশল', 1, '2019-12-23 18:19:36', '2019-12-23 18:19:36'),
(551, 'Class management strategies', 1, '2019-12-23 18:19:36', '2019-12-23 18:19:36'),
(553, 'শ্রেণি ব্যবস্থাপনার কৌশল (৪র্থ ব্যাচ)', 1, '2019-12-23 18:21:47', '2019-12-23 18:21:47'),
(554, 'শ্রেণি ব্যবস্থাপনার কৌশল (৫ম ব্যাচ)', 1, '2019-12-23 18:22:05', '2019-12-23 18:22:05'),
(555, 'শ্রেণি ব্যবস্থাপনার কৌশল (৩য় ব্যাচ)', 1, '2019-12-23 18:22:38', '2019-12-23 18:22:38'),
(557, 'শ্রেণি ব্যবস্থাপনার কৌশল (২য় ব্যাচ)', 1, '2019-12-23 18:23:35', '2019-12-23 18:23:35'),
(558, 'ট্রাবলশ্যুটিং ৩: কম্পিউটার নিরাপত্তা (২য় ব্যাচ)', 1, '2019-12-23 18:32:58', '2019-12-23 18:32:58'),
(559, 'ট্রাবলশ্যুটিং ৩', 1, '2019-12-23 18:32:58', '2019-12-23 18:32:58'),
(563, 'ইনভেস্টিগেটিভ জার্নালিজম', 1, '2019-12-24 10:57:37', '2019-12-24 10:57:37'),
(564, 'Investigative Journalism', 1, '2019-12-24 10:57:37', '2019-12-24 10:57:37'),
(565, 'পিআইবি', 1, '2019-12-24 10:57:37', '2019-12-24 10:57:37'),
(566, 'অনলাইন সার্টিফিকেট কোর্স অন ইনভেস্টিগেটিভ জার্নালিজম (১ম ব্যাচ)', 1, '2019-12-24 11:00:34', '2019-12-24 11:00:34'),
(571, 'ডেভেলপমেন্ট জার্নালিজম', 1, '2019-12-24 11:05:04', '2019-12-24 11:05:04'),
(572, 'Online Certificate Course on Development Journalism', 1, '2019-12-24 11:06:02', '2019-12-24 11:06:02'),
(573, 'Development Journalism', 1, '2019-12-24 11:06:02', '2019-12-24 11:06:02'),
(574, 'অনলাইন সার্টিফিকেট কোর্স অন ডেভেলপমেন্ট জার্নালিজম (১ম ব্যাচ)', 1, '2019-12-24 11:07:30', '2019-12-24 11:07:30'),
(577, 'অনলাইন সার্টিফিকেট কোর্স অন টেলিভিশন জার্নালিজম', 1, '2019-12-24 11:41:43', '2019-12-24 11:41:43'),
(578, 'টেলিভিশন জার্নালিজম', 1, '2019-12-24 11:41:43', '2019-12-24 11:41:43'),
(579, 'Online Certificate Course on Television Journalism', 1, '2019-12-24 11:42:01', '2019-12-24 11:42:01'),
(580, 'Television Journalism', 1, '2019-12-24 11:42:01', '2019-12-24 11:42:01'),
(582, 'অনলাইন সার্টিফিকেট কোর্স অন বেসিক জার্নালিজম', 1, '2019-12-24 12:38:00', '2019-12-24 12:38:00'),
(583, 'বেসিক জার্নালিজম', 1, '2019-12-24 12:38:01', '2019-12-24 12:38:01'),
(587, 'Online Certificate Course on Basic Journalism', 1, '2019-12-24 12:45:22', '2019-12-24 12:45:22'),
(588, 'পড়তে শেখার নির্দেশনা (Reading Instruction) -সকলের জন্য উন্মুক্ত- ৫ম ব্যাচ', 1, '2019-12-24 13:06:12', '2019-12-24 13:06:12'),
(589, 'স্বল্প মূল্যে ব্যবহারিক বিজ্ঞান শিক্ষা উপকরণ তৈরি ও প্রশিক্ষণ কোর্স', 1, '2019-12-24 13:11:28', '2019-12-24 13:11:28'),
(590, 'বিজ্ঞান শিক্ষা', 1, '2019-12-24 13:11:28', '2019-12-24 13:11:28'),
(591, 'স্বল্প মূল্যে', 1, '2019-12-24 13:11:28', '2019-12-24 13:11:28'),
(593, 'English Communication Skills', 1, '2019-12-24 13:17:40', '2019-12-24 13:17:40'),
(594, 'Competency', 1, '2019-12-24 13:17:40', '2019-12-24 13:17:40'),
(596, 'প্রতিযোগিতা ভিত্তিক ইংরেজি যোগাযোগ দক্ষতা - ২য় ব্যাচ', 1, '2019-12-24 13:21:00', '2019-12-24 13:21:00'),
(597, 'Production and training courses for practical science education materials at low cost', 1, '2019-12-24 13:22:37', '2019-12-24 13:22:37'),
(598, 'low cost', 1, '2019-12-24 13:22:37', '2019-12-24 13:22:37'),
(599, 'Online Certificate Course on Investigative Journalism', 1, '2019-12-24 13:46:51', '2019-12-24 13:46:51'),
(601, 'Digital Marketing', 1, '2019-12-24 13:50:17', '2019-12-24 13:50:17'),
(606, 'robi', 1, '2019-12-24 13:52:33', '2019-12-24 13:52:33'),
(607, '10 min school', 1, '2019-12-24 13:52:34', '2019-12-24 13:52:34'),
(608, 'Photography Basics', 1, '2019-12-24 13:56:01', '2019-12-24 13:56:01'),
(611, 'Photography', 1, '2019-12-24 13:57:00', '2019-12-24 13:57:00'),
(615, 'F-Commerce Business', 1, '2019-12-24 13:58:57', '2019-12-24 13:58:57'),
(617, 'Startup & Entrepreneurship', 1, '2019-12-24 14:02:00', '2019-12-24 14:02:00'),
(621, 'মাইক্রোসফ্ট ওয়ার্ড বেসিক', 1, '2019-12-24 14:16:05', '2019-12-24 14:16:05'),
(624, 'Microsoft Word Basics', 1, '2019-12-24 14:17:16', '2019-12-24 14:17:16'),
(627, 'কম্পিটেন্সি বেসড ইংলিশ কমিউনিকেশন স্কিল - ২য় ব্যাচ', 1, '2019-12-24 15:12:58', '2019-12-24 15:12:58'),
(628, 'Family welfare assistant refresher', 1, '2019-12-30 11:28:40', '2019-12-30 11:28:40'),
(629, 'Family welfare assistant', 1, '2019-12-30 11:28:40', '2019-12-30 11:28:40'),
(630, 'Family', 1, '2019-12-30 11:28:40', '2019-12-30 11:28:40'),
(631, 'FWA', 1, '2019-12-30 11:28:40', '2019-12-30 11:28:40'),
(632, 'NIPORT', 1, '2019-12-30 11:28:40', '2019-12-30 11:28:40'),
(633, 'Pre-Departure বৈদেশিক কর্মসংস্থানের পূর্বপ্রস্তুতি', 1, '2019-12-30 16:36:11', '2019-12-30 16:36:11'),
(634, 'Pre-Departure', 1, '2019-12-30 16:36:11', '2019-12-30 16:36:11'),
(635, 'বৈদেশিক কর্মসংস্থানের পূর্বপ্রস্তুতি', 1, '2019-12-30 16:36:11', '2019-12-30 16:36:11'),
(636, 'Pre-Departure Online Course', 1, '2019-12-31 14:58:15', '2019-12-31 14:58:15'),
(637, 'migrant worker', 1, '2019-12-31 14:58:15', '2019-12-31 14:58:15'),
(638, 'migrant', 1, '2019-12-31 14:58:15', '2019-12-31 14:58:15'),
(640, 'Science Fiction', 1, '2020-01-03 00:11:06', '2020-01-03 00:11:06'),
(641, 'Testing', 1, '2020-01-07 16:38:00', '2020-01-07 16:38:00'),
(642, 'সবার জন্য \"মুক্তপাঠ \"।', 1, '2020-01-07 23:53:42', '2020-01-07 23:53:42'),
(643, 'কৃষি', 1, '2020-01-08 15:07:33', '2020-01-08 15:07:33'),
(644, 'আগাম টমেটো চাষ পদ্ধতি', 1, '2020-01-08 15:09:46', '2020-01-08 15:09:46'),
(645, 'ecommerce', 1, '2020-01-14 15:57:33', '2020-01-14 15:57:33'),
(646, 'SME FOundation', 1, '2020-01-14 15:57:33', '2020-01-14 15:57:33'),
(647, 'SMEF', 1, '2020-01-14 15:57:33', '2020-01-14 15:57:33'),
(648, 'Police Leadership and Management Certificate Course for ASP', 1, '2020-01-15 14:57:33', '2020-01-15 14:57:33'),
(649, 'emutation', 1, '2020-01-20 12:57:42', '2020-01-20 12:57:42'),
(650, 'mutation', 1, '2020-01-20 12:57:42', '2020-01-20 12:57:42'),
(651, 'নামজারি', 1, '2020-01-20 12:57:42', '2020-01-20 12:57:42'),
(652, 'ই-নামজারি', 1, '2020-01-20 12:57:42', '2020-01-20 12:57:42'),
(653, 'ই-মিউটেশন', 1, '2020-01-22 11:33:42', '2020-01-22 11:33:42'),
(654, 'সাংবাদিকতা', 1, '2020-01-22 13:56:58', '2020-01-22 13:56:58'),
(655, 'সংবাদ উপস্থাপনা', 1, '2020-01-22 13:56:58', '2020-01-22 13:56:58'),
(656, 'বাংলাদেশ', 1, '2020-01-25 22:44:55', '2020-01-25 22:44:55'),
(657, 'কবিতা', 1, '2020-01-30 05:26:37', '2020-01-30 05:26:37'),
(658, 'স্বাধীনতা', 1, '2020-01-30 05:26:37', '2020-01-30 05:26:37'),
(659, 'মুক্তিযুদ্ধ', 1, '2020-01-30 07:52:54', '2020-01-30 07:52:54'),
(660, 'Graphic Design', 1, '2020-02-01 11:28:52', '2020-02-01 11:28:52'),
(661, 'Photoshop', 1, '2020-02-01 11:28:52', '2020-02-01 11:28:52'),
(662, 'how to start ecommerce', 1, '2020-02-04 10:18:34', '2020-02-04 10:18:34'),
(669, 'কমিউনিটি ক্লিনিক', 1, '2020-02-06 17:38:16', '2020-02-06 17:38:16'),
(670, 'ICT, Sports  and thinking of Youths-01', 1, '2020-02-11 20:47:04', '2020-02-11 20:47:04'),
(671, 'Introduction to Human Rights course', 1, '2020-02-12 12:16:33', '2020-02-12 12:16:33'),
(672, 'ভালবা‌সি ভালবা‌সি ভালবা‌সি তাহা‌রে....                           স্বপ্নলো‌কে, ঘুু‌মের দে‌শে,                                                    ভক্ত ত‌বো ক‌রে ব্রত                          ', 1, '2020-02-12 16:24:33', '2020-02-12 16:24:33'),
(673, '@CAFETERIA BREAK TIME FOR YOU', 1, '2020-02-15 23:35:38', '2020-02-15 23:35:38'),
(674, 'নৈতিকতা', 1, '2020-02-18 15:03:30', '2020-02-18 15:03:30'),
(675, 'moral value', 1, '2020-02-23 17:11:49', '2020-02-23 17:11:49'),
(676, '', 1, '2020-02-23 17:11:49', '2020-02-23 17:11:49'),
(677, 'empathy', 1, '2020-02-23 17:11:49', '2020-02-23 17:11:49'),
(679, 'ই নথি', 1, '2020-02-23 17:16:38', '2020-02-23 17:16:38'),
(685, 'moral value in school', 1, '2020-02-23 18:15:18', '2020-02-23 18:15:18'),
(686, 'student', 1, '2020-02-23 18:15:18', '2020-02-23 18:15:18'),
(695, 'মূল্যবোধ', 1, '2020-02-23 18:19:26', '2020-02-23 18:19:26'),
(696, 'স্কুলে নৈতিকতা শেখানো', 1, '2020-02-23 18:19:26', '2020-02-23 18:19:26'),
(697, 'ভালো মানুষ', 1, '2020-02-23 18:19:26', '2020-02-23 18:19:26'),
(698, 'শিশুর নৈতিকতা', 1, '2020-02-23 18:19:26', '2020-02-23 18:19:26'),
(703, 'Problem', 1, '2020-02-27 13:07:07', '2020-02-27 13:07:07'),
(704, 'Learning', 1, '2020-02-27 13:07:07', '2020-02-27 13:07:07'),
(705, 'news', 1, '2020-03-03 23:14:45', '2020-03-03 23:14:45'),
(706, 'bibliophile', 1, '2020-03-08 00:56:59', '2020-03-08 00:56:59'),
(729, 'অনলাইন জার্নালিজম', 1, '2020-03-11 11:36:27', '2020-03-11 11:36:27'),
(730, 'অনলাইন সাংবাদিকতা', 1, '2020-03-11 11:36:27', '2020-03-11 11:36:27'),
(731, 'বিটিটি ক্লাস-টিটিসি সিলেটে', 1, '2020-03-11 20:45:44', '2020-03-11 20:45:44'),
(732, 'নভেল করোনা', 1, '2020-03-13 20:12:00', '2020-03-13 20:12:00'),
(733, 'করোনা', 1, '2020-03-13 20:12:00', '2020-03-13 20:12:00'),
(734, 'করোনা ভাইরাস', 1, '2020-03-13 20:12:00', '2020-03-13 20:12:00'),
(735, 'বাংলাদেশে করোনা', 1, '2020-03-13 20:12:00', '2020-03-13 20:12:00'),
(736, 'UNICEF বাংলাদেশ', 1, '2020-03-13 20:12:00', '2020-03-13 20:12:00'),
(737, 'UNICEF', 1, '2020-03-13 20:12:00', '2020-03-13 20:12:00'),
(738, '\'কোভিড-১৯\'', 1, '2020-03-13 20:12:00', '2020-03-13 20:12:00'),
(739, 'কোভিড-১৯', 1, '2020-03-13 20:12:00', '2020-03-13 20:12:00'),
(740, 'সকলকে শুভেচ্ছা।', 1, '2020-03-14 12:02:09', '2020-03-14 12:02:09'),
(741, 'করিনা ভাইরাস, করনা, ভাইরাস', 1, '2020-03-14 15:52:47', '2020-03-14 15:52:47'),
(742, 'মুক্তপাঠ', 1, '2020-03-14 20:41:21', '2020-03-14 20:41:21'),
(743, 'মুক্তপাঠ কোর্স', 1, '2020-03-14 20:41:21', '2020-03-14 20:41:21'),
(744, 'নিজের মতামত', 1, '2020-03-15 10:27:27', '2020-03-15 10:27:27'),
(745, 'আবার আসিব ফিরে', 1, '2020-03-15 10:35:09', '2020-03-15 10:35:09'),
(746, 'BTT ট্রেনিং এর অভিজ্ঞতা', 1, '2020-03-18 11:28:18', '2020-03-18 11:28:18'),
(747, 'একুশ উদযাপন', 1, '2020-03-20 10:26:29', '2020-03-20 10:26:29'),
(748, 'প্রেস ইনস্টিটিউট বাংলাদেশ', 1, '2020-03-22 14:52:35', '2020-03-22 14:52:35'),
(749, 'গণমাধ্যম', 1, '2020-03-22 14:52:35', '2020-03-22 14:52:35'),
(750, 'vairus', 1, '2020-03-26 01:42:22', '2020-03-26 01:42:22'),
(751, 'Covid-19', 1, '2020-03-26 01:42:22', '2020-03-26 01:42:22'),
(752, 'History', 1, '2020-03-26 09:34:39', '2020-03-26 09:34:39'),
(753, 'effective learning', 1, '2020-03-27 11:40:08', '2020-03-27 11:40:08'),
(754, 'cognitive load', 1, '2020-03-27 12:00:23', '2020-03-27 12:00:23'),
(755, 'education curriculam', 1, '2020-03-27 12:00:23', '2020-03-27 12:00:23'),
(756, 'United Kingdom', 1, '2020-03-27 13:17:58', '2020-03-27 13:17:58'),
(757, 'British Council', 1, '2020-03-27 13:17:58', '2020-03-27 13:17:58'),
(758, 'Chef', 1, '2020-03-28 11:15:02', '2020-03-28 11:15:02'),
(759, 'Spoken English', 1, '2020-03-28 17:15:59', '2020-03-28 17:15:59'),
(760, 'Daily Conversations', 1, '2020-03-28 17:15:59', '2020-03-28 17:15:59'),
(761, 'WordPress', 1, '2020-03-29 07:45:29', '2020-03-29 07:45:29'),
(762, 'লিচেনস্টাইন', 1, '2020-03-29 13:50:28', '2020-03-29 13:50:28'),
(763, 'সুইজারল্যান্ড', 1, '2020-03-29 13:50:28', '2020-03-29 13:50:28'),
(764, 'অস্ট্রিয়া', 1, '2020-03-29 13:50:28', '2020-03-29 13:50:28'),
(765, 'পোল্যান্ড', 1, '2020-03-29 14:08:41', '2020-03-29 14:08:41'),
(766, 'Poland', 1, '2020-03-29 14:08:41', '2020-03-29 14:08:41'),
(767, 'Europe', 1, '2020-03-29 14:08:41', '2020-03-29 14:08:41'),
(768, 'ইউরোপ', 1, '2020-03-29 14:08:41', '2020-03-29 14:08:41'),
(769, 'রিবনিক', 1, '2020-03-29 14:08:41', '2020-03-29 14:08:41'),
(770, 'Rybnik', 1, '2020-03-29 14:08:41', '2020-03-29 14:08:41'),
(771, 'Sefty', 1, '2020-03-29 20:10:31', '2020-03-29 20:10:31'),
(772, 'এসো সবাই শিখি', 1, '2020-03-29 21:49:22', '2020-03-29 21:49:22'),
(773, 'বিশ্বকে তাক লাগিয়ে', 1, '2020-03-29 21:58:45', '2020-03-29 21:58:45'),
(774, 'Natural', 1, '2020-03-30 06:16:46', '2020-03-30 06:16:46'),
(775, 'Hospital', 1, '2020-03-30 08:38:59', '2020-03-30 08:38:59'),
(776, 'present', 1, '2020-03-30 08:38:59', '2020-03-30 08:38:59'),
(777, 'covid 19', 1, '2020-03-30 14:02:14', '2020-03-30 14:02:14'),
(778, 'covid', 1, '2020-03-30 14:02:14', '2020-03-30 14:02:14'),
(779, 'corona', 1, '2020-03-30 14:02:14', '2020-03-30 14:02:14'),
(780, 'শিশু,', 1, '2020-03-30 14:24:51', '2020-03-30 14:24:51'),
(781, 'মানসিক স্বাস্থ্য', 1, '2020-03-30 14:24:51', '2020-03-30 14:24:51'),
(782, 'Corona Virus', 1, '2020-03-30 14:24:51', '2020-03-30 14:24:51'),
(783, 'শিশু', 1, '2020-03-30 15:39:36', '2020-03-30 15:39:36'),
(784, 'মানসিক সমস্যা', 1, '2020-03-30 15:39:36', '2020-03-30 15:39:36'),
(785, 'Human Health', 1, '2020-03-31 06:03:19', '2020-03-31 06:03:19'),
(786, 'Biological Weapon', 1, '2020-03-31 06:03:19', '2020-03-31 06:03:19'),
(787, 'Biological Masculinity', 1, '2020-03-31 06:03:19', '2020-03-31 06:03:19'),
(788, 'Bad food habits', 1, '2020-03-31 06:03:19', '2020-03-31 06:03:19'),
(789, 'hand wash with soap and liquid soap', 1, '2020-03-31 06:03:19', '2020-03-31 06:03:19'),
(790, 'সাটিফিকেট', 1, '2020-03-31 06:04:30', '2020-03-31 06:04:30'),
(791, 'Software Knowledge', 1, '2020-03-31 12:50:32', '2020-03-31 12:50:32'),
(792, 'Tips', 1, '2020-03-31 12:50:32', '2020-03-31 12:50:32'),
(793, 'গল্প', 1, '2020-03-31 14:54:31', '2020-03-31 14:54:31'),
(794, 'philosophy', 1, '2020-03-31 23:26:59', '2020-03-31 23:26:59'),
(795, 'Health Tips', 1, '2020-04-01 00:18:09', '2020-04-01 00:18:09'),
(796, 'নতুন ভাইরাস', 1, '2020-04-01 07:35:46', '2020-04-01 07:35:46'),
(797, 'ভ্যাকসিন', 1, '2020-04-01 07:35:46', '2020-04-01 07:35:46'),
(798, 'Vaccine', 1, '2020-04-01 07:35:46', '2020-04-01 07:35:46'),
(799, 'কোভিড-১৯ ভাইরাসের ভ্যাকসিন', 1, '2020-04-01 07:35:46', '2020-04-01 07:35:46'),
(800, 'COVID-19 vaccine', 1, '2020-04-01 07:35:46', '2020-04-01 07:35:46'),
(801, 'COVID-19 virus', 1, '2020-04-01 07:35:46', '2020-04-01 07:35:46'),
(802, 'SARS-CoV-2', 1, '2020-04-01 07:35:46', '2020-04-01 07:35:46'),
(803, 'SARS-CoV-2 virus', 1, '2020-04-01 07:35:46', '2020-04-01 07:35:46'),
(804, 'Virus', 1, '2020-04-01 07:35:46', '2020-04-01 07:35:46'),
(805, 'New virus', 1, '2020-04-01 07:35:46', '2020-04-01 07:35:46'),
(806, 'New virus attack in bd', 1, '2020-04-01 07:35:46', '2020-04-01 07:35:46'),
(807, 'New virus in bd', 1, '2020-04-01 07:35:46', '2020-04-01 07:35:46'),
(808, 'বাংলাদেশে নতুন ভাইরাস', 1, '2020-04-01 07:35:46', '2020-04-01 07:35:46'),
(809, 'Certificates', 1, '2020-04-01 11:35:35', '2020-04-01 11:35:35'),
(810, 'Sakib', 1, '2020-04-01 11:38:06', '2020-04-01 11:38:06'),
(811, 'Medical Technologist', 1, '2020-04-01 15:28:32', '2020-04-01 15:28:32'),
(812, 'ESR', 1, '2020-04-01 15:28:32', '2020-04-01 15:28:32'),
(813, 'Erythrocyte sedimentation rate-ESR  (Westergren technique)', 1, '2020-04-01 15:28:32', '2020-04-01 15:28:32'),
(814, 'MT', 1, '2020-04-01 15:28:32', '2020-04-01 15:28:32'),
(815, 'মুদ্রা ইতিহাস', 1, '2020-04-01 16:38:38', '2020-04-01 16:38:38'),
(816, 'মুদ্রা', 1, '2020-04-01 16:38:38', '2020-04-01 16:38:38'),
(817, 'ইতিহাস', 1, '2020-04-01 16:38:38', '2020-04-01 16:38:38'),
(818, 'sacmo', 1, '2020-04-01 19:43:00', '2020-04-01 19:43:00'),
(819, 'Association', 1, '2020-04-02 12:45:35', '2020-04-02 12:45:35'),
(820, 'Organization', 1, '2020-04-02 12:45:35', '2020-04-02 12:45:35'),
(821, 'সংঘ', 1, '2020-04-02 12:45:35', '2020-04-02 12:45:35'),
(822, 'সংগঠন', 1, '2020-04-02 12:45:35', '2020-04-02 12:45:35'),
(823, 'ওয়েলফশন মানবকল্যাণ সংঘ', 1, '2020-04-02 12:45:35', '2020-04-02 12:45:35'),
(824, 'Welftion Human Welfare Association', 1, '2020-04-02 12:45:35', '2020-04-02 12:45:35'),
(833, 'করোনা প্রতিরোধ সম্পর্কে', 1, '2020-04-03 13:44:02', '2020-04-03 13:44:02'),
(834, 'Graphic designer', 1, '2020-04-03 14:51:30', '2020-04-03 14:51:30'),
(835, 'চারুকলা', 1, '2020-04-03 14:54:58', '2020-04-03 14:54:58'),
(836, 'Sabbir#', 1, '2020-04-03 15:02:02', '2020-04-03 15:02:02'),
(837, 'Life Style', 1, '2020-04-03 23:11:07', '2020-04-03 23:11:07'),
(838, 'Logo', 1, '2020-04-04 05:37:01', '2020-04-04 05:37:01'),
(839, 'bcc', 1, '2020-04-04 09:58:18', '2020-04-04 09:58:18'),
(842, 'em', 1, '2020-04-04 13:50:42', '2020-04-04 13:50:42'),
(843, 'Database', 1, '2020-04-05 09:28:38', '2020-04-05 09:28:38'),
(844, 'Database Design and Development', 1, '2020-04-05 09:28:38', '2020-04-05 09:28:38'),
(845, 'Data-mining', 1, '2020-04-05 09:28:38', '2020-04-05 09:28:38'),
(846, 'adittya basak', 1, '2020-04-05 12:06:05', '2020-04-05 12:06:05'),
(847, 'hello bros', 1, '2020-04-05 12:06:05', '2020-04-05 12:06:05'),
(848, 'film making', 1, '2020-04-05 12:06:05', '2020-04-05 12:06:05'),
(849, 'অডিও থেকে টেক্সট কনভার্ট', 1, '2020-04-06 13:58:55', '2020-04-06 13:58:55'),
(850, 'কম্পিউটার', 1, '2020-04-06 13:58:55', '2020-04-06 13:58:55'),
(851, 'Environment Friendly Building Design', 1, '2020-04-06 15:42:07', '2020-04-06 15:42:07'),
(852, 'গুগল সাইটস', 1, '2020-04-06 18:22:43', '2020-04-06 18:22:43'),
(853, 'classic google sites', 1, '2020-04-06 18:22:43', '2020-04-06 18:22:43'),
(854, 'how to use google sites', 1, '2020-04-06 18:22:43', '2020-04-06 18:22:43'),
(855, 'google sites examples', 1, '2020-04-06 18:25:33', '2020-04-06 18:25:33'),
(856, 'uubdc', 1, '2020-04-06 20:57:14', '2020-04-06 20:57:14'),
(857, 'rabiulhossain66@gmail.com', 1, '2020-04-07 06:34:17', '2020-04-07 06:34:17'),
(858, 'coronavirus prevention by homeopathic remedy', 1, '2020-04-07 17:16:19', '2020-04-07 17:16:19'),
(859, 'করোনা ভাইরাসের প্রতিরোধে হোমিওপ্যাথিক ঔষধ', 1, '2020-04-07 17:16:19', '2020-04-07 17:16:19'),
(860, 'coronavirus prevention, homeopathic remedy, homeopathic medicine, করোনা ভাইরাসের প্রতিরোধে হোমিওপ্যাথিক ঔষধ, হোমিওপ্যাথিতে কি করোনাভাইরাসের (COVID-19) ওষুধ আছে?, coronavirus outbreak, homeopa', 1, '2020-04-07 17:16:19', '2020-04-07 17:16:19'),
(861, 'পরিবার', 1, '2020-04-08 00:23:26', '2020-04-08 00:23:26'),
(862, 'কারোনা', 1, '2020-04-08 09:48:40', '2020-04-08 09:48:40'),
(863, 'আজকে', 1, '2020-04-08 17:11:58', '2020-04-08 17:11:58'),
(864, 'Golam imtiaz', 1, '2020-04-09 07:57:57', '2020-04-09 07:57:57'),
(865, 'Manik', 1, '2020-04-09 07:57:57', '2020-04-09 07:57:57'),
(866, 'DGHS', 1, '2020-04-09 13:19:24', '2020-04-09 13:19:24'),
(867, 'journalist', 1, '2020-04-09 18:29:29', '2020-04-09 18:29:29'),
(868, 'Bangladesh Constitution', 1, '2020-04-10 09:26:19', '2020-04-10 09:26:19'),
(869, 'Constitutional Amendments', 1, '2020-04-10 09:26:19', '2020-04-10 09:26:19'),
(870, 'C++', 1, '2020-04-10 14:24:57', '2020-04-10 14:24:57'),
(871, 'স্বাস্থ্য অধিদপ্তর', 1, '2020-04-11 07:19:43', '2020-04-11 07:19:43'),
(882, 'USAID', 1, '2020-04-11 19:28:06', '2020-04-11 19:28:06'),
(883, 'John\'s Hopkins University', 1, '2020-04-11 19:28:06', '2020-04-11 19:28:06'),
(894, 'matlab', 1, '2020-04-11 19:47:53', '2020-04-11 19:47:53'),
(895, 'Matlab Simulink', 1, '2020-04-11 19:47:53', '2020-04-11 19:47:53'),
(896, 'কারিগরি', 1, '2020-04-11 20:41:30', '2020-04-11 20:41:30'),
(897, 'Iinformation Technology', 1, '2020-04-12 04:57:57', '2020-04-12 04:57:57'),
(898, '#covit 19 awerness', 1, '2020-04-13 05:49:54', '2020-04-13 05:49:54');
INSERT INTO `tags` (`id`, `title`, `type`, `created_at`, `updated_at`) VALUES
(899, 'সচেতনতা', 1, '2020-04-13 17:06:04', '2020-04-13 17:06:04'),
(900, 'blogger', 1, '2020-04-14 09:36:53', '2020-04-14 09:36:53'),
(901, 'website', 1, '2020-04-14 09:36:53', '2020-04-14 09:36:53'),
(902, 'music', 1, '2020-04-16 13:23:13', '2020-04-16 13:23:13'),
(903, 'dd', 1, '2020-04-17 05:06:18', '2020-04-17 05:06:18'),
(904, 'কম্পিউটার শিক্ষা', 1, '2020-04-18 10:51:22', '2020-04-18 10:51:22'),
(905, 'ডিজিটাল বাাংলাদেশ', 1, '2020-04-18 10:51:22', '2020-04-18 10:51:22'),
(906, 'Computer Science', 1, '2020-04-18 10:51:22', '2020-04-18 10:51:22'),
(907, 'Computer training Center', 1, '2020-04-18 10:51:22', '2020-04-18 10:51:22'),
(908, 'Computer Education', 1, '2020-04-18 10:51:22', '2020-04-18 10:51:22'),
(909, 'intrnet', 1, '2020-04-18 15:49:17', '2020-04-18 15:49:17'),
(910, 'বাংলা সাহিত্য', 1, '2020-04-19 14:04:46', '2020-04-19 14:04:46'),
(911, 'লেখালেখি', 1, '2020-04-19 15:38:21', '2020-04-19 15:38:21'),
(912, 'poem', 1, '2020-04-19 15:38:21', '2020-04-19 15:38:21'),
(913, 'জাগো', 1, '2020-04-21 05:18:00', '2020-04-21 05:18:00'),
(914, 'যুব উন্নয়ন', 1, '2020-04-21 12:17:06', '2020-04-21 12:17:06'),
(915, 'dyd', 1, '2020-04-21 12:17:06', '2020-04-21 12:17:06'),
(916, 'jubo unnoyon', 1, '2020-04-21 12:17:06', '2020-04-21 12:17:06'),
(917, 'সচেতন মূলক', 1, '2020-04-21 12:28:27', '2020-04-21 12:28:27'),
(918, 'Data Science', 1, '2020-04-22 09:12:58', '2020-04-22 09:12:58'),
(919, 'Statistics', 1, '2020-04-22 09:12:58', '2020-04-22 09:12:58'),
(920, 'Data Analysis', 1, '2020-04-22 09:12:58', '2020-04-22 09:12:58'),
(921, 'SPSS', 1, '2020-04-22 09:46:56', '2020-04-22 09:46:56'),
(922, 'Teaching Grammar Communicatively', 1, '2020-04-23 13:33:35', '2020-04-23 13:33:35'),
(923, 'grammer', 1, '2020-04-23 13:33:35', '2020-04-23 13:33:35'),
(924, 'us embassy', 1, '2020-04-23 13:33:35', '2020-04-23 13:33:35'),
(925, 'ক্যারিয়ার', 1, '2020-04-26 10:34:14', '2020-04-26 10:34:14'),
(926, 'ভ্রমন', 1, '2020-04-27 15:52:53', '2020-04-27 15:52:53'),
(927, 'Psychology', 1, '2020-05-05 04:20:54', '2020-05-05 04:20:54'),
(928, 'Doctor', 1, '2020-05-05 05:11:52', '2020-05-05 05:11:52'),
(929, 'ডাক্তার', 1, '2020-05-05 05:11:52', '2020-05-05 05:11:52'),
(933, 'নার্সিং', 1, '2020-05-05 05:51:46', '2020-05-05 05:51:46'),
(934, 'nursing', 1, '2020-05-05 05:59:39', '2020-05-05 05:59:39'),
(935, 'সেচ্ছাসেবী', 1, '2020-05-05 05:59:39', '2020-05-05 05:59:39'),
(936, 'ভলান্টিয়ার', 1, '2020-05-05 05:59:39', '2020-05-05 05:59:39'),
(937, 'volunteer', 1, '2020-05-05 05:59:39', '2020-05-05 05:59:39'),
(938, 'Virtual Court', 1, '2020-05-05 16:32:55', '2020-05-05 16:32:55'),
(939, 'আমার আদালত', 1, '2020-05-05 16:32:55', '2020-05-05 16:32:55'),
(940, 'অনলাইন জামিন', 1, '2020-05-05 16:32:55', '2020-05-05 16:32:55'),
(941, 'ই-জামিন', 1, '2020-05-05 16:32:55', '2020-05-05 16:32:55'),
(942, 'Bail Application', 1, '2020-05-05 16:32:55', '2020-05-05 16:32:55'),
(943, 'Virtual Hearing', 1, '2020-05-05 16:32:55', '2020-05-05 16:32:55'),
(944, 'supreme court', 1, '2020-05-07 00:14:43', '2020-05-07 00:14:43'),
(945, 'UNDP', 1, '2020-05-07 00:14:43', '2020-05-07 00:14:43'),
(946, 'ভিশনকে সামনে রেখে নিজেকে আরো দক্ষ জনশক্তিতে তৈরী করতে হবে।', 1, '2020-05-10 14:39:35', '2020-05-10 14:39:35'),
(947, 'বিশ্ববিদ্যালয়ের পড়াশোনা ও দেশের চাকুরীর বাজার', 1, '2020-05-12 22:58:21', '2020-05-12 22:58:21'),
(948, 'অভিনন্দন', 1, '2020-05-15 15:03:00', '2020-05-15 15:03:00'),
(949, 'KOBITA', 1, '2020-05-17 08:58:31', '2020-05-17 08:58:31'),
(950, 'BANGLA KOBITA', 1, '2020-05-17 08:58:31', '2020-05-17 08:58:31'),
(951, 'শ্রেণিকক্ষে', 1, '2020-05-17 10:27:35', '2020-05-17 10:27:35'),
(952, 'শিক্ষার্থীদের অবস্থান নিশ্চিত করা', 1, '2020-05-17 10:27:35', '2020-05-17 10:27:35'),
(953, 'শেণিকক্ষে শিক্ষার্থীদের অবস্থান নিশ্চিত করা', 1, '2020-05-17 10:31:05', '2020-05-17 10:31:05'),
(954, 'বিজ্ঞান', 1, '2020-05-18 04:12:38', '2020-05-18 04:12:38'),
(955, 'Logo Design', 1, '2020-05-20 15:38:33', '2020-05-20 15:38:33'),
(956, 'Logodesign', 1, '2020-05-20 15:38:33', '2020-05-20 15:38:33'),
(957, 'Modern logo', 1, '2020-05-20 15:38:33', '2020-05-20 15:38:33'),
(958, 'Creative', 1, '2020-05-20 15:38:33', '2020-05-20 15:38:33'),
(959, 'Textile & Fashion Apparel Manufacturing', 1, '2020-05-21 11:24:08', '2020-05-21 11:24:08'),
(960, 'Carrier Planning', 1, '2020-05-23 17:26:29', '2020-05-23 17:26:29'),
(961, 'Life hacks', 1, '2020-05-23 17:26:29', '2020-05-23 17:26:29'),
(962, 'bangladesh teachers', 1, '2020-05-29 10:32:30', '2020-05-29 10:32:30'),
(963, 'কন্টেন্ট', 1, '2020-05-30 18:40:17', '2020-05-30 18:40:17'),
(964, 'Educational Technology', 1, '2020-06-01 04:58:20', '2020-06-01 04:58:20'),
(965, 'করোনায় মানসিক অবস্থা', 1, '2020-06-01 10:55:53', '2020-06-01 10:55:53'),
(966, 'স্বরচিত গল্প', 1, '2020-06-01 10:55:53', '2020-06-01 10:55:53'),
(967, 'মৎস চাষ', 1, '2020-06-08 04:18:06', '2020-06-08 04:18:06'),
(968, 'মৎস চাষে করণীয়', 1, '2020-06-08 04:18:06', '2020-06-08 04:18:06'),
(969, 'মৎসচাষীর করণীয় বিষয়সমুহ', 1, '2020-06-08 04:18:06', '2020-06-08 04:18:06'),
(970, 'জাতীয় শিক্ষা ও দক্ষতা বিষয়ক হেল্পলাইন 3336', 1, '2020-06-10 12:59:04', '2020-06-10 12:59:04'),
(971, '৩৩৩৬', 1, '2020-06-10 12:59:04', '2020-06-10 12:59:04'),
(974, 'https://www.youtube.com/watch?v=mOvl2400iTo', 1, '2020-06-11 17:29:26', '2020-06-11 17:29:26'),
(975, 'vlogs', 1, '2020-06-14 09:13:01', '2020-06-14 09:13:01'),
(976, 'আলোকিত হৃদয় বাংলাদেশ', 1, '2020-06-16 08:23:07', '2020-06-16 08:23:07'),
(977, 'আলোকিত টিচার্স', 1, '2020-06-16 08:23:07', '2020-06-16 08:23:07'),
(978, 'BSc', 1, '2020-06-17 11:02:20', '2020-06-17 11:02:20'),
(979, 'anatomy', 1, '2020-06-17 11:02:20', '2020-06-17 11:02:20'),
(980, 'physiology', 1, '2020-06-17 11:02:20', '2020-06-17 11:02:20'),
(981, 'Diploma', 1, '2020-06-17 11:29:04', '2020-06-17 11:29:04'),
(982, 'BNMC', 1, '2020-06-17 11:29:04', '2020-06-17 11:29:04'),
(983, '#Class for Business Studies', 1, '2020-06-21 08:38:47', '2020-06-21 08:38:47'),
(984, 'Class for Business Studies', 1, '2020-06-21 08:38:47', '2020-06-21 08:38:47'),
(985, 'RDA', 1, '2020-06-21 15:16:55', '2020-06-21 15:16:55'),
(986, 'FID', 1, '2020-06-24 19:29:23', '2020-06-24 19:29:23'),
(991, 'সেরা  ৪৩ শিক্ষক হবার গল্প', 1, '2020-06-27 11:12:22', '2020-06-27 11:12:22'),
(992, 'জীবন দক্ষতা', 1, '2020-06-30 07:15:17', '2020-06-30 07:15:17'),
(994, 'English Teaching', 1, '2020-07-05 05:55:41', '2020-07-05 05:55:41'),
(996, 'sorosohsomikoron_8', 1, '2020-07-08 00:58:46', '2020-07-08 00:58:46'),
(997, 'ডেলিভারি', 1, '2020-07-09 12:41:50', '2020-07-09 12:41:50'),
(1000, 'delivery man', 1, '2020-07-09 12:41:50', '2020-07-09 12:41:50'),
(1001, 'zoom', 1, '2020-07-09 13:32:26', '2020-07-09 13:32:26'),
(1011, 'মনিষি পরিচিতি', 1, '2020-07-13 15:00:48', '2020-07-13 15:00:48'),
(1012, 'গবেষণা প্রস্তাবনা', 1, '2020-07-16 11:49:50', '2020-07-16 11:49:50'),
(1013, 'স্বেচ্ছাসেবী', 1, '2020-07-20 21:48:02', '2020-07-20 21:48:02'),
(1014, 'মাদক', 1, '2020-07-21 00:08:00', '2020-07-21 00:08:00'),
(1017, 'math', 1, '2020-07-24 10:40:49', '2020-07-24 10:40:49'),
(1020, 'math olympiad', 1, '2020-07-24 10:40:49', '2020-07-24 10:40:49'),
(1023, 'আনন্দে গণিত শিখি', 1, '2020-07-24 10:40:49', '2020-07-24 10:40:49'),
(1026, 'গণিত অলিম্পিয়াড', 1, '2020-07-24 10:40:49', '2020-07-24 10:40:49'),
(1029, 'অলিম্পিয়াড', 1, '2020-07-24 10:40:49', '2020-07-24 10:40:49'),
(1032, 'DPE', 1, '2020-07-24 10:40:49', '2020-07-24 10:40:49'),
(1035, 'olympiad', 1, '2020-07-24 10:40:49', '2020-07-24 10:40:49'),
(1036, 'মানসিক দাসত্ব', 1, '2020-08-05 12:38:10', '2020-08-05 12:38:10'),
(1039, 'বিবেক', 1, '2020-08-05 12:38:10', '2020-08-05 12:38:10'),
(1042, 'শিক্ষক', 1, '2020-08-05 12:38:10', '2020-08-05 12:38:10'),
(1050, 'Youtube', 1, '2020-08-20 05:58:25', '2020-08-20 05:58:25'),
(1054, 'গরুর মোটাতাজাকরণ', 1, '2020-08-20 09:46:55', '2020-08-20 09:46:55'),
(1056, 'মানসম্মত শিক্ষা', 1, '2020-08-20 12:46:23', '2020-08-20 12:46:23'),
(1059, 'প্রাথমিক শিক্ষা', 1, '2020-08-20 12:46:23', '2020-08-20 12:46:23'),
(1062, 'primary educatio', 1, '2020-08-20 12:46:23', '2020-08-20 12:46:23'),
(1064, 'e-commerce', 1, '2020-08-23 10:01:26', '2020-08-23 10:01:26'),
(1067, 'Human Rights', 1, '2020-08-23 19:48:48', '2020-08-23 19:48:48'),
(1070, 'মানবাধিকার', 1, '2020-08-23 19:48:48', '2020-08-23 19:48:48'),
(1073, 'Amnesty Inernational', 1, '2020-08-23 19:48:48', '2020-08-23 19:48:48'),
(1079, 'Alamgir Hossen', 1, '2020-08-24 18:38:25', '2020-08-24 18:38:25'),
(1080, 'Drawing', 1, '2020-08-24 19:49:56', '2020-08-24 19:49:56'),
(1084, 'personal health', 1, '2020-08-25 16:14:21', '2020-08-25 16:14:21'),
(1085, 'মানবাধিকার পাঠের ভূমিকা', 1, '2020-08-25 20:18:38', '2020-08-25 20:18:38'),
(1087, 'অ্যামনেস্টি ইন্টারন্যাশনাল', 1, '2020-08-25 20:18:38', '2020-08-25 20:18:38'),
(1090, 'Cht Chakma Teacher', 1, '2020-08-26 11:56:48', '2020-08-26 11:56:48'),
(1092, 'গণিত অলিম্পিয়াড কৌশলে গণিত শিখন: প্রথম পাঠ, আনন্দে গণিত শিখি', 1, '2020-08-27 19:55:58', '2020-08-27 19:55:58'),
(1093, 'যোগযন্ত্র', 1, '2020-08-28 07:40:23', '2020-08-28 07:40:23'),
(1096, 'ইসমাইল', 1, '2020-08-28 07:40:23', '2020-08-28 07:40:23'),
(1099, 'Ismail', 1, '2020-08-28 07:40:23', '2020-08-28 07:40:23'),
(1106, 'আত্মর্কমসংস্থান', 1, '2020-08-29 06:30:53', '2020-08-29 06:30:53'),
(1109, 'কমিউনিটি ভিত্তিক দেশি মুরগী পালনের মাধ্যমে নারী ক্ষমতায়ন ও যুব উন্নয়ন', 1, '2020-08-29 06:30:53', '2020-08-29 06:30:53'),
(1116, 'fiverr', 1, '2020-08-29 13:27:55', '2020-08-29 13:27:55'),
(1119, 'http://imamhossan.blogspot.com/', 1, '2020-08-29 14:06:34', '2020-08-29 14:06:34'),
(1122, 'psc', 1, '2020-08-31 04:10:36', '2020-08-31 04:10:36'),
(1125, 'introduction to ecommerce', 1, '2020-08-31 08:20:26', '2020-08-31 08:20:26'),
(1128, 'what is ecommerce', 1, '2020-08-31 08:20:26', '2020-08-31 08:20:26'),
(1131, 'sourcing', 1, '2020-08-31 08:20:26', '2020-08-31 08:20:26'),
(1134, 'packaging', 1, '2020-08-31 08:20:26', '2020-08-31 08:20:26'),
(1137, 'supply chain', 1, '2020-08-31 08:20:26', '2020-08-31 08:20:26'),
(1140, 'promotion', 1, '2020-08-31 08:20:26', '2020-08-31 08:20:26'),
(1143, 'গনিত', 1, '2020-09-07 06:36:07', '2020-09-07 06:36:07'),
(1145, 'gov', 1, '2020-09-08 13:00:03', '2020-09-08 13:00:03'),
(1148, 'bd', 1, '2020-09-08 13:00:03', '2020-09-08 13:00:03'),
(1151, '.com', 1, '2020-09-08 13:00:03', '2020-09-08 13:00:03'),
(1154, 'gmail', 1, '2020-09-08 13:00:03', '2020-09-08 13:00:03'),
(1157, 'Tanvir', 1, '2020-09-10 05:09:00', '2020-09-10 05:09:00'),
(1160, 'Ahmed', 1, '2020-09-10 05:09:00', '2020-09-10 05:09:00'),
(1163, 'want to learn from muktopaath', 1, '2020-09-13 16:37:34', '2020-09-13 16:37:34'),
(1165, 'প্রকৃত প্রয়োজন', 1, '2020-09-15 04:25:12', '2020-09-15 04:25:12'),
(1168, 'আইসিটি', 1, '2020-09-16 09:47:43', '2020-09-16 09:47:43'),
(1169, 'মানুষ', 1, '2020-09-17 13:59:22', '2020-09-17 13:59:22'),
(1172, 'টিপস', 1, '2020-09-17 13:59:22', '2020-09-17 13:59:22'),
(1174, 'কোয়ালিটি টাইম', 1, '2020-09-20 06:39:28', '2020-09-20 06:39:28'),
(1177, 'Quality time with children', 1, '2020-09-20 06:39:28', '2020-09-20 06:39:28'),
(1180, 'Video Production', 1, '2020-09-21 07:03:54', '2020-09-21 07:03:54'),
(1193, 'MC-P2331104A1951265O268V', 1, '2020-09-21 07:35:28', '2020-09-21 07:35:28'),
(1196, 'ম্যানগ্রভবন', 1, '2020-09-21 12:22:09', '2020-09-21 12:22:09'),
(1199, 'সুন্দরবন', 1, '2020-09-21 12:22:09', '2020-09-21 12:22:09'),
(1200, 'https://www.youtube.com/watch?v=pPWHpFiiA2I&t=32s', 1, '2020-09-25 13:57:15', '2020-09-25 13:57:15'),
(1203, 'dspace', 1, '2020-09-27 11:23:50', '2020-09-27 11:23:50'),
(1206, 'আইন', 1, '2020-09-28 13:12:37', '2020-09-28 13:12:37'),
(1209, 'আইনগত সহায়তা', 1, '2020-09-28 13:12:37', '2020-09-28 13:12:37'),
(1210, 'it', 1, '2020-09-28 16:56:39', '2020-09-28 16:56:39'),
(1211, 'python', 1, '2020-09-30 21:55:40', '2020-09-30 21:55:40'),
(1214, 'django', 1, '2020-09-30 21:55:40', '2020-09-30 21:55:40'),
(1215, 'করোনাকালীন শিক্ষা', 1, '2020-10-01 17:55:27', '2020-10-01 17:55:27'),
(1218, 'অফিসিয়াল ছবি', 1, '2020-10-03 14:38:22', '2020-10-03 14:38:22'),
(1219, 'religion', 1, '2020-10-11 19:02:11', '2020-10-11 19:02:11'),
(1221, 'game-based', 1, '2020-10-12 08:16:35', '2020-10-12 08:16:35'),
(1224, 'student centered', 1, '2020-10-12 08:16:35', '2020-10-12 08:16:35'),
(1227, 'Fun activities', 1, '2020-10-12 08:16:35', '2020-10-12 08:16:35'),
(1232, 'রক্তের গ্রুপ', 1, '2020-10-12 11:30:24', '2020-10-12 11:30:24'),
(1235, 'Inquiry', 1, '2020-10-13 06:16:38', '2020-10-13 06:16:38'),
(1238, 'Creating question', 1, '2020-10-13 06:16:38', '2020-10-13 06:16:38'),
(1241, 'Image', 1, '2020-10-14 16:36:07', '2020-10-14 16:36:07'),
(1243, 'প্রধানমন্ত্রীর অফিসিয়াল ছবি', 1, '2020-10-15 15:02:26', '2020-10-15 15:02:26'),
(1246, 'CA', 1, '2020-10-21 10:19:43', '2020-10-21 10:19:43'),
(1249, 'ICAB Admission', 1, '2020-10-21 10:19:43', '2020-10-21 10:19:43'),
(1251, 'ICAB Admission in Bangladesh', 1, '2020-10-21 10:32:39', '2020-10-21 10:32:39'),
(1254, '#skill#impressperson#loveguru#md.adi.khan', 1, '2020-10-26 08:43:34', '2020-10-26 08:43:34'),
(1257, '#Dating#growing', 1, '2020-10-26 08:43:34', '2020-10-26 08:43:34'),
(1258, 'youtue', 1, '2020-10-27 08:53:45', '2020-10-27 08:53:45'),
(1261, 'certificate', 1, '2020-10-27 08:53:45', '2020-10-27 08:53:45'),
(1264, 'ইউটিউব', 1, '2020-10-27 08:53:45', '2020-10-27 08:53:45'),
(1267, 'সার্টিফিকেট', 1, '2020-10-27 08:53:46', '2020-10-27 08:53:46'),
(1269, 'Teaching', 1, '2020-10-28 18:24:50', '2020-10-28 18:24:50'),
(1272, 'SEL', 1, '2020-11-03 06:20:06', '2020-11-03 06:20:06'),
(1275, 'Emotion', 1, '2020-11-03 06:20:06', '2020-11-03 06:20:06'),
(1278, 'Wellbeing', 1, '2020-11-03 06:20:06', '2020-11-03 06:20:06'),
(1281, 'Student Wellbeing', 1, '2020-11-03 06:20:06', '2020-11-03 06:20:06'),
(1282, 'Online Class', 1, '2020-11-13 14:47:43', '2020-11-13 14:47:43'),
(1285, 'পৌরনীতি', 1, '2020-11-18 08:12:43', '2020-11-18 08:12:43'),
(1287, 'all bangla newspaper', 1, '2020-11-20 17:35:04', '2020-11-20 17:35:04'),
(1290, 'bangla newspaper', 1, '2020-11-20 17:35:04', '2020-11-20 17:35:04'),
(1293, 'bd news', 1, '2020-11-20 17:35:04', '2020-11-20 17:35:04'),
(1294, 'শিশু সুরক্ষা', 1, '2020-11-25 03:02:02', '2020-11-25 03:02:02'),
(1297, 'English for Media Literacy', 1, '2020-12-03 07:58:05', '2020-12-03 07:58:05'),
(1300, 'ENGLISH FOR BUSINESS AND ENTREPRENEURSHIP', 1, '2020-12-03 08:18:11', '2020-12-03 08:18:11'),
(1302, 'Quiz', 1, '2020-12-08 06:15:17', '2020-12-08 06:15:17'),
(1305, 'Competition', 1, '2020-12-08 06:15:17', '2020-12-08 06:15:17'),
(1306, 'Digital Bangladesh Day', 1, '2020-12-08 06:34:03', '2020-12-08 06:34:03'),
(1315, 'digital world day', 1, '2020-12-09 04:22:27', '2020-12-09 04:22:27'),
(1323, 'ডিজিটাল ওয়ার্ল্ড ২০২০', 1, '2020-12-09 06:32:55', '2020-12-09 06:32:55'),
(1325, 'facebook marketing course', 1, '2020-12-15 09:13:28', '2020-12-15 09:13:28'),
(1328, 'Digital marketing course', 1, '2020-12-15 09:13:28', '2020-12-15 09:13:28'),
(1331, 'ইসলাম', 1, '2020-12-16 03:36:56', '2020-12-16 03:36:56'),
(1334, 'এস এম এস', 1, '2020-12-20 06:01:46', '2020-12-20 06:01:46'),
(1335, 'ধব্যবাদ মুক্তপাঠ পরিবারকে', 1, '2020-12-22 18:51:19', '2020-12-22 18:51:19'),
(1336, 'উই থিঙ্ক ডিজিটাল', 1, '2020-12-23 11:59:08', '2020-12-23 11:59:08'),
(1339, 'We Think Digital', 1, '2020-12-23 11:59:08', '2020-12-23 11:59:08'),
(1342, 'FB', 1, '2020-12-23 14:38:22', '2020-12-23 14:38:22'),
(1347, 'BIT Stigma Test Course', 1, '2020-12-24 06:39:39', '2020-12-24 06:39:39'),
(1349, 'social', 1, '2020-12-24 10:45:37', '2020-12-24 10:45:37'),
(1351, 'HUMAN TRAFFICKING', 1, '2020-12-28 08:16:38', '2020-12-28 08:16:38'),
(1354, 'ভাসায় শুদ্ধতা', 1, '2020-12-28 08:53:15', '2020-12-28 08:53:15'),
(1357, 'ভাষায় শুদ্ধতা', 1, '2020-12-28 08:53:15', '2020-12-28 08:53:15'),
(1360, 'Smm', 1, '2020-12-29 16:14:57', '2020-12-29 16:14:57'),
(1363, 'Email Marketing', 1, '2020-12-29 16:14:57', '2020-12-29 16:14:57'),
(1366, 'Computer Master', 1, '2020-12-29 16:14:57', '2020-12-29 16:14:57'),
(1369, 'Computer repair Service', 1, '2020-12-29 16:14:57', '2020-12-29 16:14:57'),
(1371, 'সমাজ', 1, '2020-12-31 08:04:14', '2020-12-31 08:04:14'),
(1373, 'specialist', 1, '2021-01-04 07:06:47', '2021-01-04 07:06:47'),
(1376, 'doctor list', 1, '2021-01-04 07:06:47', '2021-01-04 07:06:47'),
(1379, 'doctor in dhaka', 1, '2021-01-04 07:06:47', '2021-01-04 07:06:47'),
(1382, 'best doctor', 1, '2021-01-04 07:06:47', '2021-01-04 07:06:47'),
(1385, 'clinic', 1, '2021-01-04 07:06:47', '2021-01-04 07:06:47'),
(1388, 'specialist hospital', 1, '2021-01-04 07:06:47', '2021-01-04 07:06:47'),
(1389, 'effective teaching', 1, '2021-01-24 08:59:34', '2021-01-24 08:59:34'),
(1392, 'PBL', 1, '2021-01-24 16:34:01', '2021-01-24 16:34:01'),
(1395, 'NCTB', 1, '2021-01-24 16:34:01', '2021-01-24 16:34:01'),
(1423, 'ছবি', 1, '2021-01-25 18:29:00', '2021-01-25 18:29:00'),
(1425, 'Fun learning', 1, '2021-01-27 04:14:51', '2021-01-27 04:14:51'),
(1427, 'tech', 1, '2021-01-29 14:29:04', '2021-01-29 14:29:04'),
(1429, 'Goggles', 1, '2021-02-08 09:28:48', '2021-02-08 09:28:48'),
(1432, 'গজ্ঞ', 1, '2021-02-08 10:32:03', '2021-02-08 10:32:03'),
(1435, 'zoom cloud meeting', 1, '2021-02-09 09:54:15', '2021-02-09 09:54:15'),
(1439, 'লমূব', 1, '2021-02-10 09:31:08', '2021-02-10 09:31:08'),
(1507, 'language', 1, '2021-02-18 12:35:45', '2021-02-18 12:35:45'),
(1510, 'কোরিয়ান ভাষা', 1, '2021-02-18 12:35:46', '2021-02-18 12:35:46'),
(1513, 'online course', 1, '2021-02-27 17:27:09', '2021-02-27 17:27:09'),
(1533, 'আহলান সাহলান খোশ আমদেদ মাহে রমজান', 1, '2021-04-10 16:30:47', '2021-04-10 16:30:47'),
(1536, 'খেলা', 1, '2021-04-13 10:11:49', '2021-04-13 10:11:49'),
(1537, 'নারী', 1, '2021-04-22 17:29:32', '2021-04-22 17:29:32'),
(1538, 'lockdown,', 1, '2021-04-23 09:43:24', '2021-04-23 09:43:24'),
(1539, 'social media marketing', 1, '2021-04-29 21:10:26', '2021-04-29 21:10:26'),
(1541, 'Brave', 1, '2021-05-03 19:14:40', '2021-05-03 19:14:40'),
(1544, 'NAPE', 1, '2021-05-11 04:12:37', '2021-05-11 04:12:37'),
(1547, 'কর্মসহায়ক গবেষণা', 1, '2021-05-11 04:12:37', '2021-05-11 04:12:37'),
(1548, 'শিক্ষায় গবেষণা', 1, '2021-05-12 04:18:17', '2021-05-12 04:18:17'),
(1551, 'Newsportal24', 1, '2021-05-20 10:17:51', '2021-05-20 10:17:51'),
(1554, 'Ashik', 1, '2021-05-24 09:54:34', '2021-05-24 09:54:34'),
(1556, 'GBL', 1, '2021-06-01 08:55:36', '2021-06-01 08:55:36'),
(1559, 'Fun and easy game', 1, '2021-06-01 08:55:36', '2021-06-01 08:55:36'),
(1562, 'New workshop', 1, '2021-06-01 08:55:36', '2021-06-01 08:55:36'),
(1565, 'Plan.', 1, '2021-06-01 14:15:10', '2021-06-01 14:15:10'),
(1573, 'Islam', 1, '2021-06-08 05:58:35', '2021-06-08 05:58:35'),
(1576, 'Muslim', 1, '2021-06-08 05:58:35', '2021-06-08 05:58:35'),
(1579, 'Makka', 1, '2021-06-08 05:58:35', '2021-06-08 05:58:35'),
(1582, 'Salat', 1, '2021-06-08 05:58:35', '2021-06-08 05:58:35'),
(1585, 'Roja', 1, '2021-06-08 05:58:35', '2021-06-08 05:58:35'),
(1588, 'Hajj', 1, '2021-06-08 05:58:35', '2021-06-08 05:58:35'),
(1591, 'Zakat', 1, '2021-06-08 05:58:35', '2021-06-08 05:58:35'),
(1594, 'Shahada', 1, '2021-06-08 05:58:35', '2021-06-08 05:58:35'),
(1596, 'Md Jonayed', 1, '2021-06-09 04:18:59', '2021-06-09 04:18:59'),
(1597, 'Passport', 1, '2021-06-22 11:24:48', '2021-06-22 11:24:48'),
(1600, 'E Passport', 1, '2021-06-22 11:24:48', '2021-06-22 11:24:48'),
(1603, 'পাসপোর্ট', 1, '2021-06-22 11:24:48', '2021-06-22 11:24:48'),
(1606, 'ই-পাসপোর্ট', 1, '2021-06-22 11:24:48', '2021-06-22 11:24:48'),
(1609, 'পাসপোর্ট বাংলাদেশ', 1, '2021-06-22 11:24:48', '2021-06-22 11:24:48'),
(1612, 'পাসপোর্ট ফি', 1, '2021-06-22 11:24:48', '2021-06-22 11:24:48'),
(1615, 'অনলাইন থেকে বই ডাউনলোড', 1, '2021-07-05 15:38:46', '2021-07-05 15:38:46'),
(1617, 'রোজা, সুস্থতা # স্বাস্থ্য', 1, '2021-07-06 07:04:29', '2021-07-06 07:04:29'),
(1619, 'UEFA  EURO  2020', 1, '2021-07-11 22:41:12', '2021-07-11 22:41:12'),
(1622, 'TESOL METHODOLOGY', 1, '2021-07-18 07:05:31', '2021-07-18 07:05:31'),
(1624, 'ENGLISH FOR SCIENCE', 1, '2021-07-18 07:12:50', '2021-07-18 07:12:50'),
(1627, ' TECHNOLOGY', 1, '2021-07-18 07:12:50', '2021-07-18 07:12:50'),
(1630, ' AND MATHEMATICS (STEM)', 1, '2021-07-18 07:12:50', '2021-07-18 07:12:50'),
(1632, 'PROFESSIONAL DEVELOPMENT FOR TEACHER TRAINERS', 1, '2021-07-18 07:20:46', '2021-07-18 07:20:46'),
(1635, 'Using Educational Technology in the English Language Classroom', 1, '2021-07-18 08:13:36', '2021-07-18 08:13:36'),
(1638, 'Greetings', 1, '2021-07-19 17:56:47', '2021-07-19 17:56:47'),
(1640, 'mountain concept', 1, '2021-07-26 06:53:21', '2021-07-26 06:53:21'),
(1643, 'electricity', 1, '2021-08-03 14:25:37', '2021-08-03 14:25:37'),
(1644, 'রাজনীতি', 1, '2021-08-04 14:29:46', '2021-08-04 14:29:46'),
(1647, 'astronomy', 1, '2021-08-08 18:20:59', '2021-08-08 18:20:59'),
(1650, 'space education', 1, '2021-08-08 18:20:59', '2021-08-08 18:20:59'),
(1653, 'hygine', 1, '2021-08-16 12:25:38', '2021-08-16 12:25:38'),
(1654, 'কোভিড-পরবর্তী শিক্ষার ক্ষতি পুষিয়ে নিতে যে পদক্ষেপ গ্রহণ করা যেতে পারে', 1, '2021-08-20 14:30:43', '2021-08-20 14:30:43'),
(1655, 'স্কাউটিং', 1, '2021-08-24 08:34:49', '2021-08-24 08:34:49'),
(1656, 'Microsoft', 1, '2021-08-28 14:57:52', '2021-08-28 14:57:52'),
(1657, 'Azure', 1, '2021-08-29 03:21:13', '2021-08-29 03:21:13'),
(1660, 'Cloud Computing', 1, '2021-08-29 03:21:13', '2021-08-29 03:21:13'),
(1674, 'Cloud Compting', 1, '2021-08-29 03:22:10', '2021-08-29 03:22:10'),
(1677, 'Modern Workplace', 1, '2021-08-29 04:05:44', '2021-08-29 04:05:44'),
(1680, 'Office 356', 1, '2021-08-29 04:05:44', '2021-08-29 04:05:44'),
(1711, 'সাহিত্য', 1, '2021-08-29 13:36:13', '2021-08-29 13:36:13'),
(1714, '8. Aug- Online Assessment & Feedback: Using Google forms & sheets', 1, '2021-09-01 09:06:46', '2021-09-01 09:06:46'),
(1717, 'google sheet', 1, '2021-09-01 09:06:46', '2021-09-01 09:06:46'),
(1720, 'google form', 1, '2021-09-01 09:06:46', '2021-09-01 09:06:46'),
(1723, 'Digital course', 1, '2021-09-01 09:06:46', '2021-09-01 09:06:46'),
(1725, 'ফাউন্ডেশন কোর্স অন মিউজিক', 1, '2021-09-13 08:17:21', '2021-09-13 08:17:21'),
(1727, 'ফ্রিল্যান্স লেখক', 1, '2021-09-13 12:21:11', '2021-09-13 12:21:11'),
(1728, 'Rice filed', 1, '2021-09-13 15:28:06', '2021-09-13 15:28:06'),
(1729, 'Social emotional learning', 1, '2021-09-19 07:41:20', '2021-09-19 07:41:20'),
(1732, 'Relation', 1, '2021-09-19 07:41:20', '2021-09-19 07:41:20'),
(1735, 'teachers students realtion', 1, '2021-09-19 07:41:20', '2021-09-19 07:41:20'),
(1736, 'success', 1, '2021-09-20 06:23:59', '2021-09-20 06:23:59'),
(1738, 'Knowledge', 1, '2021-09-22 06:52:56', '2021-09-22 06:52:56'),
(1741, 'নৌকা ভ্রমন', 1, '2021-09-24 03:49:31', '2021-09-24 03:49:31'),
(1742, 'Grameenphone Explorers', 1, '2021-09-26 07:33:18', '2021-09-26 07:33:18'),
(1745, 'Professional Communication', 1, '2021-09-26 07:33:18', '2021-09-26 07:33:18'),
(1746, 'Einglish for Business', 1, '2021-09-26 11:26:56', '2021-09-26 11:26:56'),
(1749, 'Covid-19 Efficetive Nursing in Times', 1, '2021-09-26 11:26:56', '2021-09-26 11:26:56'),
(1751, 'General', 1, '2021-09-29 19:31:53', '2021-09-29 19:31:53'),
(1754, 'শিক্ষক বাতায়ন', 1, '2021-10-05 15:20:41', '2021-10-05 15:20:41'),
(1757, 'Test', 1, '2021-10-28 09:29:29', '2021-10-28 09:29:29'),
(1758, 'Digital Financial Literacy', 1, '2021-11-02 06:23:27', '2021-11-02 06:23:27'),
(1760, 'শিক্ষা ব্যবস্থা', 1, '2021-11-17 12:10:30', '2021-11-17 12:10:30'),
(1763, 'সাদাফ আমিন', 1, '2021-11-22 12:40:38', '2021-11-22 12:40:38'),
(1764, 'খুলনা বিভাগীয় ICT4E জেলা অ্যাম্বাসেডর (প্রাথমিক) কর্তৃক আয়োজিত শিক্ষক মিলন মেলা-২০২১,', 1, '2021-11-30 11:36:35', '2021-11-30 11:36:35'),
(1767, 'শিক্ষক মিলন মেলা-২০২১,', 1, '2021-11-30 11:36:35', '2021-11-30 11:36:35'),
(1770, 'খুলনা বিভাগীয় ICT4E জেলা অ্যাম্বাসেডর,', 1, '2021-11-30 11:36:35', '2021-11-30 11:36:35'),
(1771, 'Reactjs', NULL, '2022-09-06 08:53:29', '2022-09-06 08:53:29'),
(1772, 'Vuejs', NULL, '2022-09-06 08:53:29', '2022-09-06 08:53:29'),
(1773, 'Nodejs', NULL, '2022-09-06 08:53:29', '2022-09-06 08:53:29'),
(1774, 'Orangejs', NULL, '2022-09-06 08:53:29', '2022-09-06 08:53:29'),
(1775, 'Android', NULL, '2022-09-19 09:14:22', '2022-09-19 09:14:22');

-- --------------------------------------------------------

--
-- Table structure for table `training_participant_types`
--

CREATE TABLE `training_participant_types` (
  `id` bigint(20) UNSIGNED NOT NULL,
  `bn_title` varchar(255) COLLATE utf8_unicode_ci NOT NULL,
  `en_title` varchar(255) COLLATE utf8_unicode_ci NOT NULL,
  `created_at` timestamp NULL DEFAULT NULL,
  `updated_at` timestamp NULL DEFAULT NULL
) ENGINE=InnoDB DEFAULT CHARSET=utf8 COLLATE=utf8_unicode_ci;

--
-- Dumping data for table `training_participant_types`
--

INSERT INTO `training_participant_types` (`id`, `bn_title`, `en_title`, `created_at`, `updated_at`) VALUES
(1, 'ডিরেক্টর', 'Director', NULL, NULL),
(2, 'প্রধান অতিথি', 'Cheif Guest', NULL, NULL),
(3, 'পরামর্শক', 'Advisor', NULL, NULL),
(4, 'শিক্ষক', 'Teacher', NULL, NULL);

-- --------------------------------------------------------

--
-- Table structure for table `working_fields`
--

CREATE TABLE `working_fields` (
  `id` int(10) UNSIGNED NOT NULL,
  `title` varchar(255) COLLATE utf8_unicode_ci NOT NULL,
  `bn_title` varchar(255) COLLATE utf8_unicode_ci NOT NULL,
  `status` varchar(255) COLLATE utf8_unicode_ci DEFAULT NULL,
  `order_number` int(11) DEFAULT NULL,
  `profession_id` int(10) UNSIGNED DEFAULT NULL,
  `created_by` int(10) UNSIGNED DEFAULT NULL,
  `updated_by` int(10) UNSIGNED DEFAULT NULL,
  `created_at` timestamp NULL DEFAULT NULL,
  `updated_at` timestamp NULL DEFAULT NULL
) ENGINE=InnoDB DEFAULT CHARSET=utf8 COLLATE=utf8_unicode_ci;

--
-- Dumping data for table `working_fields`
--

INSERT INTO `working_fields` (`id`, `title`, `bn_title`, `status`, `order_number`, `profession_id`, `created_by`, `updated_by`, `created_at`, `updated_at`) VALUES
(1, 'Software Engineer', '', '1', NULL, 15, 1, 1, NULL, NULL);

--
-- Indexes for dumped tables
--

--
-- Indexes for table `advertisements`
--
ALTER TABLE `advertisements`
  ADD PRIMARY KEY (`id`);

--
-- Indexes for table `categories`
--
ALTER TABLE `categories`
  ADD PRIMARY KEY (`id`),
  ADD KEY `course_categories_parent_id_foreign` (`parent_id`),
  ADD KEY `course_categories_created_by_foreign` (`created_by`),
  ADD KEY `course_categories_updated_by_foreign` (`updated_by`);

--
-- Indexes for table `course_tags`
--
ALTER TABLE `course_tags`
  ADD PRIMARY KEY (`id`),
  ADD KEY `course_tags_tag_id_foreign` (`tag_id`);

--
-- Indexes for table `customer_packages`
--
ALTER TABLE `customer_packages`
  ADD PRIMARY KEY (`id`);

--
-- Indexes for table `degrees`
--
ALTER TABLE `degrees`
  ADD PRIMARY KEY (`id`),
  ADD KEY `degrees_education_level_id_foreign` (`education_level_id`),
  ADD KEY `degrees_created_by_foreign` (`created_by`),
  ADD KEY `degrees_updated_by_foreign` (`updated_by`);

--
-- Indexes for table `disability_types`
--
ALTER TABLE `disability_types`
  ADD PRIMARY KEY (`id`);

--
-- Indexes for table `districts`
--
ALTER TABLE `districts`
  ADD PRIMARY KEY (`id`),
  ADD KEY `districts_division_id_foreign` (`division_id`),
  ADD KEY `districts_created_by_foreign` (`created_by`),
  ADD KEY `districts_updated_by_foreign` (`updated_by`);

--
-- Indexes for table `divisions`
--
ALTER TABLE `divisions`
  ADD PRIMARY KEY (`id`),
  ADD KEY `divisions_created_by_foreign` (`created_by`),
  ADD KEY `divisions_updated_by_foreign` (`updated_by`);

--
-- Indexes for table `education_levels`
--
ALTER TABLE `education_levels`
  ADD PRIMARY KEY (`id`),
  ADD KEY `education_levels_created_by_foreign` (`created_by`),
  ADD KEY `education_levels_updated_by_foreign` (`updated_by`);

--
-- Indexes for table `edu_sub_levels`
--
ALTER TABLE `edu_sub_levels`
  ADD PRIMARY KEY (`id`);

--
-- Indexes for table `geo_upazilas`
--
ALTER TABLE `geo_upazilas`
  ADD PRIMARY KEY (`id`),
  ADD KEY `district_key_id` (`geo_district_id`);

--
-- Indexes for table `languages`
--
ALTER TABLE `languages`
  ADD PRIMARY KEY (`id`);

--
-- Indexes for table `lang_values`
--
ALTER TABLE `lang_values`
  ADD PRIMARY KEY (`id`),
  ADD UNIQUE KEY `universal` (`language_id`,`universal`) USING BTREE;

--
-- Indexes for table `migrations`
--
ALTER TABLE `migrations`
  ADD PRIMARY KEY (`id`);

--
-- Indexes for table `muktopaath`
--
ALTER TABLE `muktopaath`
  ADD PRIMARY KEY (`id`);

--
-- Indexes for table `packages`
--
ALTER TABLE `packages`
  ADD PRIMARY KEY (`id`),
  ADD KEY `packages_product_id_foreign` (`product_id`);

--
-- Indexes for table `package_bills`
--
ALTER TABLE `package_bills`
  ADD PRIMARY KEY (`id`),
  ADD KEY `package_bills_package_id_foreign` (`package_id`);

--
-- Indexes for table `products`
--
ALTER TABLE `products`
  ADD PRIMARY KEY (`id`);

--
-- Indexes for table `professions`
--
ALTER TABLE `professions`
  ADD PRIMARY KEY (`id`),
  ADD KEY `profession_created_by_foreign` (`created_by`),
  ADD KEY `profession_updated_by_foreign` (`updated_by`);

--
-- Indexes for table `sliders`
--
ALTER TABLE `sliders`
  ADD PRIMARY KEY (`id`);

--
-- Indexes for table `tags`
--
ALTER TABLE `tags`
  ADD PRIMARY KEY (`id`),
  ADD UNIQUE KEY `tags_title_unique` (`title`);

--
-- Indexes for table `training_participant_types`
--
ALTER TABLE `training_participant_types`
  ADD PRIMARY KEY (`id`);

--
-- Indexes for table `working_fields`
--
ALTER TABLE `working_fields`
  ADD PRIMARY KEY (`id`),
  ADD KEY `working_fields_profession_id_foreign` (`profession_id`);

--
-- AUTO_INCREMENT for dumped tables
--

--
-- AUTO_INCREMENT for table `advertisements`
--
ALTER TABLE `advertisements`
  MODIFY `id` bigint(20) UNSIGNED NOT NULL AUTO_INCREMENT, AUTO_INCREMENT=61;

--
-- AUTO_INCREMENT for table `categories`
--
ALTER TABLE `categories`
  MODIFY `id` int(10) UNSIGNED NOT NULL AUTO_INCREMENT, AUTO_INCREMENT=15;

--
-- AUTO_INCREMENT for table `course_tags`
--
ALTER TABLE `course_tags`
  MODIFY `id` int(10) UNSIGNED NOT NULL AUTO_INCREMENT, AUTO_INCREMENT=3;

--
-- AUTO_INCREMENT for table `customer_packages`
--
ALTER TABLE `customer_packages`
  MODIFY `id` bigint(20) UNSIGNED NOT NULL AUTO_INCREMENT, AUTO_INCREMENT=3;

--
-- AUTO_INCREMENT for table `degrees`
--
ALTER TABLE `degrees`
  MODIFY `id` int(10) UNSIGNED NOT NULL AUTO_INCREMENT, AUTO_INCREMENT=80;

--
-- AUTO_INCREMENT for table `disability_types`
--
ALTER TABLE `disability_types`
  MODIFY `id` bigint(20) UNSIGNED NOT NULL AUTO_INCREMENT, AUTO_INCREMENT=13;

--
-- AUTO_INCREMENT for table `districts`
--
ALTER TABLE `districts`
  MODIFY `id` int(10) UNSIGNED NOT NULL AUTO_INCREMENT, AUTO_INCREMENT=65;

--
-- AUTO_INCREMENT for table `divisions`
--
ALTER TABLE `divisions`
  MODIFY `id` int(10) UNSIGNED NOT NULL AUTO_INCREMENT, AUTO_INCREMENT=10;

--
-- AUTO_INCREMENT for table `education_levels`
--
ALTER TABLE `education_levels`
  MODIFY `id` int(10) UNSIGNED NOT NULL AUTO_INCREMENT, AUTO_INCREMENT=10;

--
-- AUTO_INCREMENT for table `edu_sub_levels`
--
ALTER TABLE `edu_sub_levels`
  MODIFY `id` int(10) UNSIGNED NOT NULL AUTO_INCREMENT, AUTO_INCREMENT=6;

--
-- AUTO_INCREMENT for table `geo_upazilas`
--
ALTER TABLE `geo_upazilas`
  MODIFY `id` int(11) NOT NULL AUTO_INCREMENT, AUTO_INCREMENT=575;

--
-- AUTO_INCREMENT for table `languages`
--
ALTER TABLE `languages`
  MODIFY `id` bigint(20) UNSIGNED NOT NULL AUTO_INCREMENT, AUTO_INCREMENT=4;

--
-- AUTO_INCREMENT for table `lang_values`
--
ALTER TABLE `lang_values`
  MODIFY `id` bigint(20) UNSIGNED NOT NULL AUTO_INCREMENT, AUTO_INCREMENT=2060;

--
-- AUTO_INCREMENT for table `migrations`
--
ALTER TABLE `migrations`
  MODIFY `id` int(10) UNSIGNED NOT NULL AUTO_INCREMENT, AUTO_INCREMENT=8;

--
-- AUTO_INCREMENT for table `muktopaath`
--
ALTER TABLE `muktopaath`
  MODIFY `id` int(11) NOT NULL AUTO_INCREMENT, AUTO_INCREMENT=3;

--
-- AUTO_INCREMENT for table `packages`
--
ALTER TABLE `packages`
  MODIFY `id` bigint(20) UNSIGNED NOT NULL AUTO_INCREMENT, AUTO_INCREMENT=4;

--
-- AUTO_INCREMENT for table `package_bills`
--
ALTER TABLE `package_bills`
  MODIFY `id` bigint(20) UNSIGNED NOT NULL AUTO_INCREMENT, AUTO_INCREMENT=3;

--
-- AUTO_INCREMENT for table `products`
--
ALTER TABLE `products`
  MODIFY `id` bigint(20) UNSIGNED NOT NULL AUTO_INCREMENT, AUTO_INCREMENT=19;

--
-- AUTO_INCREMENT for table `professions`
--
ALTER TABLE `professions`
  MODIFY `id` int(10) UNSIGNED NOT NULL AUTO_INCREMENT, AUTO_INCREMENT=25;

--
-- AUTO_INCREMENT for table `sliders`
--
ALTER TABLE `sliders`
  MODIFY `id` int(10) UNSIGNED NOT NULL AUTO_INCREMENT, AUTO_INCREMENT=6;

--
-- AUTO_INCREMENT for table `tags`
--
ALTER TABLE `tags`
  MODIFY `id` int(10) UNSIGNED NOT NULL AUTO_INCREMENT, AUTO_INCREMENT=1776;

--
-- AUTO_INCREMENT for table `training_participant_types`
--
ALTER TABLE `training_participant_types`
  MODIFY `id` bigint(20) UNSIGNED NOT NULL AUTO_INCREMENT, AUTO_INCREMENT=5;

--
-- AUTO_INCREMENT for table `working_fields`
--
ALTER TABLE `working_fields`
  MODIFY `id` int(10) UNSIGNED NOT NULL AUTO_INCREMENT, AUTO_INCREMENT=2;

--
-- Constraints for dumped tables
--

--
-- Constraints for table `lang_values`
--
ALTER TABLE `lang_values`
  ADD CONSTRAINT `lang_values_language_id_foreign` FOREIGN KEY (`language_id`) REFERENCES `languages` (`id`) ON DELETE CASCADE ON UPDATE CASCADE;

--
-- Constraints for table `packages`
--
ALTER TABLE `packages`
  ADD CONSTRAINT `packages_product_id_foreign` FOREIGN KEY (`product_id`) REFERENCES `products` (`id`);

--
-- Constraints for table `package_bills`
--
ALTER TABLE `package_bills`
  ADD CONSTRAINT `package_bills_package_id_foreign` FOREIGN KEY (`package_id`) REFERENCES `packages` (`id`);

--
-- Constraints for table `working_fields`
--
ALTER TABLE `working_fields`
  ADD CONSTRAINT `working_fields_profession_id_foreign` FOREIGN KEY (`profession_id`) REFERENCES `professions` (`id`) ON DELETE SET NULL ON UPDATE CASCADE;
COMMIT;

/*!40101 SET CHARACTER_SET_CLIENT=@OLD_CHARACTER_SET_CLIENT */;
/*!40101 SET CHARACTER_SET_RESULTS=@OLD_CHARACTER_SET_RESULTS */;
/*!40101 SET COLLATION_CONNECTION=@OLD_COLLATION_CONNECTION */;
